Date,HomeTeam,AwayTeam,Home_Rk,Home_Pts_MP,Home_GD,Home_H_Pts_MP,Home_Gls,Home_GA,Away_Rk,Away_Pts_MP,Away_GD,Away_A_Pts_MP,Away_Gls,Away_GA,Home_SoT_MP,Away_SoT_MP,Home_SoT_Conceded_MP,Away_SoT_Conceded_MP,Home_Corners_MP,Away_Corners_MP,Home_Cards_MP,Away_Cards_MP,Home_Conversion,Away_Conversion,Home_Strength,Away_Strength,Strength_Diff,Rank_Gap,Strength_Ratio,Is_Close_Match,Home_Form_Pts,Home_Form_GF,Home_Form_GA,Home_Form_SoT,Home_Form_SoT_C,Away_Form_Pts,Away_Form_GF,Away_Form_GA,Away_Form_SoT,Away_Form_SoT_C,Form_Diff,Result
2021-09-11,Levante,Vallecano,13,0.6666666666666666,-0.3333333333333333,1.0,1.3333333333333333,1.6666666666666667,10,1.0,0.0,0.0,1.3333333333333333,1.3333333333333333,2.3333333333333335,3.3333333333333335,3.0,6.333333333333333,3.3333333333333335,3.0,3.3333333333333335,2.0,0.5714285714285714,0.4,0.5,0.7666666666666666,-0.2666666666666666,-3,0.6521739130434783,0,2,4,5,7,9,3,4,4,10,19,-1,D
2021-09-11,Ath Bilbao,Mallorca,9,1.6666666666666667,0.3333333333333333,1.0,0.6666666666666666,0.3333333333333333,6,2.3333333333333335,0.6666666666666666,3.0,1.0,0.3333333333333333,4.0,3.3333333333333335,1.6666666666666667,2.6666666666666665,8.333333333333334,5.0,1.3333333333333333,2.6666666666666665,0.16666666666666666,0.3,1.0666666666666667,1.5666666666666667,-0.5,-3,0.6808510638297872,0,5,2,1,12,5,7,3,1,10,8,-2,H
2021-09-12,Espanol,Ath Madrid,16,0.6666666666666666,-0.3333333333333333,1.0,0.0,0.3333333333333333,6,2.3333333333333335,0.6666666666666666,3.0,1.6666666666666667,1.0,3.0,4.333333333333333,3.0,2.0,5.666666666666667,7.666666666666667,3.3333333333333335,4.0,0.0,0.38461538461538464,0.23333333333333334,1.7000000000000002,-1.4666666666666668,-10,0.1372549019607843,0,2,0,1,9,9,7,5,3,13,6,-5,A
2021-09-12,Osasuna,Valencia,9,1.6666666666666667,0.3333333333333333,1.0,1.0,0.6666666666666666,4,2.3333333333333335,1.3333333333333333,1.0,1.6666666666666667,0.3333333333333333,4.0,4.333333333333333,2.0,3.0,5.333333333333333,3.6666666666666665,2.3333333333333335,3.3333333333333335,0.25,0.38461538461538464,1.1333333333333333,1.9,-0.7666666666666666,-5,0.5964912280701754,0,5,3,2,12,6,7,5,1,13,9,-2,A
2021-09-12,Cadiz,Sociedad,13,0.6666666666666666,-0.3333333333333333,0.5,1.3333333333333333,1.6666666666666667,8,2.0,0.0,0.0,1.3333333333333333,1.3333333333333333,2.6666666666666665,4.333333333333333,4.666666666666667,3.0,3.6666666666666665,3.3333333333333335,1.6666666666666667,2.6666666666666665,0.5,0.3076923076923077,0.5,1.2666666666666666,-0.7666666666666666,-5,0.39473684210526316,0,2,4,5,8,14,6,4,4,13,9,-4,A
2021-09-12,Real Madrid,Celta,5,2.3333333333333335,1.3333333333333333,0.0,2.6666666666666665,1.3333333333333333,18,0.3333333333333333,-0.6666666666666666,1.0,0.3333333333333333,1.0,5.0,0.6666666666666666,4.666666666666667,4.333333333333333,5.666666666666667,3.0,2.3333333333333335,3.3333333333333335,0.5333333333333333,0.5,2.1,0.03333333333333334,2.066666666666667,13,21.0,0,7,8,4,15,14,1,1,3,2,13,6,H
2021-09-13,Getafe,Elche,25,0.0,-1.0,0.0,0.3333333333333333,1.3333333333333333,14,0.6666666666666666,-0.3333333333333333,0.0,0.3333333333333333,0.6666666666666666,2.3333333333333335,2.6666666666666665,2.6666666666666665,4.0,5.333333333333333,4.0,2.3333333333333335,2.0,0.14285714285714285,0.125,-0.23333333333333334,0.3,-0.5333333333333333,-11,-0.7777777777777778,0,0,1,4,7,8,2,1,2,8,12,-2,A
2021-09-13,Granada,Betis,17,0.6666666666666666,-1.3333333333333333,1.0,0.3333333333333333,1.6666666666666667,14,0.6666666666666666,-0.3333333333333333,1.0,0.6666666666666666,1.0,2.0,4.666666666666667,5.666666666666667,2.6666666666666665,3.3333333333333335,3.3333333333333335,3.0,4.0,0.16666666666666666,0.14285714285714285,1.3877787807814457e-17,0.3666666666666667,-0.3666666666666667,-3,3.7848512203130334e-17,0,2,1,5,6,17,2,2,3,14,8,0,A
2021-09-17,Celta,Cadiz,18,0.25,-1.25,0.0,0.75,2.0,16,0.5,-0.75,1.0,1.0,1.75,1.5,2.25,6.0,4.5,3.0,3.25,3.25,2.5,0.5,0.4444444444444444,-0.09999999999999998,0.22500000000000003,-0.325,-2,-0.44444444444444425,0,1,3,8,6,24,2,4,7,9,18,-1,A
2021-09-18,Vallecano,Getafe,13,1.0,0.0,3.0,1.25,1.25,25,0.0,-1.0,0.0,0.25,1.25,4.0,2.0,5.25,2.75,3.5,6.0,2.5,2.25,0.3125,0.125,0.75,-0.25,1.0,12,7.5,0,4,5,5,16,21,0,1,5,8,11,4,H
2021-09-18,Ath Madrid,Ath Bilbao,3,2.5,0.75,2.0,1.75,1.0,5,2.0,0.75,2.0,1.0,0.25,4.0,4.25,2.25,1.5,6.5,8.0,4.0,1.25,0.4375,0.23529411764705882,1.8250000000000002,1.425,0.40000000000000013,2,1.280701754385965,0,10,7,4,16,9,8,4,1,17,6,2,D
2021-09-18,Elche,Levante,11,1.25,0.0,1.0,0.5,0.5,15,0.75,-0.25,0.5,1.25,1.5,2.75,2.25,3.25,3.75,3.5,3.0,2.25,3.25,0.18181818181818182,0.5555555555555556,0.725,0.55,0.17499999999999993,4,1.3181818181818181,1,5,2,2,11,13,3,5,6,9,15,2,D
2021-09-18,Alaves,Osasuna,25,0.0,-2.3333333333333335,0.0,0.3333333333333333,2.6666666666666665,13,1.25,-0.5,3.0,1.0,1.5,3.6666666666666665,3.5,4.333333333333333,2.5,1.6666666666666667,5.0,3.0,2.75,0.09090909090909091,0.2857142857142857,-0.6333333333333334,0.675,-1.3083333333333336,-12,-0.9382716049382717,0,0,1,8,11,13,5,4,6,14,10,-5,A
2021-09-19,Mallorca,Villarreal,10,1.75,0.0,2.0,0.75,0.75,15,1.0,0.0,1.0,0.6666666666666666,0.6666666666666666,2.75,2.6666666666666665,3.25,3.0,4.25,4.333333333333333,2.5,4.0,0.2727272727272727,0.25,1.025,0.6333333333333333,0.3916666666666666,5,1.618421052631579,0,7,3,3,11,13,3,2,2,8,9,4,D
2021-09-19,Sociedad,Sevilla,5,2.25,0.5,3.0,1.5,1.0,8,2.3333333333333335,1.3333333333333333,2.0,1.6666666666666667,0.3333333333333333,4.25,5.333333333333333,2.5,2.3333333333333335,4.5,3.6666666666666665,2.0,1.0,0.35294117647058826,0.3125,1.575,1.9,-0.32499999999999996,3,0.8289473684210527,0,9,6,4,17,10,7,5,1,16,7,2,D
2021-09-19,Betis,Espanol,12,1.25,0.0,0.5,1.0,1.0,16,0.5,-0.5,0.5,0.25,0.75,5.75,3.0,2.5,3.0,4.5,5.75,3.5,2.75,0.17391304347826086,0.08333333333333333,0.825,0.15000000000000002,0.6749999999999999,4,5.499999999999999,0,5,4,4,23,10,2,1,3,12,12,3,D
2021-09-19,Valencia,Real Madrid,3,2.5,1.75,3.0,2.25,0.5,2,2.5,1.75,2.3333333333333335,3.25,1.5,4.25,6.5,2.75,4.5,3.75,6.0,3.0,2.25,0.5294117647058824,0.5,2.225,2.425,-0.19999999999999973,-1,0.9175257731958764,1,10,9,2,17,11,10,13,6,26,18,0,A
2021-09-20,Barcelona,Granada,10,2.3333333333333335,1.0,3.0,2.3333333333333335,1.3333333333333333,17,0.5,-1.25,0.5,0.5,1.75,4.666666666666667,2.0,4.333333333333333,6.5,3.3333333333333335,4.0,2.6666666666666665,2.5,0.5,0.25,1.9333333333333336,-0.024999999999999994,1.9583333333333335,7,19.333333333333336,0,7,7,4,14,13,2,2,7,8,26,5,D
2021-09-21,Getafe,Ath Madrid,25,0.0,-1.4,0.0,0.2,1.6,2,2.2,0.6,3.0,1.4,0.8,2.2,3.6,3.2,1.8,5.4,6.2,3.2,4.6,0.09090909090909091,0.3888888888888889,-0.38,1.56,-1.94,-23,-0.24358974358974358,0,0,1,8,11,16,11,7,4,18,9,-11,A
2021-09-21,Ath Bilbao,Vallecano,5,1.8,0.6,2.0,0.8,0.2,10,1.4,0.6,0.3333333333333333,1.6,1.0,3.4,4.2,1.6,4.8,7.4,3.8,1.4,3.2,0.23529411764705882,0.38095238095238093,1.2400000000000002,1.2,0.04000000000000026,5,1.0333333333333337,1,9,4,1,17,8,7,8,5,21,24,2,A
2021-09-21,Levante,Celta,15,0.8,-0.2,1.0,1.2,1.4,18,0.2,-1.2,0.5,0.8,2.0,3.0,2.0,3.4,5.4,3.8,3.8,3.0,3.2,0.4,0.4,0.5800000000000001,-0.09999999999999998,0.68,3,5.800000000000001,0,4,6,7,15,17,1,4,10,10,27,3,A
2021-09-22,Real Madrid,Mallorca,2,2.6,1.6,3.0,3.0,1.4,10,1.6,0.0,1.5,0.6,0.6,7.2,2.4,4.4,3.2,5.8,4.0,2.8,2.4,0.4166666666666667,0.25,2.38,0.92,1.46,8,2.5869565217391304,0,13,15,7,36,22,8,3,3,12,16,5,H
2021-09-22,Villarreal,Elche,14,1.0,0.0,1.0,0.5,0.5,12,1.2,0.0,1.5,0.6,0.6,2.75,2.6,2.5,3.8,3.5,3.6,3.75,2.2,0.18181818181818182,0.23076923076923078,0.6,0.72,-0.12,-2,0.8333333333333334,1,4,2,2,11,10,6,3,3,13,19,-2,H
2021-09-22,Espanol,Alaves,17,0.6,-0.4,0.5,0.6,1.0,26,0.0,-2.25,0.0,0.25,2.5,3.2,3.5,4.2,4.5,5.4,1.75,3.0,3.25,0.1875,0.07142857142857142,0.3,-0.6249999999999999,0.9249999999999998,9,2.9999999999999996,0,3,3,5,16,21,0,1,10,14,18,3,H
2021-09-22,Sevilla,Valencia,7,2.0,1.0,3.0,1.25,0.25,3,2.0,1.2,2.0,2.0,0.8,5.0,4.2,2.75,4.2,4.25,3.4,1.5,2.6,0.25,0.47619047619047616,1.55,1.7599999999999998,-0.20999999999999974,-4,0.8806818181818183,1,8,5,1,20,11,10,10,4,21,21,-2,H
2021-09-23,Osasuna,Betis,9,1.6,0.0,0.6666666666666666,1.2,1.2,12,1.2,0.0,2.0,1.2,1.2,3.8,6.4,2.6,2.8,5.6,5.6,2.8,3.8,0.3157894736842105,0.1875,1.04,0.84,0.20000000000000007,3,1.2380952380952381,1,8,6,6,19,13,6,6,6,32,14,2,A
2021-09-23,Cadiz,Barcelona,15,1.0,-0.4,0.3333333333333333,1.2,1.6,9,2.0,0.75,1.0,2.0,1.25,2.4,5.0,4.4,3.75,2.8,5.5,2.6,2.75,0.5,0.4,0.62,1.625,-1.005,-6,0.38153846153846155,0,5,6,8,12,22,8,8,5,20,15,-3,D
2021-09-23,Granada,Sociedad,18,0.6,-1.0,0.5,0.6,1.6,6,2.0,0.4,1.5,1.2,0.8,2.0,4.2,6.4,2.8,4.0,4.6,3.2,2.0,0.3,0.2857142857142857,0.12,1.36,-1.2400000000000002,-12,0.08823529411764705,0,3,3,8,10,32,10,6,4,21,14,-7,A
2021-09-25,Alaves,Ath Madrid,26,0.0,-2.0,0.0,0.2,2.2,2,2.3333333333333335,0.6666666666666666,3.0,1.5,0.8333333333333334,3.2,3.6666666666666665,4.0,1.8333333333333333,3.0,6.0,2.8,4.666666666666667,0.0625,0.4090909090909091,-0.5599999999999999,1.6666666666666667,-2.2266666666666666,-24,-0.33599999999999997,0,0,1,11,16,20,11,7,4,18,9,-11,H
2021-09-25,Valencia,Ath Bilbao,5,1.6666666666666667,0.6666666666666666,2.0,1.8333333333333333,1.1666666666666667,9,1.5,0.3333333333333333,1.6666666666666667,0.8333333333333334,0.5,4.0,3.0,4.333333333333333,1.8333333333333333,3.5,6.5,2.6666666666666665,1.6666666666666667,0.4583333333333333,0.2777777777777778,1.4000000000000001,1.0166666666666666,0.3833333333333335,4,1.377049180327869,0,7,10,7,22,22,8,5,3,15,9,-1,D
2021-09-25,Sevilla,Espanol,4,2.2,1.2,3.0,1.6,0.4,13,1.0,-0.16666666666666666,0.6666666666666666,0.6666666666666666,0.8333333333333334,5.0,3.0,2.8,3.8333333333333335,3.6,5.166666666666667,2.2,2.8333333333333335,0.32,0.2222222222222222,1.78,0.5833333333333334,1.1966666666666668,9,3.051428571428571,0,11,8,2,25,14,5,4,5,15,22,6,H
2021-09-25,Real Madrid,Villarreal,1,2.6666666666666665,2.1666666666666665,3.0,3.5,1.3333333333333333,12,1.4,0.6,1.0,1.2,0.6,8.0,4.0,4.5,2.6,5.333333333333333,4.4,2.6666666666666665,3.2,0.4375,0.3,2.683333333333333,1.1199999999999999,1.5633333333333332,11,2.3958333333333335,0,13,17,7,41,23,7,6,3,20,13,6,D
2021-09-26,Mallorca,Osasuna,12,1.3333333333333333,-0.8333333333333334,1.6666666666666667,0.6666666666666666,1.5,11,1.3333333333333333,-0.3333333333333333,3.0,1.1666666666666667,1.5,2.8333333333333335,3.6666666666666665,4.666666666666667,3.6666666666666665,3.6666666666666665,5.333333333333333,2.1666666666666665,2.6666666666666665,0.23529411764705882,0.3181818181818182,0.5499999999999999,0.8,-0.2500000000000001,-1,0.6874999999999999,0,7,3,8,15,27,7,7,9,21,19,0,A
2021-09-26,Barcelona,Levante,9,1.8,0.6,2.3333333333333335,1.6,1.0,16,0.6666666666666666,-0.5,0.6666666666666666,1.0,1.5,4.4,2.8333333333333335,3.6,3.1666666666666665,5.4,3.5,3.2,3.0,0.36363636363636365,0.35294117647058826,1.4000000000000001,0.3833333333333333,1.0166666666666668,7,3.652173913043479,0,9,8,5,22,18,3,5,8,14,17,6,H
2021-09-26,Sociedad,Elche,4,2.1666666666666665,0.5,2.3333333333333335,1.5,1.0,14,1.0,-0.5,1.0,0.6666666666666666,1.1666666666666667,5.333333333333333,2.6666666666666665,2.6666666666666665,4.666666666666667,5.0,4.166666666666667,1.8333333333333333,2.1666666666666665,0.28125,0.25,1.5333333333333332,0.4833333333333333,1.0499999999999998,10,3.1724137931034484,0,13,7,2,29,8,5,4,7,14,25,8,H
2021-09-26,Vallecano,Cadiz,8,1.6666666666666667,0.6666666666666666,3.0,1.6666666666666667,1.0,13,1.0,-0.3333333333333333,2.0,1.0,1.3333333333333333,4.0,2.5,4.166666666666667,4.0,3.3333333333333335,3.0,3.1666666666666665,2.6666666666666665,0.4166666666666667,0.4,1.3666666666666667,0.6000000000000001,0.7666666666666666,5,2.2777777777777777,0,10,10,3,21,17,5,5,7,13,21,5,H
2021-09-26,Betis,Getafe,10,1.5,0.3333333333333333,0.6666666666666666,1.5,1.1666666666666667,26,0.0,-1.3333333333333333,0.0,0.3333333333333333,1.6666666666666667,6.833333333333333,2.1666666666666665,2.8333333333333335,3.3333333333333335,5.833333333333333,4.833333333333333,3.1666666666666665,3.5,0.21951219512195122,0.15384615384615385,1.15,-0.3333333333333333,1.4833333333333332,16,11.499999999999998,0,8,8,6,40,15,0,2,9,9,18,8,H
2021-09-27,Celta,Granada,16,0.6666666666666666,-0.6666666666666666,0.0,1.0,1.6666666666666667,18,0.5,-1.0,0.6666666666666666,0.8333333333333334,1.8333333333333333,2.0,2.0,4.833333333333333,7.166666666666667,3.8333333333333335,4.0,3.0,3.5,0.5,0.4166666666666667,0.33333333333333337,0.1166666666666667,0.21666666666666667,2,2.8571428571428568,1,4,5,8,10,25,2,5,11,11,39,2,H
2021-10-01,Ath Bilbao,Alaves,10,1.4285714285714286,0.2857142857142857,1.3333333333333333,0.8571428571428571,0.5714285714285714,19,0.5,-1.5,0.0,0.3333333333333333,1.8333333333333333,3.142857142857143,2.8333333333333335,2.4285714285714284,3.5,6.285714285714286,3.0,1.7142857142857142,2.6666666666666665,0.2727272727272727,0.11764705882352941,0.9714285714285715,-0.1333333333333333,1.1047619047619048,9,9.714285714285715,0,8,5,3,12,12,3,1,7,13,14,5,H
2021-10-02,Osasuna,Vallecano,10,1.5714285714285714,-0.14285714285714285,0.5,1.4285714285714286,1.5714285714285714,5,1.8571428571428572,0.8571428571428571,1.0,1.8571428571428572,1.0,4.0,4.285714285714286,4.285714285714286,3.7142857142857144,5.285714285714286,3.4285714285714284,2.7142857142857144,3.0,0.35714285714285715,0.43333333333333335,1.0285714285714287,1.5571428571428572,-0.5285714285714285,-5,0.6605504587155964,0,9,10,11,20,27,13,13,3,26,10,-4,H
2021-10-02,Mallorca,Levante,12,1.1428571428571428,-0.8571428571428571,1.25,0.8571428571428571,1.7142857142857142,17,0.5714285714285714,-0.8571428571428571,0.5,0.8571428571428571,1.7142857142857142,3.5714285714285716,2.7142857142857144,4.857142857142857,4.428571428571429,3.857142857142857,3.142857142857143,2.142857142857143,3.0,0.24,0.3157894736842105,0.4857142857142857,0.2,0.2857142857142857,5,2.4285714285714284,0,4,4,11,21,29,2,2,8,12,24,2,H
2021-10-02,Cadiz,Valencia,15,0.8571428571428571,-0.5714285714285714,0.5,1.0,1.5714285714285714,10,1.5714285714285714,0.5714285714285714,1.3333333333333333,1.7142857142857142,1.1428571428571428,2.2857142857142856,4.285714285714286,4.285714285714286,4.285714285714286,3.0,3.5714285714285716,2.857142857142857,3.142857142857143,0.4375,0.4,0.45714285714285713,1.2999999999999998,-0.8428571428571427,-5,0.3516483516483517,0,4,5,9,11,20,7,10,7,21,24,-3,D
2021-10-02,Ath Madrid,Barcelona,4,2.0,0.42857142857142855,1.6666666666666667,1.2857142857142858,0.8571428571428571,8,2.0,1.0,1.0,1.8333333333333333,0.8333333333333334,3.2857142857142856,5.666666666666667,1.7142857142857142,3.3333333333333335,6.285714285714286,6.333333333333333,4.428571428571429,2.8333333333333335,0.391304347826087,0.3235294117647059,1.3857142857142857,1.6666666666666667,-0.28095238095238106,4,0.8314285714285714,0,8,6,5,15,8,9,7,3,26,17,-1,H
2021-10-03,Elche,Celta,16,0.8571428571428571,-0.5714285714285714,1.0,0.5714285714285714,1.1428571428571428,13,1.0,-0.42857142857142855,1.3333333333333333,1.0,1.4285714285714286,2.5714285714285716,2.4285714285714284,4.714285714285714,4.714285714285714,3.7142857142857144,4.0,2.2857142857142856,2.857142857142857,0.2222222222222222,0.4117647058823529,0.3714285714285714,0.5714285714285714,-0.2,-3,0.6499999999999999,1,5,4,7,14,26,6,6,8,15,22,-1,H
2021-10-03,Espanol,Real Madrid,16,0.8571428571428571,-0.42857142857142855,1.3333333333333333,0.5714285714285714,1.0,1,2.4285714285714284,1.8571428571428572,2.5,3.0,1.1428571428571428,2.857142857142857,7.142857142857143,4.0,4.142857142857143,5.571428571428571,5.428571428571429,2.4285714285714284,2.4285714285714284,0.2,0.42,0.41428571428571426,2.3714285714285714,-1.9571428571428573,-15,0.17469879518072287,0,4,4,7,14,25,13,14,4,38,21,-9,H
2021-10-03,Getafe,Sociedad,26,0.0,-1.4285714285714286,0.0,0.2857142857142857,1.7142857142857142,3,2.2857142857142856,0.5714285714285714,2.0,1.4285714285714286,0.8571428571428571,2.2857142857142856,5.285714285714286,3.5714285714285716,2.5714285714285716,4.571428571428571,5.142857142857143,3.4285714285714284,1.7142857142857142,0.125,0.2702702702702703,-0.3714285714285714,1.6,-1.9714285714285715,-23,-0.2321428571428571,0,0,2,10,12,20,13,7,2,26,9,-13,D
2021-10-03,Villarreal,Betis,14,1.3333333333333333,0.5,2.0,1.0,0.5,10,1.7142857142857142,0.5714285714285714,2.3333333333333335,1.5714285714285714,1.0,3.6666666666666665,6.571428571428571,2.5,2.857142857142857,4.166666666666667,5.428571428571429,3.0,2.857142857142857,0.2727272727272727,0.2391304347826087,1.0166666666666666,1.3428571428571427,-0.32619047619047614,-4,0.7570921985815603,0,7,6,3,18,14,10,9,5,38,15,-3,H
2021-10-03,Granada,Sevilla,18,0.42857142857142855,-1.0,0.3333333333333333,0.7142857142857143,1.7142857142857142,4,2.3333333333333335,1.3333333333333333,1.6666666666666667,1.6666666666666667,0.3333333333333333,2.2857142857142856,5.0,6.857142857142857,2.6666666666666665,3.857142857142857,3.6666666666666665,4.0,2.6666666666666665,0.3125,0.3333333333333333,0.05714285714285716,1.9,-1.8428571428571427,-14,0.030075187969924824,0,1,4,11,13,37,11,7,2,22,13,-10,H
2021-10-16,Levante,Getafe,18,0.5,-0.875,0.6666666666666666,0.75,1.625,20,0.125,-1.25,0.0,0.375,1.625,2.625,2.25,4.75,3.75,3.125,4.25,3.125,3.5,0.2857142857142857,0.16666666666666666,0.1375,-0.2375,0.375,2,1.375,0,2,2,8,14,29,1,2,9,11,22,1,D
2021-10-16,Sociedad,Mallorca,3,2.125,0.5,2.5,1.375,0.875,12,1.375,-0.625,1.0,0.875,1.5,5.25,4.0,2.5,4.5,5.125,4.375,1.75,2.375,0.2619047619047619,0.21875,1.4874999999999998,0.675,0.8124999999999998,9,2.2037037037037033,0,11,7,3,29,11,4,4,11,22,28,7,H
2021-10-17,Vallecano,Elche,6,1.625,0.625,3.0,1.625,1.0,14,1.125,-0.375,0.75,0.625,1.0,3.75,2.875,3.625,4.25,3.375,4.125,3.0,2.5,0.43333333333333335,0.21739130434782608,1.325,0.575,0.75,8,2.3043478260869565,0,10,9,4,20,10,7,4,6,15,22,3,H
2021-10-17,Celta,Sevilla,16,0.875,-0.5,0.75,0.875,1.375,5,2.0,1.0,1.25,1.4285714285714286,0.42857142857142855,2.25,4.714285714285714,4.75,2.4285714285714284,4.0,4.0,2.875,3.0,0.3888888888888889,0.30303030303030304,0.4625,1.5857142857142859,-1.123214285714286,-11,0.29166666666666663,0,6,6,8,16,25,8,6,3,22,14,-2,A
2021-10-17,Villarreal,Osasuna,11,1.5714285714285714,0.7142857142857143,2.3333333333333335,1.1428571428571428,0.42857142857142855,6,1.75,0.0,3.0,1.375,1.375,3.857142857142857,3.875,2.5714285714285716,3.75,4.142857142857143,5.375,2.857142857142857,2.75,0.2962962962962963,0.3548387096774194,1.2285714285714286,1.15,0.07857142857142874,-5,1.0683229813664599,1,9,8,3,21,14,9,8,9,19,24,0,A
2021-10-17,Barcelona,Valencia,9,1.7142857142857142,0.5714285714285714,2.5,1.5714285714285714,1.0,8,1.5,0.5,1.25,1.5,1.0,5.142857142857143,4.25,3.2857142857142856,3.875,6.285714285714286,3.5,2.5714285714285716,3.25,0.3055555555555556,0.35294117647058826,1.3428571428571427,1.2000000000000002,0.14285714285714257,-1,1.1190476190476188,1,8,6,4,25,13,5,7,7,21,22,3,H
2021-10-18,Alaves,Betis,19,0.42857142857142855,-1.4285714285714286,0.75,0.2857142857142857,1.7142857142857142,10,1.5,0.25,1.75,1.375,1.125,3.142857142857143,6.125,3.7142857142857144,3.125,3.857142857142857,5.5,2.5714285714285716,3.0,0.09090909090909091,0.22448979591836735,-0.15714285714285714,1.1,-1.2571428571428571,-9,-0.14285714285714285,0,3,1,7,14,17,10,9,6,35,17,-7,A
2021-10-18,Espanol,Cadiz,13,1.125,-0.25,1.75,0.75,1.0,15,0.875,-0.5,1.3333333333333333,0.875,1.375,3.0,2.125,4.0,4.25,5.125,2.75,2.375,2.875,0.25,0.4117647058823529,0.6375,0.4625,0.17499999999999993,2,1.3783783783783783,1,7,6,7,15,23,5,3,6,9,20,2,H
2021-10-22,Osasuna,Granada,5,1.8888888888888888,0.1111111111111111,1.0,1.4444444444444444,1.3333333333333333,17,0.75,-0.75,0.5,0.75,1.5,3.6666666666666665,2.125,4.0,6.375,5.222222222222222,3.625,3.0,3.875,0.3939393939393939,0.35294117647058826,1.2666666666666666,0.30000000000000004,0.9666666666666666,12,4.222222222222221,0,12,9,6,19,26,4,5,7,11,34,8,D
2021-10-23,Valencia,Mallorca,10,1.3333333333333333,0.2222222222222222,1.75,1.4444444444444444,1.2222222222222223,13,1.2222222222222223,-0.6666666666666666,0.75,0.7777777777777778,1.4444444444444444,4.111111111111111,3.6666666666666665,4.0,4.222222222222222,3.4444444444444446,4.555555555555555,3.2222222222222223,2.4444444444444446,0.35135135135135137,0.21212121212121213,1.0222222222222221,0.5666666666666668,0.4555555555555554,3,1.8039215686274506,0,2,4,9,20,25,4,4,10,22,25,-2,D
2021-10-23,Cadiz,Alaves,16,0.7777777777777778,-0.6666666666666666,0.6,0.7777777777777778,1.4444444444444444,19,0.375,-1.375,0.0,0.25,1.625,2.111111111111111,3.0,4.444444444444445,3.75,3.4444444444444446,4.25,2.5555555555555554,2.375,0.3684210526315789,0.08333333333333333,0.34444444444444444,-0.175,0.5194444444444444,3,3.444444444444444,0,5,3,6,10,22,3,1,5,13,17,2,A
2021-10-23,Elche,Espanol,14,1.0,-0.4444444444444444,1.5,0.6666666666666666,1.1111111111111112,11,1.3333333333333333,0.0,0.5,0.8888888888888888,0.8888888888888888,2.888888888888889,3.3333333333333335,4.222222222222222,3.7777777777777777,3.888888888888889,5.333333333333333,2.4444444444444446,2.2222222222222223,0.23076923076923078,0.26666666666666666,0.5,0.8444444444444444,-0.34444444444444444,-3,0.5921052631578947,0,4,4,8,15,25,10,7,5,18,22,-6,D
2021-10-23,Ath Bilbao,Villarreal,9,1.625,0.375,1.75,0.875,0.5,13,1.375,0.5,1.0,1.125,0.625,3.375,4.125,2.75,2.5,7.125,4.125,1.875,2.625,0.25925925925925924,0.2727272727272727,1.1,1.0625,0.03750000000000009,4,1.035294117647059,1,8,5,3,15,17,8,7,3,25,11,0,H
2021-10-24,Sevilla,Levante,4,2.125,1.0,3.0,1.375,0.375,19,0.5555555555555556,-0.7777777777777778,0.4,0.6666666666666666,1.4444444444444444,4.375,2.5555555555555554,2.5,4.666666666666667,4.0,3.111111111111111,3.0,3.111111111111111,0.3142857142857143,0.2608695652173913,1.6375000000000002,0.17777777777777778,1.4597222222222224,15,9.2109375,0,10,6,2,19,13,2,1,7,14,27,8,H
2021-10-24,Barcelona,Real Madrid,8,1.875,0.75,2.6,1.75,1.0,4,2.125,1.5,2.0,2.75,1.25,5.125,6.75,3.25,4.125,6.625,5.75,2.5,2.25,0.34146341463414637,0.4074074074074074,1.5125000000000002,2.0625,-0.5499999999999998,-4,0.7333333333333334,0,8,7,4,27,13,10,14,6,39,19,-2,A
2021-10-24,Betis,Vallecano,9,1.6666666666666667,0.3333333333333333,1.25,1.3333333333333333,1.0,6,1.7777777777777777,0.6666666666666666,0.8,1.6666666666666667,1.0,5.888888888888889,3.7777777777777777,3.0,3.5555555555555554,5.666666666666667,3.6666666666666665,2.7777777777777777,2.888888888888889,0.22641509433962265,0.4411764705882353,1.2,1.422222222222222,-0.2222222222222221,-3,0.8437500000000001,1,10,8,5,30,17,12,10,4,18,11,-2,H
2021-10-24,Ath Madrid,Sociedad,6,2.125,0.625,2.0,1.375,0.75,3,2.2222222222222223,0.5555555555555556,1.75,1.3333333333333333,0.7777777777777778,3.25,4.888888888888889,1.75,2.3333333333333335,5.75,4.777777777777778,4.125,2.0,0.4230769230769231,0.2727272727272727,1.525,1.5444444444444445,-0.019444444444444597,-3,0.9874100719424459,1,10,6,3,13,8,11,6,3,27,11,-1,D
2021-10-25,Getafe,Celta,20,0.2222222222222222,-1.1111111111111112,0.25,0.3333333333333333,1.4444444444444444,15,0.7777777777777778,-0.5555555555555556,1.0,0.7777777777777778,1.3333333333333333,2.4444444444444446,2.3333333333333335,3.5555555555555554,4.444444444444445,5.0,4.111111111111111,3.4444444444444446,2.7777777777777777,0.13636363636363635,0.3333333333333333,-0.15555555555555556,0.37777777777777777,-0.5333333333333333,-5,-0.411764705882353,0,2,2,8,14,21,6,4,4,15,16,-4,A
2021-10-26,Alaves,Elche,18,0.6666666666666666,-1.0,0.6,0.4444444444444444,1.4444444444444444,15,1.0,-0.4,0.6,0.8,1.2,3.111111111111111,3.3,3.7777777777777777,4.5,4.111111111111111,3.8,2.3333333333333335,2.5,0.14285714285714285,0.24242424242424243,0.12222222222222222,0.54,-0.4177777777777778,-3,0.22633744855967075,0,6,3,3,14,16,4,5,9,20,26,2,H
2021-10-26,Espanol,Ath Bilbao,11,1.3,0.0,2.0,1.0,1.0,8,1.7777777777777777,0.4444444444444444,1.5,1.0,0.5555555555555556,3.7,3.7777777777777777,4.1,2.7777777777777777,5.5,7.333333333333333,2.1,1.6666666666666667,0.2702702702702703,0.2647058823529412,0.8500000000000001,1.222222222222222,-0.372222222222222,-3,0.6954545454545455,0,10,7,5,21,20,8,5,4,17,19,2,D
2021-10-26,Villarreal,Cadiz,13,1.2222222222222223,0.3333333333333333,1.75,1.1111111111111112,0.7777777777777778,18,0.7,-0.8,1.0,0.7,1.5,4.0,2.3,3.0,4.4,3.888888888888889,4.5,2.6666666666666665,2.3,0.2777777777777778,0.30434782608695654,0.9333333333333333,0.24999999999999997,0.6833333333333333,5,3.733333333333334,0,7,8,5,25,17,2,1,7,11,22,5,D
2021-10-27,Mallorca,Sevilla,13,1.2,-0.6,1.6,0.9,1.5,3,2.2222222222222223,1.1111111111111112,1.6,1.7777777777777777,0.6666666666666666,3.7,5.111111111111111,4.4,3.0,4.1,4.666666666666667,2.9,2.7777777777777777,0.24324324324324326,0.34782608695652173,0.6,1.8,-1.2000000000000002,-10,0.3333333333333333,0,4,6,12,25,28,12,11,5,26,16,-8,D
2021-10-27,Vallecano,Barcelona,8,1.6,0.5,3.0,1.7,1.2,9,1.6666666666666667,0.5555555555555556,0.6666666666666666,1.6666666666666667,1.1111111111111112,3.7,4.777777777777778,3.7,3.4444444444444446,3.7,6.666666666666667,2.8,2.3333333333333335,0.4594594594594595,0.3488372093023256,1.29,1.3333333333333335,-0.043333333333333446,1,0.9674999999999999,1,9,9,7,16,13,7,7,5,23,16,2,H
2021-10-27,Betis,Valencia,6,1.8,0.4,1.6,1.5,1.1,11,1.3,0.2,1.0,1.5,1.3,5.8,4.3,3.0,4.0,5.5,3.6,2.6,3.3,0.25862068965517243,0.3488372093023256,1.32,1.01,0.31000000000000005,5,1.306930693069307,0,12,9,5,26,16,3,5,9,22,19,9,H
2021-10-27,Real Madrid,Osasuna,4,2.2222222222222223,1.4444444444444444,2.3333333333333335,2.6666666666666665,1.2222222222222223,7,1.8,0.1,3.0,1.4,1.3,6.555555555555555,3.9,3.888888888888889,4.0,5.555555555555555,5.1,2.111111111111111,2.9,0.4067796610169492,0.358974358974359,2.077777777777778,1.21,0.867777777777778,3,1.7171717171717173,0,10,11,5,33,17,10,8,7,20,27,0,D
2021-10-28,Celta,Sociedad,14,1.0,-0.2,0.6,1.0,1.2,4,2.1,0.5,1.6,1.4,0.9,2.9,4.8,4.2,2.5,4.4,4.6,2.7,2.1,0.3448275862068966,0.2916666666666667,0.64,1.48,-0.84,-10,0.43243243243243246,0,9,6,2,19,15,11,8,5,27,11,-2,A
2021-10-28,Granada,Getafe,18,0.7777777777777778,-0.6666666666666666,1.0,0.7777777777777778,1.4444444444444444,20,0.2,-1.3,0.2,0.3,1.6,2.3333333333333335,2.4,6.333333333333333,4.0,3.3333333333333335,4.7,3.7777777777777777,3.5,0.3333333333333333,0.125,0.34444444444444444,-0.23000000000000004,0.5744444444444445,2,3.444444444444444,0,5,5,6,13,31,2,2,8,13,24,3,D
2021-10-28,Levante,Ath Madrid,19,0.5,-0.9,0.75,0.9,1.8,7,2.0,0.5555555555555556,2.25,1.4444444444444444,0.8888888888888888,3.0,3.3333333333333335,5.3,2.0,3.1,5.555555555555555,3.0,3.7777777777777777,0.3,0.43333333333333335,0.16,1.4555555555555557,-1.2955555555555558,-12,0.1099236641221374,0,1,3,11,15,36,8,6,4,14,9,-7,D
2021-10-30,Elche,Real Madrid,15,0.9090909090909091,-0.45454545454545453,1.4,0.7272727272727273,1.1818181818181819,2,2.1,1.3,2.1666666666666665,2.4,1.1,3.090909090909091,6.2,4.545454545454546,3.5,4.090909090909091,6.1,2.3636363636363638,2.0,0.23529411764705882,0.3870967741935484,0.4636363636363636,1.92,-1.4563636363636363,-13,0.24147727272727273,0,4,4,6,18,22,8,9,4,26,13,-4,A
2021-10-30,Sevilla,Osasuna,3,2.1,1.0,3.0,1.7,0.7,7,1.7272727272727273,0.09090909090909091,2.6,1.2727272727272727,1.1818181818181819,4.9,3.5454545454545454,3.1,3.909090909090909,4.4,4.909090909090909,3.1,2.727272727272727,0.3469387755102041,0.358974358974359,1.6900000000000002,1.1454545454545455,0.5445454545454547,4,1.4753968253968255,0,10,9,5,24,17,11,7,4,17,21,-1,H
2021-10-30,Valencia,Villarreal,11,1.1818181818181819,-0.09090909090909091,1.6,1.4545454545454546,1.5454545454545454,13,1.2,0.3,0.8,1.3,1.0,4.2727272727272725,4.1,4.454545454545454,3.1,3.909090909090909,4.3,3.4545454545454546,2.7,0.3404255319148936,0.3170731707317073,0.8545454545454547,0.95,-0.09545454545454524,2,0.8995215311004787,1,3,5,10,23,23,5,7,7,21,18,-2,H
2021-10-30,Barcelona,Alaves,10,1.5,0.4,2.1666666666666665,1.5,1.1,16,0.9,-0.8,0.75,0.5,1.3,4.4,3.3,3.4,3.5,6.7,4.1,2.3,2.2,0.3409090909090909,0.15151515151515152,1.17,0.31000000000000005,0.8599999999999999,6,3.774193548387096,0,6,7,6,22,16,9,4,2,17,15,-3,D
2021-10-31,Cadiz,Mallorca,18,0.7272727272727273,-0.7272727272727273,0.5,0.9090909090909091,1.6363636363636365,12,1.1818181818181819,-0.5454545454545454,0.8,0.9090909090909091,1.4545454545454546,2.4545454545454546,3.727272727272727,4.454545454545454,4.2727272727272725,4.2727272727272725,4.090909090909091,2.6363636363636362,3.0,0.37037037037037035,0.24390243902439024,0.32727272727272727,0.6090909090909091,-0.28181818181818186,-6,0.5373134328358209,0,2,4,10,12,25,5,6,7,24,19,-3,D
2021-10-31,Ath Madrid,Betis,6,1.9,0.5,1.8,1.5,1.0,4,1.9090909090909092,0.6363636363636364,2.0,1.7272727272727273,1.0909090909090908,3.3,6.090909090909091,2.1,3.090909090909091,5.2,5.363636363636363,3.9,2.5454545454545454,0.45454545454545453,0.2835820895522388,1.4,1.490909090909091,-0.09090909090909105,-2,0.9390243902439024,1,8,8,6,15,12,12,10,5,26,17,-4,H
2021-10-31,Getafe,Espanol,20,0.2727272727272727,-1.1818181818181819,0.2,0.36363636363636365,1.5454545454545454,11,1.2727272727272727,0.0,0.6,1.0,1.0,2.5454545454545454,3.6363636363636362,3.909090909090909,4.363636363636363,4.2727272727272725,5.7272727272727275,3.5454545454545454,2.090909090909091,0.14285714285714285,0.275,-0.14545454545454545,0.8363636363636364,-0.9818181818181819,-9,-0.17391304347826084,0,3,2,7,15,23,8,7,6,22,25,-5,H
2021-10-31,Sociedad,Ath Bilbao,3,2.1818181818181817,0.6363636363636364,2.6,1.4545454545454546,0.8181818181818182,8,1.7,0.4,1.4,1.0,0.6,4.7272727272727275,4.1,2.8181818181818183,2.8,4.7272727272727275,7.8,1.9090909090909092,1.7,0.3076923076923077,0.24390243902439024,1.5727272727272728,1.17,0.4027272727272728,5,1.3442113442113444,0,11,7,3,20,15,8,6,5,24,20,3,D
2021-11-01,Vallecano,Celta,6,1.7272727272727273,0.5454545454545454,3.0,1.6363636363636365,1.0909090909090908,14,0.9090909090909091,-0.36363636363636365,1.4,0.9090909090909091,1.2727272727272727,3.6363636363636362,3.1818181818181817,3.4545454545454546,4.181818181818182,3.6363636363636362,4.636363636363637,2.727272727272727,2.5454545454545454,0.45,0.2857142857142857,1.3545454545454547,0.5272727272727273,0.8272727272727274,8,2.5689655172413794,0,9,8,6,16,13,6,4,4,23,17,3,D
2021-11-01,Levante,Granada,19,0.5454545454545454,-0.8181818181818182,0.8,1.0,1.8181818181818181,18,0.8,-0.6,0.6,0.8,1.4,3.0,2.4,5.090909090909091,6.1,3.272727272727273,3.5,3.090909090909091,3.5,0.3333333333333333,0.3333333333333333,0.22727272727272727,0.38000000000000006,-0.1527272727272728,-1,0.5980861244019138,1,2,5,11,16,37,5,5,6,14,29,-3,A
2021-11-05,Ath Bilbao,Cadiz,8,1.6363636363636365,0.36363636363636365,2.0,1.0,0.6363636363636364,18,0.75,-0.6666666666666666,1.0,0.9166666666666666,1.5833333333333333,4.181818181818182,2.4166666666666665,2.8181818181818183,4.5,7.7272727272727275,4.416666666666667,1.9090909090909092,2.6666666666666665,0.2391304347826087,0.3793103448275862,1.1272727272727274,0.3583333333333334,0.768939393939394,10,3.145877378435518,0,9,6,4,28,20,3,4,8,13,24,6,A
2021-11-06,Espanol,Granada,11,1.1666666666666667,-0.08333333333333333,1.8333333333333333,1.0,1.0833333333333333,15,1.0,-0.2727272727272727,1.0,1.0,1.2727272727272727,3.5833333333333335,2.727272727272727,4.583333333333333,5.818181818181818,6.166666666666667,3.6363636363636362,2.25,3.3636363636363638,0.27906976744186046,0.36666666666666664,0.7583333333333333,0.6181818181818182,0.14015151515151514,4,1.2267156862745099,1,8,8,6,23,27,8,6,3,18,21,0,H
2021-11-06,Celta,Barcelona,15,0.9166666666666666,-0.3333333333333333,0.5,0.8333333333333334,1.1666666666666667,10,1.4545454545454546,0.36363636363636365,0.5,1.4545454545454546,1.0909090909090908,3.25,4.454545454545454,4.25,3.272727272727273,4.833333333333333,6.909090909090909,2.75,2.090909090909091,0.2564102564102564,0.32653061224489793,0.525,1.1272727272727274,-0.6022727272727274,-5,0.4657258064516129,0,4,3,4,22,18,4,5,7,15,16,0,D
2021-11-06,Alaves,Levante,18,0.9090909090909091,-0.7272727272727273,1.0,0.5454545454545454,1.2727272727272727,19,0.5,-1.0,0.3333333333333333,0.9166666666666666,1.9166666666666667,3.1818181818181817,3.0,3.6363636363636362,5.166666666666667,3.727272727272727,3.25,2.1818181818181817,3.1666666666666665,0.17142857142857143,0.3055555555555556,0.34545454545454546,0.13333333333333336,0.2121212121212121,1,2.5909090909090904,1,7,4,3,18,19,2,5,11,17,31,5,H
2021-11-06,Real Madrid,Vallecano,2,2.1818181818181817,1.2727272727272727,2.0,2.3636363636363638,1.0909090909090908,6,1.6666666666666667,0.5,0.6666666666666666,1.5,1.0,6.090909090909091,3.75,3.5454545454545454,3.5,5.909090909090909,3.6666666666666665,1.8181818181818181,2.6666666666666665,0.3880597014925373,0.4,1.9454545454545453,1.2833333333333334,0.6621212121212119,4,1.5159386068476974,0,8,5,4,19,12,7,5,5,15,16,1,H
2021-11-07,Villarreal,Getafe,14,1.0909090909090908,0.09090909090909091,1.6,1.1818181818181819,1.0909090909090908,19,0.5,-1.0,0.3333333333333333,0.5,1.5,3.8181818181818183,2.9166666666666665,3.090909090909091,3.8333333333333335,4.454545454545454,4.416666666666667,2.8181818181818183,3.8333333333333335,0.30952380952380953,0.17142857142857143,0.8090909090909091,0.05000000000000002,0.759090909090909,5,8.09090909090909,0,4,7,9,20,19,6,4,6,19,21,-2,H
2021-11-07,Valencia,Ath Madrid,11,1.3333333333333333,0.08333333333333333,1.8333333333333333,1.5,1.4166666666666667,4,2.0,0.7272727272727273,2.0,1.6363636363636365,0.9090909090909091,4.166666666666667,3.8181818181818183,4.166666666666667,2.0,4.166666666666667,5.909090909090909,3.3333333333333335,3.5454545454545454,0.36,0.42857142857142855,0.9916666666666667,1.5454545454545456,-0.5537878787878789,-7,0.6416666666666666,0,5,6,9,20,20,8,9,5,20,11,-3,D
2021-11-07,Mallorca,Elche,13,1.1666666666666667,-0.5,1.5,0.9166666666666666,1.4166666666666667,18,0.8333333333333334,-0.5,0.5,0.75,1.25,3.8333333333333335,3.1666666666666665,4.083333333333333,4.583333333333333,4.166666666666667,4.166666666666667,3.5,2.4166666666666665,0.2391304347826087,0.23684210526315788,0.6166666666666667,0.41666666666666674,0.19999999999999996,5,1.4799999999999998,1,6,5,5,21,15,4,5,7,20,22,2,D
2021-11-07,Osasuna,Sociedad,7,1.5833333333333333,-0.08333333333333333,1.0,1.1666666666666667,1.25,2,2.0833333333333335,0.5833333333333334,1.8333333333333333,1.4166666666666667,0.8333333333333334,3.5,4.583333333333333,3.9166666666666665,3.0,4.916666666666667,4.5,2.6666666666666665,2.0833333333333335,0.3333333333333333,0.3090909090909091,1.0,1.5000000000000002,-0.5000000000000002,-5,0.6666666666666665,0,8,4,4,14,17,9,7,4,18,18,-1,A
2021-11-07,Betis,Sevilla,5,1.75,0.3333333333333333,1.8333333333333333,1.5833333333333333,1.25,3,2.1818181818181817,1.0909090909090908,1.5,1.7272727272727273,0.6363636363636364,5.666666666666667,4.818181818181818,3.5833333333333335,3.090909090909091,4.916666666666667,4.363636363636363,2.3333333333333335,3.0,0.27941176470588236,0.3584905660377358,1.2916666666666665,1.7636363636363634,-0.47196969696969693,-2,0.7323883161512027,0,9,8,8,22,23,10,9,5,23,18,-1,A
2021-11-19,Levante,Ath Bilbao,19,0.46153846153846156,-1.0,0.6666666666666666,0.9230769230769231,1.9230769230769231,8,1.5,0.25,1.3333333333333333,0.9166666666666666,0.6666666666666666,3.3076923076923075,4.25,5.0,2.9166666666666665,3.230769230769231,7.5,3.1538461538461537,1.9166666666666667,0.27906976744186046,0.21568627450980393,0.11538461538461542,1.0083333333333333,-0.8929487179487179,-11,0.11443102352193266,0,2,6,12,22,27,8,5,4,29,18,-6,D
2021-11-20,Sevilla,Alaves,3,2.25,1.1666666666666667,3.0,1.75,0.5833333333333334,14,1.0833333333333333,-0.5833333333333334,0.8,0.6666666666666666,1.25,4.583333333333333,3.1666666666666665,2.9166666666666665,3.9166666666666665,4.083333333333333,3.5,2.8333333333333335,2.25,0.38181818181818183,0.21052631578947367,1.8250000000000002,0.4999999999999999,1.3250000000000002,11,3.6500000000000012,0,13,11,4,22,18,10,6,3,16,21,3,D
2021-11-20,Celta,Villarreal,15,0.9230769230769231,-0.3076923076923077,0.5714285714285714,1.0,1.3076923076923077,12,1.25,0.16666666666666666,0.6666666666666666,1.1666666666666667,1.0,3.3076923076923075,3.8333333333333335,4.384615384615385,3.0,4.6923076923076925,4.583333333333333,2.769230769230769,2.6666666666666665,0.3023255813953488,0.30434782608695654,0.5692307692307692,0.9083333333333334,-0.33910256410256423,-3,0.6266760762173605,0,5,6,6,25,19,4,6,9,19,18,1,D
2021-11-20,Barcelona,Espanol,9,1.4166666666666667,0.3333333333333333,2.0,1.5833333333333333,1.25,11,1.3076923076923077,0.07692307692307693,0.5,1.0769230769230769,1.0,4.583333333333333,3.769230769230769,3.3333333333333335,4.615384615384615,6.416666666666667,6.076923076923077,2.4166666666666665,2.1538461538461537,0.34545454545454546,0.2857142857142857,1.125,0.8923076923076924,0.23269230769230764,2,1.2607758620689655,1,5,8,8,19,17,8,8,5,25,28,-3,H
2021-11-20,Ath Madrid,Osasuna,4,1.9166666666666667,0.6666666666666666,2.0,1.75,1.0833333333333333,9,1.4615384615384615,-0.23076923076923078,2.1666666666666665,1.0769230769230769,1.3076923076923077,4.083333333333333,3.3846153846153846,2.25,3.923076923076923,5.416666666666667,4.923076923076923,3.4166666666666665,2.4615384615384617,0.42857142857142855,0.3181818181818182,1.5083333333333335,0.8769230769230769,0.6314102564102566,5,1.7200292397660821,0,9,12,7,26,15,5,3,6,13,21,4,H
2021-11-21,Getafe,Cadiz,20,0.46153846153846156,-1.0,0.6666666666666666,0.46153846153846156,1.4615384615384615,16,0.9230769230769231,-0.5384615384615384,1.3333333333333333,0.9230769230769231,1.4615384615384615,2.8461538461538463,2.5384615384615383,3.8461538461538463,4.538461538461538,4.384615384615385,4.153846153846154,3.6153846153846154,2.5384615384615383,0.16216216216216217,0.36363636363636365,0.023076923076923106,0.48461538461538467,-0.46153846153846156,-4,0.04761904761904767,0,5,3,6,19,20,5,5,8,16,25,0,H
2021-11-21,Granada,Real Madrid,17,0.9166666666666666,-0.4166666666666667,1.0,0.9166666666666666,1.3333333333333333,3,2.25,1.25,2.2857142857142856,2.3333333333333335,1.0833333333333333,2.9166666666666665,6.166666666666667,5.833333333333333,3.8333333333333335,3.5833333333333335,5.75,3.1666666666666665,1.75,0.3142857142857143,0.3783783783783784,0.5166666666666666,1.9666666666666668,-1.4500000000000002,-14,0.2627118644067796,0,8,6,4,19,22,10,7,5,24,17,-2,A
2021-11-21,Elche,Betis,17,0.8461538461538461,-0.46153846153846156,1.1666666666666667,0.8461538461538461,1.3076923076923077,5,1.6153846153846154,0.15384615384615385,1.6666666666666667,1.4615384615384615,1.3076923076923077,3.076923076923077,5.3076923076923075,4.6923076923076925,3.4615384615384617,4.076923076923077,4.6923076923076925,2.4615384615384617,2.4615384615384617,0.275,0.2753623188405797,0.45384615384615384,1.1461538461538463,-0.6923076923076925,-12,0.39597315436241604,0,2,6,9,17,27,9,8,8,20,20,-7,A
2021-11-21,Sociedad,Valencia,3,2.1538461538461537,0.6923076923076923,2.3333333333333335,1.4615384615384615,0.7692307692307693,10,1.3076923076923077,0.07692307692307693,0.8333333333333334,1.6153846153846154,1.5384615384615385,4.538461538461538,4.230769230769231,2.923076923076923,4.384615384615385,4.3076923076923075,4.538461538461538,2.076923076923077,3.230769230769231,0.3220338983050847,0.38181818181818183,1.5769230769230769,1.0,0.5769230769230769,7,1.5769230769230769,0,11,8,3,17,18,5,9,12,21,26,6,D
2021-11-22,Vallecano,Mallorca,7,1.5384615384615385,0.38461538461538464,2.6666666666666665,1.4615384615384615,1.0769230769230769,13,1.1538461538461537,-0.46153846153846156,0.8333333333333334,1.0,1.4615384615384615,4.0,4.0,3.769230769230769,3.923076923076923,3.769230769230769,4.076923076923077,2.6153846153846154,3.3846153846153846,0.36538461538461536,0.25,1.176923076923077,0.6384615384615384,0.5384615384615385,6,1.8433734939759039,0,7,6,6,22,20,4,6,7,20,15,3,H
2021-11-26,Ath Bilbao,Granada,8,1.4615384615384615,0.23076923076923078,1.6666666666666667,0.8461538461538461,0.6153846153846154,17,0.8461538461538461,-0.6153846153846154,0.8571428571428571,0.9230769230769231,1.5384615384615385,4.076923076923077,2.923076923076923,2.8461538461538463,6.153846153846154,7.153846153846154,4.0,1.8461538461538463,3.076923076923077,0.20754716981132076,0.3157894736842105,0.9692307692307691,0.4230769230769231,0.546153846153846,9,2.2909090909090906,0,6,4,4,26,15,5,6,8,21,29,1,D
2021-11-27,Alaves,Celta,14,1.0769230769230769,-0.5384615384615384,1.2857142857142858,0.7692307692307693,1.3076923076923077,15,0.9285714285714286,-0.2857142857142857,1.3333333333333333,1.0,1.2857142857142858,3.1538461538461537,3.2857142857142856,4.076923076923077,4.5,3.3846153846153846,4.571428571428571,2.3846153846153846,2.642857142857143,0.24390243902439024,0.30434782608695654,0.5307692307692308,0.5785714285714286,-0.047802197802197854,1,0.9173789173789173,1,11,8,4,17,23,6,7,6,25,23,5,A
2021-11-27,Valencia,Vallecano,10,1.2857142857142858,0.07142857142857142,1.7142857142857142,1.5,1.4285714285714286,6,1.6428571428571428,0.5,0.5714285714285714,1.5714285714285714,1.0714285714285714,4.142857142857143,4.142857142857143,4.214285714285714,3.857142857142857,4.5,3.9285714285714284,3.5,2.642857142857143,0.3620689655172414,0.3793103448275862,0.9642857142857144,1.2857142857142856,-0.3214285714285712,-4,0.7500000000000002,0,6,8,9,21,23,7,7,6,24,22,-1,D
2021-11-27,Mallorca,Getafe,14,1.0714285714285714,-0.5714285714285714,1.4285714285714286,1.0,1.5714285714285714,19,0.6428571428571429,-0.6428571428571429,0.2857142857142857,0.7142857142857143,1.3571428571428572,4.071428571428571,3.2142857142857144,4.071428571428571,3.7142857142857144,4.071428571428571,4.285714285714286,3.2857142857142856,3.5,0.24561403508771928,0.2222222222222222,0.5642857142857143,0.27142857142857146,0.2928571428571428,5,2.078947368421052,0,4,7,9,24,19,7,7,6,23,20,-3,D
2021-11-27,Villarreal,Barcelona,12,1.2307692307692308,0.15384615384615385,1.8333333333333333,1.1538461538461537,1.0,7,1.5384615384615385,0.38461538461538464,0.6,1.5384615384615385,1.1538461538461537,4.0,4.6923076923076925,3.0,3.230769230769231,4.615384615384615,6.230769230769231,2.5384615384615383,2.5384615384615383,0.28846153846153844,0.32786885245901637,0.8923076923076924,1.1923076923076925,-0.30000000000000016,-5,0.7483870967741935,0,5,6,8,19,19,5,6,7,20,16,0,A
2021-11-28,Espanol,Sociedad,11,1.2142857142857142,0.0,2.0,1.0,1.0,2,2.0714285714285716,0.6428571428571429,2.0,1.3571428571428572,0.7142857142857143,3.642857142857143,4.357142857142857,4.714285714285714,2.9285714285714284,5.928571428571429,4.142857142857143,2.142857142857143,2.2857142857142856,0.27450980392156865,0.3114754098360656,0.8071428571428572,1.5,-0.6928571428571428,-9,0.5380952380952381,0,5,6,6,21,32,9,7,3,17,20,-4,H
2021-11-28,Betis,Levante,6,1.7142857142857142,0.35714285714285715,1.5714285714285714,1.5714285714285714,1.2142857142857142,20,0.5,-0.9285714285714286,0.2857142857142857,0.8571428571428571,1.7857142857142858,5.214285714285714,3.2142857142857144,3.5,4.785714285714286,4.428571428571429,3.4285714285714284,2.5,3.0714285714285716,0.3013698630136986,0.26666666666666666,1.2785714285714285,0.14285714285714285,1.1357142857142857,14,8.95,0,9,10,8,20,22,2,6,12,22,25,7,H
2021-11-28,Real Madrid,Sevilla,1,2.3076923076923075,1.3846153846153846,2.2,2.4615384615384617,1.0769230769230769,3,2.1538461538461537,1.0769230769230769,1.7142857142857142,1.7692307692307692,0.6923076923076923,6.461538461538462,4.6923076923076925,3.769230769230769,2.923076923076923,5.769230769230769,4.153846153846154,1.6923076923076923,2.923076923076923,0.38095238095238093,0.3770491803278688,2.0615384615384613,1.7538461538461538,0.3076923076923075,2,1.175438596491228,0,13,10,4,30,16,11,12,6,26,18,2,H
2021-11-28,Cadiz,Ath Madrid,17,0.8571428571428571,-0.7857142857142857,0.5714285714285714,0.8571428571428571,1.6428571428571428,5,2.0,0.6923076923076923,1.8333333333333333,1.6923076923076923,1.0,2.5,3.923076923076923,4.785714285714286,2.3076923076923075,4.357142857142857,5.538461538461538,2.642857142857143,3.3076923076923075,0.34285714285714286,0.43137254901960786,0.36428571428571427,1.546153846153846,-1.1818681318681317,-12,0.2356076759061834,0,5,5,10,16,27,9,11,7,25,16,-4,A
2021-11-29,Osasuna,Elche,11,1.3571428571428572,-0.2857142857142857,0.8571428571428571,1.0,1.2857142857142858,18,0.7857142857142857,-0.6428571428571429,0.5714285714285714,0.7857142857142857,1.4285714285714286,3.357142857142857,3.142857142857143,3.7857142857142856,4.642857142857143,4.857142857142857,4.5,2.4285714285714284,2.357142857142857,0.2978723404255319,0.25,0.7928571428571429,0.3571428571428571,0.43571428571428583,7,2.2200000000000006,0,2,1,6,14,17,2,5,10,18,27,0,D
2021-12-01,Real Madrid,Ath Bilbao,1,2.357142857142857,1.3571428571428572,2.3333333333333335,2.4285714285714284,1.0714285714285714,8,1.4285714285714286,0.21428571428571427,1.2857142857142858,0.9285714285714286,0.7142857142857143,6.285714285714286,4.142857142857143,3.9285714285714284,2.9285714285714284,5.357142857142857,7.214285714285714,1.7857142857142858,1.8571428571428572,0.38636363636363635,0.22413793103448276,2.0714285714285716,0.9642857142857143,1.1071428571428572,7,2.1481481481481484,0,13,10,4,29,20,4,4,5,24,16,9,H
2021-12-03,Granada,Alaves,16,0.8571428571428571,-0.5714285714285714,0.8333333333333334,1.0,1.5714285714285714,15,1.0,-0.5714285714285714,0.8333333333333334,0.7857142857142857,1.3571428571428572,3.0,3.2857142857142856,6.071428571428571,4.142857142857143,3.9285714285714284,3.5,2.9285714285714284,2.4285714285714284,0.3333333333333333,0.2391304347826087,0.45714285714285713,0.48571428571428577,-0.028571428571428636,-1,0.9411764705882352,1,5,7,9,21,28,8,7,6,18,24,-3,H
2021-12-04,Sevilla,Villarreal,4,2.0,0.9285714285714286,2.6666666666666665,1.7142857142857142,0.7857142857142857,12,1.1428571428571428,0.0,0.7142857142857143,1.1428571428571428,1.1428571428571428,4.785714285714286,3.857142857142857,3.0,3.2142857142857144,4.142857142857143,4.571428571428571,2.9285714285714284,2.5,0.3582089552238806,0.2962962962962963,1.6214285714285714,0.7999999999999999,0.8214285714285715,8,2.0267857142857144,0,8,8,5,21,15,5,6,9,18,18,3,H
2021-12-04,Barcelona,Betis,7,1.6428571428571428,0.5,2.125,1.6428571428571428,1.1428571428571428,5,1.8,0.4666666666666667,1.8571428571428572,1.6666666666666667,1.2,4.785714285714286,5.4,3.142857142857143,3.4,6.071428571428571,4.466666666666667,2.5,2.466666666666667,0.34328358208955223,0.30864197530864196,1.3,1.3733333333333335,-0.07333333333333347,-2,0.9466019417475727,1,8,8,6,24,13,9,10,7,23,21,-1,A
2021-12-04,Ath Madrid,Mallorca,4,2.0714285714285716,0.8571428571428571,2.142857142857143,1.8571428571428572,1.0,14,1.0666666666666667,-0.5333333333333333,0.7142857142857143,0.9333333333333333,1.4666666666666666,4.142857142857143,3.933333333333333,2.142857142857143,3.8,5.714285714285714,3.933333333333333,3.0714285714285716,3.2666666666666666,0.4482758620689655,0.23728813559322035,1.6642857142857144,0.5599999999999999,1.1042857142857145,10,2.9719387755102047,0,11,13,6,28,12,4,5,7,22,13,7,A
2021-12-04,Sociedad,Real Madrid,5,1.9333333333333333,0.5333333333333333,2.142857142857143,1.2666666666666666,0.7333333333333333,1,2.4,1.3333333333333333,2.375,2.3333333333333335,1.0,4.333333333333333,6.333333333333333,2.8666666666666667,3.8,4.466666666666667,5.466666666666667,2.2,1.8,0.2923076923076923,0.3684210526315789,1.3800000000000001,2.0666666666666664,-0.6866666666666663,-4,0.6677419354838711,0,8,5,2,17,18,15,11,4,33,22,-7,A
2021-12-05,Levante,Osasuna,20,0.4666666666666667,-1.0,0.7142857142857143,0.8666666666666667,1.8666666666666667,10,1.3333333333333333,-0.26666666666666666,1.8571428571428572,1.0,1.2666666666666666,3.1333333333333333,3.4,5.0,3.8,3.7333333333333334,4.866666666666666,3.066666666666667,2.3333333333333335,0.2765957446808511,0.29411764705882354,0.10666666666666669,0.7866666666666666,-0.6799999999999999,-10,0.13559322033898308,0,2,4,10,17,22,2,1,6,12,17,0,D
2021-12-05,Celta,Valencia,14,1.0666666666666667,-0.2,0.625,1.0666666666666667,1.2666666666666666,11,1.2666666666666666,0.06666666666666667,0.8571428571428571,1.4666666666666666,1.4,3.4,4.133333333333334,4.533333333333333,4.333333333333333,4.466666666666667,4.4,2.6,3.6666666666666665,0.3137254901960784,0.3548387096774194,0.6866666666666666,0.9466666666666667,-0.26,-3,0.7253521126760564,0,6,6,7,22,26,6,7,8,19,25,0,A
2021-12-05,Vallecano,Espanol,6,1.6,0.4666666666666667,2.7142857142857144,1.5333333333333334,1.0666666666666667,11,1.3333333333333333,0.06666666666666667,0.42857142857142855,1.0,0.9333333333333333,4.266666666666667,3.533333333333333,3.8666666666666667,4.666666666666667,4.266666666666667,5.666666666666667,2.8,2.066666666666667,0.359375,0.2830188679245283,1.2466666666666668,0.8866666666666667,0.3600000000000001,5,1.406015037593985,0,8,6,4,27,21,7,5,4,16,29,1,H
2021-12-05,Elche,Cadiz,17,0.8,-0.6,1.0,0.8,1.4,18,0.8,-0.9333333333333333,1.1428571428571428,0.8666666666666667,1.8,3.2,2.3333333333333335,4.6,4.933333333333334,4.466666666666667,4.333333333333333,2.4,2.6,0.25,0.37142857142857144,0.38000000000000006,0.2933333333333334,0.08666666666666667,1,1.2954545454545454,1,2,4,9,15,24,5,6,12,12,30,-3,H
2021-12-06,Getafe,Ath Bilbao,19,0.6666666666666666,-0.6,1.0,0.6666666666666666,1.2666666666666666,10,1.3333333333333333,0.13333333333333333,1.125,0.8666666666666667,0.7333333333333333,3.0,4.0,3.6,3.2,4.0,7.133333333333334,3.2666666666666666,1.9333333333333333,0.2222222222222222,0.21666666666666667,0.2866666666666666,0.88,-0.5933333333333334,-9,0.3257575757575757,0,8,7,3,21,14,3,3,5,19,20,5,D
2021-12-10,Mallorca,Celta,12,1.1875,-0.4375,1.375,1.0,1.4375,14,1.0,-0.25,1.5714285714285714,1.0625,1.3125,3.875,3.5,3.9375,4.5625,4.0,4.5625,3.375,2.625,0.25806451612903225,0.30357142857142855,0.6625000000000001,0.6375,0.025000000000000133,2,1.03921568627451,1,6,6,7,21,16,6,7,7,21,27,0,D
2021-12-11,Espanol,Levante,11,1.25,0.0,2.125,0.9375,0.9375,20,0.5,-0.9375,0.25,0.8125,1.75,3.5,3.125,4.375,4.75,5.5,3.9375,2.1875,3.0,0.26785714285714285,0.26,0.8125,0.13125,0.68125,9,6.19047619047619,0,6,4,4,16,22,2,2,8,17,20,4,H
2021-12-11,Alaves,Getafe,17,0.9333333333333333,-0.6,1.125,0.8,1.4,19,0.6875,-0.5625,0.375,0.625,1.1875,3.2,3.125,4.0,3.5625,3.6,4.0625,2.4,3.1875,0.25,0.2,0.4466666666666667,0.30000000000000004,0.14666666666666667,2,1.488888888888889,1,5,7,8,15,25,8,6,2,22,14,-3,D
2021-12-11,Valencia,Elche,9,1.375,0.125,1.625,1.5,1.375,16,0.9375,-0.4375,0.625,0.9375,1.375,4.1875,3.1875,4.375,4.6875,4.375,4.375,3.5625,2.6875,0.3582089552238806,0.29411764705882354,1.025,0.525,0.4999999999999999,7,1.952380952380952,0,9,8,5,20,21,5,7,9,17,25,4,H
2021-12-11,Ath Bilbao,Sevilla,10,1.3125,0.125,1.5714285714285714,0.8125,0.6875,2,2.066666666666667,0.9333333333333333,1.5,1.6666666666666667,0.7333333333333333,3.9375,4.666666666666667,3.3125,2.933333333333333,6.875,4.2,1.875,2.8666666666666667,0.20634920634920634,0.35714285714285715,0.85625,1.646666666666667,-0.790416666666667,-8,0.51998987854251,0,3,2,4,17,22,10,8,4,21,13,-7,A
2021-12-12,Villarreal,Vallecano,14,1.0666666666666667,-0.06666666666666667,1.5714285714285714,1.0666666666666667,1.1333333333333333,6,1.6875,0.5,0.625,1.5,1.0,3.7333333333333334,4.0,3.2,3.8125,4.8,4.375,2.466666666666667,2.8125,0.2857142857142857,0.375,0.7266666666666667,1.2937500000000002,-0.5670833333333335,-8,0.5616747181964573,0,4,3,7,15,17,8,6,4,24,23,-4,H
2021-12-12,Osasuna,Barcelona,11,1.3125,-0.25,0.875,0.9375,1.1875,8,1.5333333333333334,0.4,1.0,1.5333333333333334,1.1333333333333333,3.25,4.666666666666667,3.75,3.066666666666667,4.6875,6.066666666666666,2.375,2.4,0.28846153846153844,0.32857142857142857,0.76875,1.1933333333333334,-0.4245833333333333,-3,0.6442039106145252,0,2,1,6,13,17,8,8,6,26,12,-6,D
2021-12-12,Betis,Sociedad,3,1.875,0.5,1.75,1.625,1.125,5,1.8125,0.375,1.75,1.1875,0.8125,5.1875,4.0625,3.375,3.1875,4.25,4.5,2.4375,2.1875,0.3132530120481928,0.2923076923076923,1.4124999999999999,1.25625,0.15624999999999978,2,1.124378109452736,1,9,7,6,16,20,5,3,4,13,20,4,H
2021-12-12,Real Madrid,Ath Madrid,1,2.4375,1.375,2.4285714285714284,2.3125,0.9375,4,1.9333333333333333,0.7333333333333333,2.0,1.8,1.0666666666666667,6.4375,4.266666666666667,3.5625,2.2,5.4375,5.866666666666666,1.6875,3.0,0.3592233009708738,0.421875,2.09375,1.5466666666666666,0.5470833333333334,3,1.3537176724137931,0,15,11,3,36,18,10,12,6,31,12,5,H
2021-12-13,Cadiz,Granada,19,0.75,-1.0,0.5,0.875,1.875,15,1.0,-0.4666666666666667,0.875,1.0666666666666667,1.5333333333333334,2.5625,2.933333333333333,4.8125,5.8,4.25,3.8666666666666667,2.625,2.8666666666666667,0.34146341463414637,0.36363636363636365,0.25,0.5733333333333334,-0.32333333333333336,-4,0.436046511627907,0,4,4,12,14,28,7,8,9,20,26,-3,D
2021-12-17,Celta,Espanol,14,1.0,-0.23529411764705882,0.5555555555555556,1.0,1.2352941176470589,9,1.3529411764705883,0.058823529411764705,0.375,1.1176470588235294,1.0588235294117647,3.588235294117647,3.764705882352941,4.352941176470588,4.411764705882353,4.529411764705882,5.411764705882353,2.588235294117647,2.2941176470588234,0.2786885245901639,0.296875,0.6294117647058823,0.9176470588235295,-0.28823529411764715,-5,0.6858974358974358,0,6,7,7,22,23,9,7,5,21,20,-3,H
2021-12-18,Sociedad,Villarreal,5,1.7058823529411764,0.11764705882352941,1.875,1.1176470588235294,1.0,14,1.1875,0.0625,0.625,1.125,1.0625,4.117647058823529,3.8125,3.2941176470588234,3.4375,4.647058823529412,4.8125,2.1176470588235294,2.375,0.2714285714285714,0.29508196721311475,1.111764705882353,0.8375,0.27426470588235297,9,1.3274802458296753,0,4,2,7,15,20,7,5,5,19,21,-3,A
2021-12-18,Vallecano,Alaves,6,1.588235294117647,0.35294117647058826,2.75,1.411764705882353,1.0588235294117647,17,0.9375,-0.5625,0.7142857142857143,0.8125,1.375,4.176470588235294,3.0625,3.8823529411764706,3.875,4.470588235294118,3.4375,2.823529411764706,2.5625,0.3380281690140845,0.2653061224489796,1.1823529411764706,0.4625,0.7198529411764706,11,2.5564387917329094,0,7,6,6,26,24,5,7,8,14,22,2,H
2021-12-18,Sevilla,Ath Madrid,2,2.125,0.9375,2.7142857142857144,1.625,0.6875,5,1.8125,0.5625,1.75,1.6875,1.125,4.4375,4.375,2.875,2.25,4.0625,5.875,2.875,3.0,0.36619718309859156,0.38571428571428573,1.66875,1.4125,0.25624999999999987,3,1.1814159292035398,0,10,7,4,18,12,7,9,8,28,14,3,H
2021-12-18,Barcelona,Elche,8,1.5,0.375,1.8888888888888888,1.5625,1.1875,16,0.8823529411764706,-0.47058823529411764,0.5555555555555556,0.9411764705882353,1.411764705882353,4.5,3.235294117647059,3.0625,4.882352941176471,6.0,4.176470588235294,2.5,2.6470588235294117,0.3472222222222222,0.2909090909090909,1.175,0.48823529411764705,0.6867647058823529,8,2.4066265060240966,0,8,9,7,23,13,5,7,9,17,28,3,H
2021-12-19,Granada,Mallorca,15,1.0,-0.4375,1.1428571428571428,1.0625,1.5,14,1.1764705882352942,-0.4117647058823529,1.0,0.9411764705882353,1.3529411764705883,3.0625,3.7058823529411766,5.625,4.0,3.6875,4.176470588235294,2.6875,3.3529411764705883,0.3469387755102041,0.25396825396825395,0.58125,0.6529411764705882,-0.0716911764705882,-1,0.8902027027027027,1,5,6,10,19,26,6,5,6,17,19,-1,H
2021-12-19,Ath Bilbao,Betis,12,1.2352941176470589,0.058823529411764705,1.375,0.7647058823529411,0.7058823529411765,3,1.9411764705882353,0.7058823529411765,2.0,1.7647058823529411,1.0588235294117647,3.823529411764706,5.176470588235294,3.176470588235294,3.4705882352941178,7.0,4.235294117647059,2.0,2.4705882352941178,0.2,0.3409090909090909,0.7882352941176471,1.535294117647059,-0.7470588235294118,-9,0.5134099616858238,0,3,2,4,14,19,12,11,3,20,16,-9,H
2021-12-19,Getafe,Osasuna,19,0.7058823529411765,-0.5294117647058824,1.0,0.6470588235294118,1.1764705882352942,12,1.2941176470588236,-0.23529411764705882,1.75,1.0,1.2352941176470589,3.0588235294117645,3.235294117647059,3.411764705882353,3.6470588235294117,3.8823529411764706,4.764705882352941,3.235294117647059,2.5294117647058822,0.21153846153846154,0.3090909090909091,0.32352941176470595,0.7764705882352942,-0.4529411764705883,-7,0.4166666666666667,0,6,5,2,17,12,3,3,6,13,15,3,H
2021-12-19,Real Madrid,Cadiz,1,2.4705882352941178,1.411764705882353,2.5,2.2941176470588234,0.8823529411764706,19,0.7647058823529411,-0.9411764705882353,1.0,0.8823529411764706,1.8235294117647058,6.235294117647059,2.588235294117647,3.7058823529411766,4.823529411764706,5.294117647058823,4.470588235294118,1.7058823529411764,2.823529411764706,0.36792452830188677,0.3409090909090909,2.1176470588235294,0.27647058823529413,1.8411764705882354,18,7.659574468085106,0,15,11,2,32,17,4,4,12,15,28,11,D
2021-12-20,Levante,Valencia,20,0.47058823529411764,-0.9411764705882353,0.75,0.9411764705882353,1.8823529411764706,8,1.4705882352941178,0.17647058823529413,1.125,1.5294117647058822,1.3529411764705883,3.235294117647059,4.411764705882353,4.9411764705882355,4.352941176470588,3.823529411764706,4.588235294117647,3.1176470588235294,3.5294117647058822,0.2909090909090909,0.3466666666666667,0.1411764705882353,1.0941176470588236,-0.9529411764705884,-12,0.12903225806451613,0,2,5,9,19,22,9,8,6,25,24,-7,A
2021-12-21,Villarreal,Alaves,11,1.2941176470588236,0.17647058823529413,1.75,1.2352941176470589,1.0588235294117647,18,0.8823529411764706,-0.6470588235294118,0.625,0.7647058823529411,1.411764705882353,4.0588235294117645,3.1176470588235294,3.4705882352941178,3.9411764705882355,4.823529411764706,3.5294117647058822,2.411764705882353,2.5294117647058822,0.30434782608695654,0.24528301886792453,0.9470588235294118,0.4,0.5470588235294118,7,2.3676470588235294,0,7,7,6,23,23,2,5,9,15,20,5,H
2021-12-21,Sevilla,Barcelona,2,2.176470588235294,0.9411764705882353,2.75,1.6470588235294117,0.7058823529411765,8,1.588235294117647,0.4117647058823529,1.0,1.6470588235294117,1.2352941176470589,4.294117647058823,4.705882352941177,2.8823529411764706,3.0588235294117645,4.0588235294117645,5.9411764705882355,2.823529411764706,2.411764705882353,0.3835616438356164,0.35,1.7,1.2470588235294118,0.4529411764705882,6,1.3632075471698113,0,10,7,5,18,14,10,9,6,25,12,0,D
2021-12-22,Granada,Ath Madrid,15,1.1176470588235294,-0.23529411764705882,1.375,1.2352941176470589,1.4705882352941178,5,1.7058823529411764,0.47058823529411764,1.5555555555555556,1.6470588235294117,1.1764705882352942,3.235294117647059,4.294117647058823,5.588235294117647,2.235294117647059,3.7058823529411766,5.9411764705882355,2.7058823529411766,2.8823529411764706,0.38181818181818183,0.3835616438356164,0.7352941176470589,1.3235294117647058,-0.588235294117647,-10,0.5555555555555556,0,8,10,9,20,25,6,7,7,24,11,2,H
2021-12-22,Ath Bilbao,Real Madrid,10,1.3333333333333333,0.1111111111111111,1.5555555555555556,0.8888888888888888,0.7777777777777778,1,2.388888888888889,1.3333333333333333,2.4444444444444446,2.1666666666666665,0.8333333333333334,3.9444444444444446,6.388888888888889,3.4444444444444446,3.5,6.888888888888889,5.722222222222222,1.9444444444444444,1.6666666666666667,0.22535211267605634,0.3391304347826087,0.8777777777777778,2.0277777777777777,-1.15,-9,0.4328767123287671,0,5,5,6,18,25,13,7,1,31,14,-8,A
2021-12-31,Valencia,Espanol,8,1.5555555555555556,0.2222222222222222,1.7777777777777777,1.6666666666666667,1.4444444444444444,11,1.2777777777777777,-0.05555555555555555,0.3333333333333333,1.1111111111111112,1.1666666666666667,4.611111111111111,3.7222222222222223,4.611111111111111,4.444444444444445,4.555555555555555,5.277777777777778,3.5555555555555554,2.2222222222222223,0.3614457831325301,0.29850746268656714,1.1777777777777778,0.8444444444444443,0.3333333333333335,3,1.3947368421052635,0,11,9,6,28,26,6,6,8,18,20,5,A
2022-01-02,Getafe,Real Madrid,16,0.8333333333333334,-0.4444444444444444,1.2222222222222223,0.6666666666666666,1.1111111111111112,1,2.4210526315789473,1.3157894736842106,2.5,2.1578947368421053,0.8421052631578947,3.111111111111111,6.421052631578948,3.3333333333333335,3.4210526315789473,3.888888888888889,5.421052631578948,3.2222222222222223,1.6842105263157894,0.21428571428571427,0.3360655737704918,0.41666666666666663,2.036842105263158,-1.6201754385964913,-15,0.2045650301464255,0,9,6,1,19,10,13,7,1,34,10,-4,H
2022-01-02,Ath Madrid,Vallecano,5,1.6111111111111112,0.3888888888888889,1.875,1.6111111111111112,1.2222222222222223,4,1.6666666666666667,0.4444444444444444,0.5555555555555556,1.4444444444444444,1.0,4.222222222222222,4.222222222222222,2.3333333333333335,3.888888888888889,6.0,4.5,2.7777777777777777,2.7222222222222223,0.3815789473684211,0.34210526315789475,1.2444444444444445,1.2555555555555555,-0.011111111111111072,-1,0.9911504424778761,1,3,7,9,25,12,10,7,4,24,21,-7,H
2022-01-02,Elche,Granada,17,0.8333333333333334,-0.5,1.25,1.0,1.5,12,1.2222222222222223,-0.16666666666666666,0.8888888888888888,1.2777777777777777,1.4444444444444444,3.2222222222222223,3.2777777777777777,5.055555555555555,5.444444444444445,3.9444444444444446,3.611111111111111,2.6666666666666665,2.7777777777777777,0.3103448275862069,0.3898305084745763,0.46666666666666673,0.8166666666666667,-0.3499999999999999,-5,0.5714285714285715,0,4,7,10,18,30,11,11,6,21,18,-7,D
2022-01-02,Alaves,Sociedad,18,0.8333333333333334,-0.7777777777777778,1.1111111111111112,0.8333333333333334,1.6111111111111112,6,1.6111111111111112,0.0,1.5555555555555556,1.1111111111111112,1.1111111111111112,3.0555555555555554,4.111111111111111,4.277777777777778,3.5555555555555554,3.4444444444444446,4.666666666666667,2.5,2.1666666666666665,0.2727272727272727,0.2702702702702703,0.35000000000000003,1.027777777777778,-0.6777777777777778,-12,0.34054054054054056,0,1,5,12,14,24,1,1,10,15,26,0,D
2022-01-02,Betis,Celta,3,1.8333333333333333,0.6111111111111112,1.8888888888888888,1.7777777777777777,1.1666666666666667,14,1.1111111111111112,-0.1111111111111111,1.5,1.1111111111111112,1.2222222222222223,5.333333333333333,3.6666666666666665,3.611111111111111,4.277777777777778,4.333333333333333,4.444444444444445,2.5,2.5555555555555554,0.3333333333333333,0.30303030303030304,1.4555555555555557,0.7444444444444445,0.7111111111111112,11,1.955223880597015,0,12,13,4,27,20,8,7,5,23,20,4,A
2022-01-02,Mallorca,Barcelona,15,1.1111111111111112,-0.5555555555555556,1.3333333333333333,0.9444444444444444,1.5,7,1.5555555555555556,0.3888888888888889,1.0,1.6111111111111112,1.2222222222222223,3.7777777777777777,4.833333333333333,4.111111111111111,2.9444444444444446,4.055555555555555,6.111111111111111,3.2777777777777777,2.4444444444444446,0.25,0.3333333333333333,0.5777777777777778,1.2166666666666668,-0.638888888888889,-8,0.4748858447488584,0,5,4,8,16,23,8,9,7,26,11,-3,A
2022-01-03,Villarreal,Levante,10,1.3888888888888888,0.3333333333333333,1.8888888888888888,1.4444444444444444,1.1111111111111112,20,0.4444444444444444,-0.9444444444444444,0.2222222222222222,1.0555555555555556,2.0,4.388888888888889,3.5555555555555554,3.388888888888889,5.111111111111111,4.888888888888889,3.9444444444444446,2.2777777777777777,3.111111111111111,0.3291139240506329,0.296875,1.0833333333333333,0.15000000000000002,0.9333333333333332,10,7.2222222222222205,0,9,11,7,27,22,2,7,11,21,27,7,H
2022-01-03,Osasuna,Ath Bilbao,14,1.2222222222222223,-0.2777777777777778,0.8888888888888888,0.9444444444444444,1.2222222222222223,11,1.263157894736842,0.05263157894736842,1.1111111111111112,0.8947368421052632,0.8421052631578947,3.1666666666666665,3.8421052631578947,3.6666666666666665,3.6315789473684212,4.666666666666667,6.894736842105263,2.4444444444444446,1.9473684210526316,0.2982456140350877,0.2328767123287671,0.7166666666666667,0.8263157894736842,-0.10964912280701755,-3,0.8673036093418259,1,3,3,5,13,15,4,4,6,15,28,-1,A
2022-01-03,Cadiz,Sevilla,19,0.7777777777777778,-0.8888888888888888,0.5555555555555556,0.8333333333333334,1.7222222222222223,2,2.111111111111111,0.8888888888888888,1.6666666666666667,1.6111111111111112,0.7222222222222222,2.4444444444444446,4.111111111111111,5.055555555555555,3.111111111111111,4.333333333333333,4.055555555555555,2.7222222222222223,2.8333333333333335,0.3409090909090909,0.3918918918918919,0.2888888888888889,1.6444444444444444,-1.3555555555555554,-17,0.1756756756756757,0,2,3,12,11,32,10,6,4,13,18,-8,A
2022-01-08,Levante,Mallorca,20,0.42105263157894735,-1.1578947368421053,0.6666666666666666,1.0,2.1578947368421053,15,1.0526315789473684,-0.5789473684210527,0.8888888888888888,0.8947368421052632,1.4736842105263157,3.526315789473684,3.736842105263158,5.2105263157894735,4.105263157894737,4.0,4.052631578947368,3.0526315789473686,3.3684210526315788,0.2835820895522388,0.23943661971830985,0.06315789473684208,0.531578947368421,-0.46842105263157896,-5,0.11881188118811876,0,1,7,16,22,32,5,3,6,14,21,-4,H
2022-01-08,Sociedad,Celta,7,1.5789473684210527,0.0,1.6666666666666667,1.105263157894737,1.105263157894737,12,1.2105263157894737,0.0,1.6666666666666667,1.1578947368421053,1.1578947368421053,4.105263157894737,3.736842105263158,3.6315789473684212,4.421052631578948,4.578947368421052,4.368421052631579,2.210526315789474,2.526315789473684,0.2692307692307692,0.30985915492957744,1.0105263157894737,0.8368421052631579,0.17368421052631577,5,1.2075471698113207,1,1,2,11,17,28,10,8,4,25,21,-9,H
2022-01-08,Granada,Barcelona,13,1.2105263157894737,-0.15789473684210525,1.5555555555555556,1.2105263157894737,1.368421052631579,6,1.631578947368421,0.42105263157894735,1.2222222222222223,1.5789473684210527,1.1578947368421053,3.3684210526315788,4.7894736842105265,5.2631578947368425,2.9473684210526314,3.5789473684210527,5.947368421052632,2.789473684210526,2.4210526315789473,0.359375,0.32967032967032966,0.7999999999999999,1.2578947368421052,-0.45789473684210524,-7,0.6359832635983264,0,11,9,4,22,15,8,7,6,24,12,3,D
2022-01-08,Real Madrid,Valencia,1,2.3,1.2,2.3333333333333335,2.05,0.85,9,1.4736842105263157,0.15789473684210525,1.3333333333333333,1.631578947368421,1.4736842105263157,6.3,4.473684210526316,3.4,4.578947368421052,5.6,4.684210526315789,1.7,3.789473684210526,0.3253968253968254,0.36470588235294116,1.9199999999999997,1.1105263157894738,0.8094736842105259,8,1.7289099526066347,0,10,6,2,31,11,10,10,8,27,28,0,H
2022-01-09,Vallecano,Betis,7,1.5789473684210527,0.3157894736842105,2.7777777777777777,1.368421052631579,1.0526315789473684,3,1.736842105263158,0.47368421052631576,1.7777777777777777,1.6842105263157894,1.2105263157894737,4.0,5.421052631578948,3.9473684210526314,3.6842105263157894,4.368421052631579,4.2631578947368425,2.5789473684210527,2.4210526315789473,0.34210526315789475,0.3106796116504854,1.1578947368421053,1.3473684210526315,-0.18947368421052624,-4,0.859375,1,7,4,5,18,21,9,10,6,30,21,-2,D
2022-01-09,Sevilla,Getafe,2,2.1578947368421053,0.8947368421052632,2.5555555555555554,1.5789473684210527,0.6842105263157895,16,0.9473684210526315,-0.3684210526315789,0.4444444444444444,0.6842105263157895,1.0526315789473684,4.105263157894737,3.1052631578947367,3.0526315789473686,3.3684210526315788,4.2631578947368425,3.789473684210526,2.736842105263158,3.210526315789474,0.38461538461538464,0.22033898305084745,1.6631578947368422,0.5,1.1631578947368422,14,3.3263157894736843,0,13,6,2,11,16,9,3,1,14,12,4,H
2022-01-09,Alaves,Ath Bilbao,18,0.8421052631578947,-0.7368421052631579,1.1,0.8421052631578947,1.5789473684210527,10,1.35,0.15,1.3,1.0,0.85,3.1578947368421053,3.9,4.2631578947368425,3.65,3.3684210526315788,6.8,2.526315789473684,1.95,0.26666666666666666,0.2564102564102564,0.3684210526315789,0.9200000000000002,-0.5515789473684212,-8,0.4004576659038901,0,2,5,11,14,23,7,7,6,18,25,-5,D
2022-01-09,Osasuna,Cadiz,14,1.1578947368421053,-0.3684210526315789,0.8,0.9473684210526315,1.3157894736842106,19,0.7368421052631579,-0.8947368421052632,1.0,0.7894736842105263,1.6842105263157894,3.210526315789474,2.4210526315789473,3.736842105263158,5.0,4.631578947368421,4.2105263157894735,2.6315789473684212,2.5789473684210527,0.29508196721311475,0.32608695652173914,0.6578947368421053,0.2578947368421053,0.4,5,2.5510204081632653,0,3,4,7,14,18,2,3,9,11,28,1,H
2022-01-09,Villarreal,Ath Madrid,8,1.4736842105263157,0.5789473684210527,2.0,1.631578947368421,1.0526315789473684,5,1.6842105263157894,0.47368421052631576,1.4,1.631578947368421,1.1578947368421053,4.526315789473684,4.2631578947368425,3.3684210526315788,2.210526315789474,4.947368421052632,6.105263157894737,2.3157894736842106,2.789473684210526,0.36046511627906974,0.38271604938271603,1.236842105263158,1.3105263157894735,-0.07368421052631557,-3,0.9437751004016066,1,12,15,4,32,19,3,5,8,23,12,9,D
2022-01-10,Espanol,Elche,11,1.368421052631579,0.0,2.2222222222222223,1.1578947368421053,1.1578947368421053,18,0.8421052631578947,-0.47368421052631576,0.5,0.9473684210526315,1.4210526315789473,3.736842105263158,3.1578947368421053,4.315789473684211,5.052631578947368,5.2631578947368425,4.052631578947368,2.263157894736842,2.736842105263158,0.30985915492957744,0.3,0.9157894736842106,0.46842105263157896,0.44736842105263164,7,1.955056179775281,0,9,8,8,20,16,5,7,7,16,31,4,A
2022-01-16,Elche,Villarreal,16,0.95,-0.4,1.2222222222222223,1.0,1.4,8,1.45,0.55,0.8888888888888888,1.65,1.1,3.1,4.45,4.95,3.45,3.85,5.05,2.9,2.2,0.3225806451612903,0.3707865168539326,0.5549999999999999,1.22,-0.665,-8,0.4549180327868852,0,7,8,7,14,30,13,17,5,33,21,-6,H
2022-01-18,Betis,Alaves,3,1.7,0.45,1.7,1.65,1.2,18,0.85,-0.7,0.5555555555555556,0.8,1.5,5.4,3.05,3.85,4.15,4.25,3.55,2.5,2.5,0.3055555555555556,0.26229508196721313,1.315,0.375,0.94,15,3.5066666666666664,0,7,8,6,27,26,3,4,9,13,23,4,H
2022-01-18,Cadiz,Espanol,19,0.7,-0.95,0.5,0.75,1.7,11,1.3,-0.05,0.6,1.15,1.2,2.35,3.7,5.0,4.2,4.35,5.65,2.55,2.35,0.3191489361702128,0.3108108108108108,0.21500000000000002,0.865,-0.6499999999999999,-8,0.24855491329479773,0,2,2,7,12,26,6,8,10,21,14,-4,D
2022-01-19,Celta,Osasuna,14,1.15,-0.05,0.8,1.1,1.15,12,1.25,-0.25,1.5555555555555556,1.0,1.25,3.55,3.3,4.35,3.6,4.35,4.65,2.55,2.6,0.30985915492957744,0.30303030303030304,0.78,0.75,0.030000000000000027,-2,1.04,1,7,6,4,20,19,5,5,6,15,15,2,H
2022-01-19,Valencia,Sevilla,10,1.4,0.0,1.6,1.6,1.6,2,2.2,0.9,1.8,1.55,0.65,4.6,3.95,4.75,3.0,4.85,4.3,3.75,2.65,0.34782608695652173,0.3924050632911392,1.02,1.6800000000000002,-0.6600000000000001,-8,0.6071428571428571,0,9,10,11,30,30,13,6,2,9,16,-4,D
2022-01-20,Getafe,Granada,17,0.9,-0.4,1.4,0.65,1.05,14,1.2,-0.15,0.9,1.2,1.35,3.05,3.4,3.25,5.05,3.7,3.55,3.2,2.75,0.21311475409836064,0.35294117647058826,0.46,0.7949999999999999,-0.3349999999999999,-3,0.578616352201258,0,8,3,2,16,11,9,8,4,24,14,-1,H
2022-01-21,Espanol,Betis,11,1.2857142857142858,-0.047619047619047616,2.0,1.1904761904761905,1.2380952380952381,3,1.7619047619047619,0.6190476190476191,1.7,1.7619047619047619,1.1428571428571428,3.857142857142857,5.380952380952381,4.190476190476191,3.761904761904762,5.476190476190476,4.428571428571429,2.2857142857142856,2.4761904761904763,0.30864197530864196,0.3274336283185841,0.8666666666666668,1.4190476190476191,-0.5523809523809523,-8,0.6107382550335572,0,7,10,11,25,18,7,11,6,30,25,0,A
2022-01-22,Villarreal,Mallorca,8,1.380952380952381,0.47619047619047616,1.9090909090909092,1.5714285714285714,1.0952380952380953,17,1.0,-0.65,0.8,0.85,1.5,4.428571428571429,3.95,3.380952380952381,4.3,5.190476190476191,4.1,2.238095238095238,3.25,0.3548387096774194,0.21518987341772153,1.1476190476190475,0.475,0.6726190476190476,9,2.4160401002506267,0,10,15,6,32,16,4,3,8,20,29,6,H
2022-01-22,Levante,Cadiz,20,0.55,-1.0,0.9,1.05,2.05,19,0.7142857142857143,-0.9047619047619048,0.9,0.8095238095238095,1.7142857142857142,3.75,2.4285714285714284,5.35,5.095238095238095,4.05,4.285714285714286,3.1,2.6666666666666665,0.28,0.3333333333333333,0.18500000000000005,0.24761904761904766,-0.0626190476190476,-1,0.7471153846153847,1,4,8,13,28,32,3,3,6,10,30,1,A
2022-01-22,Ath Madrid,Valencia,4,1.65,0.45,2.0,1.65,1.2,9,1.380952380952381,0.0,1.2,1.5714285714285714,1.5714285714285714,4.3,4.476190476190476,2.25,4.666666666666667,5.95,4.809523809523809,2.8,3.761904761904762,0.38372093023255816,0.35106382978723405,1.29,1.0047619047619047,0.2852380952380953,5,1.2838862559241706,0,4,6,8,22,12,7,9,11,27,28,-3,H
2022-01-22,Sevilla,Celta,2,2.142857142857143,0.8571428571428571,2.6,1.5238095238095237,0.6666666666666666,12,1.2380952380952381,0.047619047619047616,1.5,1.1428571428571428,1.0952380952380953,3.9047619047619047,3.5238095238095237,2.9523809523809526,4.142857142857143,4.285714285714286,4.142857142857143,2.6666666666666665,2.4761904761904763,0.3902439024390244,0.32432432432432434,1.6333333333333333,0.8619047619047618,0.7714285714285715,10,1.8950276243093924,0,11,6,3,11,16,10,7,2,18,14,1,D
2022-01-23,Granada,Osasuna,14,1.1428571428571428,-0.23809523809523808,1.5,1.2380952380952381,1.4761904761904763,13,1.1904761904761905,-0.3333333333333333,1.4,0.9523809523809523,1.2857142857142858,3.4285714285714284,3.142857142857143,5.0,3.5714285714285716,3.761904761904762,4.666666666666667,2.8095238095238093,2.5714285714285716,0.3611111111111111,0.30303030303030304,0.7476190476190476,0.6857142857142857,0.06190476190476191,-1,1.0902777777777777,1,8,9,7,23,15,4,5,8,14,15,4,A
2022-01-23,Real Madrid,Elche,1,2.3333333333333335,1.2857142857142858,2.4,2.142857142857143,0.8571428571428571,15,1.0476190476190477,-0.3333333333333333,0.7272727272727273,1.0,1.3333333333333333,6.380952380952381,3.0476190476190474,3.5714285714285716,4.904761904761905,5.476190476190476,3.8095238095238093,1.7619047619047619,2.9523809523809526,0.3358208955223881,0.328125,1.980952380952381,0.6238095238095238,1.3571428571428572,14,3.1755725190839694,0,10,8,3,31,18,7,6,6,13,28,3,D
2022-01-23,Sociedad,Getafe,5,1.65,0.05,1.8,1.1,1.05,16,1.0,-0.2857142857142857,0.4,0.8095238095238095,1.0952380952380953,4.05,3.0952380952380953,3.45,3.2857142857142856,4.65,3.7142857142857144,2.25,3.1904761904761907,0.2716049382716049,0.26153846153846155,1.06,0.5761904761904763,0.4838095238095238,11,1.8396694214876033,0,4,3,10,16,26,10,7,4,15,12,-6,D
2022-01-23,Vallecano,Ath Bilbao,8,1.55,0.3,2.6,1.35,1.05,10,1.3333333333333333,0.14285714285714285,1.2727272727272727,0.9523809523809523,0.8095238095238095,4.15,3.8095238095238093,4.0,3.5238095238095237,4.45,6.714285714285714,2.5,1.8571428571428572,0.3253012048192771,0.25,1.135,0.8999999999999999,0.2350000000000001,2,1.2611111111111113,1,7,4,5,19,22,7,7,6,17,21,0,A
2022-01-23,Alaves,Barcelona,19,0.8095238095238095,-0.8571428571428571,1.0909090909090908,0.7619047619047619,1.619047619047619,7,1.6,0.4,1.2,1.55,1.15,3.0,4.6,4.190476190476191,3.0,3.5238095238095237,5.75,2.380952380952381,2.6,0.25396825396825395,0.33695652173913043,0.30000000000000004,1.23,-0.9299999999999999,-12,0.2439024390243903,0,2,3,12,14,26,9,8,6,22,14,-7,A
2022-02-04,Getafe,Levante,16,1.0,-0.2727272727272727,1.5454545454545454,0.7727272727272727,1.0454545454545454,20,0.5238095238095238,-1.0476190476190477,0.2,1.0,2.0476190476190474,3.0454545454545454,3.9523809523809526,3.272727272727273,5.190476190476191,3.6363636363636362,4.238095238095238,3.090909090909091,3.142857142857143,0.2537313432835821,0.25301204819277107,0.5727272727272728,0.14761904761904765,0.4251082251082251,4,3.8797653958944274,0,10,6,3,15,14,3,8,15,33,33,7,H
2022-02-05,Mallorca,Cadiz,17,0.9523809523809523,-0.7619047619047619,1.2,0.8095238095238095,1.5714285714285714,18,0.8181818181818182,-0.7727272727272727,1.0909090909090908,0.8636363636363636,1.6363636363636365,3.857142857142857,2.409090909090909,4.380952380952381,5.2272727272727275,4.190476190476191,4.181818181818182,3.238095238095238,2.8181818181818183,0.20987654320987653,0.3584905660377358,0.4095238095238095,0.35000000000000003,0.05952380952380948,1,1.170068027210884,1,1,1,10,19,29,5,4,5,9,33,-4,H
2022-02-05,Celta,Vallecano,12,1.2272727272727273,0.045454545454545456,1.0,1.1818181818181819,1.1363636363636365,8,1.4761904761904763,0.23809523809523808,0.5,1.2857142857142858,1.0476190476190477,3.5454545454545454,4.095238095238095,4.181818181818182,3.9523809523809526,3.9545454545454546,4.666666666666667,2.5454545454545454,2.4285714285714284,0.3333333333333333,0.313953488372093,0.8636363636363638,1.0666666666666667,-0.2030303030303029,-4,0.809659090909091,1,10,9,4,17,18,4,3,6,22,22,6,H
2022-02-05,Elche,Alaves,16,1.0454545454545454,-0.3181818181818182,1.4,1.0454545454545454,1.3636363636363635,19,0.7727272727272727,-0.8636363636363636,0.5,0.7272727272727273,1.5909090909090908,3.0,2.9545454545454546,5.045454545454546,4.181818181818182,3.772727272727273,3.409090909090909,2.8636363636363638,2.272727272727273,0.3484848484848485,0.24615384615384617,0.6363636363636364,0.2727272727272727,0.36363636363636365,3,2.3333333333333335,0,8,7,6,11,28,2,3,11,12,25,6,H
2022-02-05,Osasuna,Sevilla,12,1.2727272727272727,-0.22727272727272727,1.0,1.0,1.2272727272727273,2,2.090909090909091,0.8181818181818182,1.7272727272727273,1.5454545454545454,0.7272727272727273,3.3181818181818183,3.9545454545454546,3.5,3.0,4.590909090909091,4.409090909090909,2.5454545454545454,2.590909090909091,0.3013698630136986,0.39080459770114945,0.7681818181818181,1.5999999999999999,-0.8318181818181818,-10,0.48011363636363635,0,6,5,6,18,15,9,6,4,14,17,-3,D
2022-02-06,Valencia,Sociedad,11,1.3181818181818181,-0.045454545454545456,1.5454545454545454,1.5909090909090908,1.6363636363636365,6,1.619047619047619,0.047619047619047616,1.5,1.0476190476190477,1.0,4.409090909090909,4.0,4.7272727272727275,3.380952380952381,4.7727272727272725,4.761904761904762,3.8636363636363638,2.1904761904761907,0.36082474226804123,0.2619047619047619,0.9636363636363636,1.0333333333333332,-0.06969696969696959,-5,0.9325513196480939,1,4,9,13,22,30,5,3,8,19,20,-1,D
2022-02-06,Barcelona,Ath Madrid,5,1.6666666666666667,0.42857142857142855,2.0,1.5238095238095237,1.0952380952380953,4,1.7142857142857142,0.47619047619047616,1.3636363636363635,1.7142857142857142,1.2380952380952381,4.571428571428571,4.380952380952381,2.9523809523809526,2.2857142857142856,5.9523809523809526,5.904761904761905,2.4761904761904763,2.9047619047619047,0.3333333333333333,0.391304347826087,1.2666666666666666,1.342857142857143,-0.07619047619047636,-1,0.9432624113475176,1,11,7,4,24,13,7,9,8,22,12,4,H
2022-02-06,Betis,Villarreal,3,1.8181818181818181,0.7272727272727273,1.8181818181818181,1.8636363636363635,1.1363636363636365,7,1.4545454545454546,0.5909090909090909,0.8,1.6363636363636365,1.0454545454545454,5.5,4.5,3.772727272727273,3.3181818181818183,4.454545454545454,5.409090909090909,2.5454545454545454,2.1818181818181817,0.33884297520661155,0.36363636363636365,1.5,1.231818181818182,0.2681818181818181,4,1.2177121771217712,0,7,11,7,33,24,10,15,5,30,14,-3,A
2022-02-06,Real Madrid,Granada,1,2.272727272727273,1.2272727272727273,2.272727272727273,2.1363636363636362,0.9090909090909091,16,1.0909090909090908,-0.3181818181818182,0.8181818181818182,1.1818181818181819,1.5,6.454545454545454,3.3636363636363638,3.5,5.090909090909091,5.681818181818182,3.772727272727273,1.8181818181818181,2.6818181818181817,0.33098591549295775,0.35135135135135137,1.9318181818181819,0.6863636363636363,1.2454545454545456,15,2.8145695364238414,0,8,8,5,36,14,5,5,8,19,17,3,H
2022-02-07,Ath Bilbao,Espanol,8,1.4090909090909092,0.18181818181818182,1.4,0.9545454545454546,0.7727272727272727,13,1.2272727272727273,-0.18181818181818182,0.6363636363636364,1.1818181818181819,1.3636363636363635,3.772727272727273,3.8636363636363638,3.5,4.363636363636363,6.7272727272727275,5.5,2.0454545454545454,2.3636363636363638,0.25301204819277107,0.3058823529411765,0.9500000000000001,0.7954545454545454,0.15454545454545465,5,1.1942857142857144,1,10,8,5,18,23,4,7,12,21,21,6,H
2022-02-11,Sevilla,Elche,2,2.0434782608695654,0.782608695652174,2.4545454545454546,1.4782608695652173,0.6956521739130435,14,1.1304347826086956,-0.21739130434782608,0.75,1.1304347826086956,1.3478260869565217,3.9565217391304346,3.0434782608695654,3.0,4.913043478260869,4.260869565217392,3.9130434782608696,2.5217391304347827,2.782608695652174,0.37362637362637363,0.37142857142857144,1.5521739130434784,0.726086956521739,0.8260869565217394,12,2.137724550898204,0,9,5,3,17,13,11,8,4,12,22,-2,H
2022-02-12,Cadiz,Celta,18,0.782608695652174,-0.782608695652174,0.5454545454545454,0.8695652173913043,1.6521739130434783,10,1.3043478260869565,0.13043478260869565,1.4545454545454546,1.2173913043478262,1.0869565217391304,2.5217391304347827,3.5217391304347827,5.217391304347826,4.0,4.173913043478261,4.086956521739131,2.869565217391304,2.4347826086956523,0.3448275862068966,0.345679012345679,0.33043478260869563,0.9347826086956522,-0.6043478260869566,-8,0.3534883720930232,0,4,5,7,14,29,10,8,3,15,15,-6,D
2022-02-12,Villarreal,Real Madrid,6,1.5217391304347827,0.6521739130434783,2.0,1.6521739130434783,1.0,1,2.3043478260869565,1.2173913043478262,2.272727272727273,2.0869565217391304,0.8695652173913043,4.434782608695652,6.6521739130434785,3.3043478260869565,3.4782608695652173,5.434782608695652,5.826086956521739,2.217391304347826,1.826086956521739,0.37254901960784315,0.3137254901960784,1.2869565217391306,1.934782608695652,-0.6478260869565216,-5,0.6651685393258427,0,10,12,3,23,15,10,9,5,38,17,0,D
2022-02-12,Vallecano,Osasuna,10,1.4090909090909092,0.13636363636363635,2.3636363636363638,1.2272727272727273,1.0909090909090908,12,1.2608695652173914,-0.21739130434782608,1.5454545454545454,0.9565217391304348,1.173913043478261,3.909090909090909,3.3043478260869565,3.909090909090909,3.5217391304347827,4.545454545454546,4.434782608695652,2.409090909090909,2.4782608695652173,0.313953488372093,0.2894736842105263,0.990909090909091,0.7565217391304349,0.2343873517786561,2,1.3098223615464994,1,4,3,6,15,20,7,5,5,19,15,-3,A
2022-02-12,Ath Madrid,Getafe,6,1.6363636363636365,0.36363636363636365,2.1,1.7272727272727273,1.3636363636363635,15,1.0869565217391304,-0.13043478260869565,0.45454545454545453,0.8695652173913043,1.0,4.363636363636363,3.260869565217391,2.3636363636363638,3.217391304347826,5.863636363636363,3.5652173913043477,2.8636363636363638,3.130434782608696,0.3958333333333333,0.26666666666666666,1.272727272727273,0.6782608695652174,0.5944664031620556,9,1.8764568764568768,0,7,10,10,23,14,10,8,3,19,14,-3,H
2022-02-13,Alaves,Valencia,19,0.7391304347826086,-0.9130434782608695,1.0,0.7391304347826086,1.6521739130434783,12,1.3043478260869565,-0.043478260869565216,1.0909090909090908,1.5217391304347827,1.565217391304348,2.9130434782608696,4.3478260869565215,4.173913043478261,4.608695652173913,3.391304347826087,4.956521739130435,2.217391304347826,3.869565217391304,0.2537313432835821,0.35,0.24347826086956523,0.9434782608695652,-0.7,-7,0.25806451612903225,0,2,2,9,12,19,2,5,10,17,23,0,H
2022-02-13,Levante,Betis,20,0.5,-1.1363636363636365,0.8181818181818182,0.9545454545454546,2.090909090909091,3,1.7391304347826086,0.6086956521739131,1.8181818181818181,1.7826086956521738,1.173913043478261,3.8636363636363638,5.391304347826087,5.318181818181818,3.739130434782609,4.409090909090909,4.521739130434782,3.1363636363636362,2.5217391304347827,0.24705882352941178,0.33064516129032256,0.09999999999999998,1.408695652173913,-1.3086956521739128,-17,0.07098765432098765,0,3,5,14,30,33,7,9,6,28,21,-4,A
2022-02-13,Sociedad,Granada,7,1.5909090909090908,0.045454545454545456,1.7272727272727273,1.0,0.9545454545454546,16,1.0434782608695652,-0.34782608695652173,0.75,1.1304347826086956,1.4782608695652173,3.909090909090909,3.347826086956522,3.3636363636363638,5.3478260869565215,4.954545454545454,3.6956521739130435,2.1818181818181817,2.608695652173913,0.2558139534883721,0.33766233766233766,1.009090909090909,0.6434782608695652,0.36561264822134387,9,1.5681818181818181,0,6,3,4,16,18,2,3,8,18,25,4,H
2022-02-13,Espanol,Barcelona,13,1.173913043478261,-0.21739130434782608,1.8181818181818181,1.173913043478261,1.391304347826087,5,1.7272727272727273,0.5,1.3636363636363635,1.6363636363636365,1.1363636363636365,3.8260869565217392,4.545454545454546,4.3478260869565215,3.0,5.391304347826087,5.818181818181818,2.391304347826087,2.5,0.3068181818181818,0.36,0.7565217391304349,1.340909090909091,-0.5843873517786562,-8,0.5641857037582904,0,4,7,11,21,20,11,8,4,20,14,-7,D
2022-02-14,Mallorca,Ath Bilbao,17,1.0454545454545454,-0.6818181818181818,1.3636363636363635,0.8636363636363636,1.5454545454545454,8,1.4782608695652173,0.21739130434782608,1.4166666666666667,1.0,0.782608695652174,3.909090909090909,3.782608695652174,4.409090909090909,3.4782608695652173,4.2727272727272725,6.6521739130434785,3.1818181818181817,2.0869565217391304,0.22093023255813954,0.26436781609195403,0.4909090909090909,1.0043478260869565,-0.5134387351778655,-9,0.4887839433293979,0,3,3,11,23,29,10,7,4,16,18,-7,H
2022-02-16,Ath Madrid,Levante,5,1.6956521739130435,0.391304347826087,2.1818181818181817,1.826086956521739,1.434782608695652,20,0.4782608695652174,-1.173913043478261,0.18181818181818182,1.0,2.1739130434782608,4.478260869565218,3.869565217391304,2.4347826086956523,5.565217391304348,5.826086956521739,4.434782608695652,2.9130434782608696,3.0869565217391304,0.4077669902912621,0.25842696629213485,1.3304347826086955,0.08695652173913043,1.2434782608695651,15,13.304347826086955,0,10,13,11,27,14,3,4,14,25,36,7,A
2022-02-18,Elche,Vallecano,14,1.0833333333333333,-0.2916666666666667,1.5454545454545454,1.0833333333333333,1.375,11,1.3478260869565217,0.0,0.45454545454545453,1.173913043478261,1.173913043478261,2.9583333333333335,3.869565217391304,4.958333333333333,3.9565217391304346,3.9166666666666665,4.521739130434782,2.875,2.391304347826087,0.36619718309859156,0.30337078651685395,0.6708333333333333,0.9086956521739131,-0.23786231884057984,-3,0.7382376395534289,1,10,8,6,11,23,1,1,9,13,21,9,H
2022-02-19,Osasuna,Ath Madrid,9,1.3333333333333333,-0.08333333333333333,1.0,1.0416666666666667,1.125,5,1.625,0.3333333333333333,1.25,1.75,1.4166666666666667,3.375,4.333333333333333,3.5,2.5416666666666665,4.458333333333333,5.791666666666667,2.4166666666666665,2.9166666666666665,0.30864197530864196,0.40384615384615385,0.85,1.2625,-0.4125,-4,0.6732673267326733,0,10,7,2,20,13,7,11,12,23,19,3,A
2022-02-19,Granada,Villarreal,17,1.0,-0.4166666666666667,1.3636363636363635,1.0833333333333333,1.5,7,1.5,0.625,1.0,1.5833333333333333,0.9583333333333334,3.2916666666666665,4.333333333333333,5.458333333333333,3.4166666666666665,3.75,5.333333333333333,2.5833333333333335,2.2083333333333335,0.3291139240506329,0.36538461538461536,0.5916666666666667,1.2541666666666667,-0.6625,-10,0.47176079734219273,0,1,3,10,15,31,8,7,3,18,18,-7,A
2022-02-19,Real Madrid,Alaves,1,2.25,1.1666666666666667,2.3333333333333335,2.0,0.8333333333333334,18,0.8333333333333334,-0.8333333333333334,0.45454545454545453,0.7916666666666666,1.625,6.625,3.0,3.4166666666666665,4.166666666666667,5.708333333333333,3.4583333333333335,1.9166666666666667,2.2916666666666665,0.3018867924528302,0.2638888888888889,1.875,0.325,1.55,17,5.769230769230769,0,8,7,4,37,17,4,3,9,12,19,4,H
2022-02-19,Cadiz,Getafe,19,0.7916666666666666,-0.75,0.5833333333333334,0.8333333333333334,1.5833333333333333,16,1.0416666666666667,-0.16666666666666666,0.4166666666666667,0.9583333333333334,1.125,2.5,3.2916666666666665,5.041666666666667,3.375,4.125,3.5833333333333335,2.875,3.1666666666666665,0.3333333333333333,0.2911392405063291,0.3375,0.6625000000000001,-0.32500000000000007,-3,0.5094339622641509,0,5,5,6,14,26,7,10,7,20,17,-2,D
2022-02-20,Espanol,Sevilla,14,1.1666666666666667,-0.20833333333333334,1.75,1.2083333333333333,1.4166666666666667,2,2.0833333333333335,0.8333333333333334,1.6666666666666667,1.5,0.6666666666666666,3.8333333333333335,4.041666666666667,4.333333333333333,2.9166666666666665,5.291666666666667,4.291666666666667,2.5416666666666665,2.4583333333333335,0.31521739130434784,0.3711340206185567,0.7625000000000001,1.5916666666666668,-0.8291666666666667,-12,0.4790575916230367,0,2,7,12,21,22,9,6,3,19,12,-7,D
2022-02-20,Valencia,Barcelona,12,1.25,-0.08333333333333333,1.5,1.5,1.5833333333333333,6,1.6956521739130435,0.4782608695652174,1.3333333333333333,1.6521739130434783,1.173913043478261,4.333333333333333,4.521739130434782,4.625,3.0434782608695654,5.125,5.782608695652174,3.8333333333333335,2.608695652173913,0.34615384615384615,0.36538461538461536,0.9,1.3217391304347827,-0.4217391304347827,-6,0.6809210526315789,0,2,5,10,19,24,11,9,5,17,17,-9,A
2022-02-20,Betis,Mallorca,3,1.7916666666666667,0.6666666666666666,1.6666666666666667,1.875,1.2083333333333333,16,1.1304347826086956,-0.6086956521739131,0.7272727272727273,0.9565217391304348,1.565217391304348,5.625,3.9565217391304346,3.75,4.304347826086956,4.625,4.3478260869565215,2.5,3.3043478260869565,0.3333333333333333,0.24175824175824176,1.4708333333333334,0.5739130434782609,0.8969202898550726,13,2.5628156565656566,0,10,13,6,32,20,6,5,9,23,25,4,H
2022-02-20,Ath Bilbao,Sociedad,8,1.4166666666666667,0.16666666666666666,1.5454545454545454,1.0416666666666667,0.875,7,1.6521739130434783,0.13043478260869565,1.4545454545454546,1.0434782608695652,0.9130434782608695,3.7083333333333335,4.086956521739131,3.5416666666666665,3.3043478260869565,6.625,5.0,2.1666666666666665,2.0869565217391304,0.2808988764044944,0.2553191489361702,0.9666666666666668,1.0739130434782609,-0.1072463768115941,-1,0.9001349527665318,1,10,8,5,16,16,9,4,1,20,12,1,H
2022-02-21,Celta,Levante,10,1.2916666666666667,0.125,1.1666666666666667,1.1666666666666667,1.0416666666666667,20,0.5833333333333334,-1.0833333333333333,0.4166666666666667,1.0,2.0833333333333335,3.4166666666666665,3.9166666666666665,3.9166666666666665,5.375,4.041666666666667,4.375,2.4166666666666665,3.125,0.34146341463414637,0.2553191489361702,0.9166666666666667,0.16666666666666674,0.75,10,5.499999999999998,0,8,6,3,11,10,6,5,9,27,30,2,D
2022-02-25,Levante,Elche,20,0.6,-1.04,0.75,1.0,2.04,14,1.16,-0.24,0.6923076923076923,1.12,1.36,3.88,3.04,5.32,4.84,4.4,3.84,3.2,2.84,0.25773195876288657,0.3684210526315789,0.188,0.732,-0.544,-6,0.2568306010928962,0,4,4,10,22,26,10,8,6,14,22,-6,H
2022-02-26,Mallorca,Valencia,16,1.0833333333333333,-0.625,1.5,0.9583333333333334,1.5833333333333333,12,1.2,-0.2,1.0,1.48,1.68,3.8333333333333335,4.36,4.333333333333333,4.68,4.458333333333333,5.24,3.25,3.8,0.25,0.3394495412844037,0.5458333333333333,0.8360000000000001,-0.2901666666666668,-4,0.6529106858054226,0,6,6,10,21,26,2,5,10,17,22,4,A
2022-02-26,Getafe,Alaves,15,1.04,-0.16,1.6666666666666667,0.96,1.12,19,0.8,-0.92,0.4166666666666667,0.76,1.68,3.2,2.96,3.32,4.36,3.52,3.36,3.2,2.24,0.3,0.25675675675675674,0.664,0.276,0.388,4,2.4057971014492754,0,8,11,7,19,18,3,3,12,13,26,5,D
2022-02-26,Vallecano,Real Madrid,12,1.2916666666666667,-0.041666666666666664,2.1666666666666665,1.1666666666666667,1.2083333333333333,1,2.28,1.24,2.1666666666666665,2.04,0.8,3.7916666666666665,6.72,4.0,3.36,4.458333333333333,5.76,2.4583333333333335,1.88,0.3076923076923077,0.30357142857142855,0.8666666666666668,1.92,-1.0533333333333332,-11,0.451388888888889,0,1,2,9,15,21,11,10,3,42,16,-10,A
2022-02-26,Ath Madrid,Celta,5,1.68,0.44,2.0,1.8,1.36,10,1.28,0.12,1.4166666666666667,1.16,1.04,4.32,3.44,2.6,3.88,5.64,3.96,2.88,2.44,0.4166666666666667,0.3372093023255814,1.332,0.908,0.42400000000000004,5,1.4669603524229076,0,9,12,10,22,20,9,7,3,15,10,0,H
2022-02-27,Sevilla,Betis,2,2.04,0.8,2.5,1.48,0.68,3,1.84,0.68,1.9166666666666667,1.88,1.2,3.96,5.6,2.96,3.64,4.4,4.6,2.6,2.52,0.37373737373737376,0.3357142857142857,1.556,1.5,0.05600000000000005,1,1.0373333333333334,1,7,6,4,20,14,12,14,6,32,14,-5,H
2022-02-27,Villarreal,Espanol,6,1.56,0.72,1.9230769230769231,1.68,0.96,13,1.16,-0.2,0.5833333333333334,1.2,1.4,4.44,3.84,3.48,4.24,5.2,5.2,2.36,2.6,0.3783783783783784,0.3125,1.332,0.76,0.5720000000000001,7,1.7526315789473685,0,10,9,2,22,18,3,7,11,22,22,7,H
2022-02-27,Barcelona,Ath Bilbao,6,1.75,0.5833333333333334,2.090909090909091,1.75,1.1666666666666667,8,1.48,0.32,1.3076923076923077,1.16,0.84,4.583333333333333,3.88,3.125,3.48,5.666666666666667,6.6,2.6666666666666665,2.24,0.38181818181818183,0.29896907216494845,1.4000000000000001,1.068,0.3320000000000001,2,1.3108614232209739,0,11,12,6,19,19,10,9,4,19,14,1,H
2022-02-27,Sociedad,Osasuna,7,1.5833333333333333,-0.041666666666666664,1.8333333333333333,1.0,1.0416666666666667,11,1.28,-0.2,1.6666666666666667,1.0,1.2,4.0,3.4,3.5,3.52,4.958333333333333,4.44,2.0416666666666665,2.36,0.25,0.29411764705882354,0.9791666666666667,0.78,0.19916666666666671,4,1.2553418803418803,1,8,3,4,18,15,7,5,5,19,16,1,H
2022-02-28,Granada,Cadiz,17,0.96,-0.52,1.25,1.08,1.6,19,0.8,-0.72,1.0,0.84,1.56,3.36,2.48,5.52,4.88,3.96,4.24,2.6,2.88,0.32142857142857145,0.3387096774193548,0.54,0.35200000000000004,0.188,2,1.534090909090909,1,0,3,13,16,37,6,6,5,15,22,-6,D
2022-03-02,Mallorca,Sociedad,16,1.04,-0.64,1.3846153846153846,0.92,1.56,7,1.64,0.0,1.3333333333333333,1.0,1.0,3.8,4.04,4.32,3.4,4.84,5.0,3.28,1.96,0.24210526315789474,0.24752475247524752,0.512,1.02,-0.508,-9,0.5019607843137255,0,6,6,9,16,22,8,3,4,20,16,-2,A
2022-03-04,Alaves,Sevilla,19,0.8076923076923077,-0.8846153846153846,1.1538461538461537,0.8076923076923077,1.6923076923076923,2,2.076923076923077,0.8076923076923077,1.6153846153846154,1.5,0.6923076923076923,2.9615384615384617,3.923076923076923,4.3076923076923075,2.923076923076923,3.269230769230769,4.384615384615385,2.3076923076923075,2.730769230769231,0.2727272727272727,0.38235294117647056,0.30000000000000004,1.580769230769231,-1.2807692307692309,-17,0.18978102189781024,0,4,5,10,14,24,9,7,4,20,14,-5,D
2022-03-05,Osasuna,Villarreal,11,1.2307692307692308,-0.23076923076923078,0.9230769230769231,0.9615384615384616,1.1923076923076923,7,1.6153846153846154,0.8461538461538461,1.1666666666666667,1.8076923076923077,0.9615384615384616,3.3076923076923075,4.6923076923076925,3.576923076923077,3.423076923076923,4.461538461538462,5.384615384615385,2.423076923076923,2.3461538461538463,0.29069767441860467,0.38524590163934425,0.7384615384615385,1.4230769230769231,-0.6846153846153846,-4,0.518918918918919,0,7,5,4,20,18,13,14,2,29,18,-6,H
2022-03-05,Espanol,Getafe,13,1.1153846153846154,-0.34615384615384615,1.6923076923076923,1.1923076923076923,1.5384615384615385,15,1.0384615384615385,-0.15384615384615385,0.46153846153846156,1.0,1.1538461538461537,3.769230769230769,3.1923076923076925,4.5,3.3076923076923075,5.115384615384615,3.6153846153846154,2.5384615384615383,3.1923076923076925,0.3163265306122449,0.3132530120481928,0.6923076923076924,0.6730769230769231,0.019230769230769273,2,1.0285714285714287,1,2,6,14,17,29,6,9,7,18,17,-4,H
2022-03-05,Valencia,Granada,10,1.2692307692307692,-0.15384615384615385,1.3846153846153846,1.4615384615384615,1.6153846153846154,17,0.9615384615384616,-0.5,0.6923076923076923,1.0384615384615385,1.5384615384615385,4.346153846153846,3.269230769230769,4.615384615384615,5.461538461538462,5.076923076923077,3.8076923076923075,3.923076923076923,2.6538461538461537,0.336283185840708,0.3176470588235294,0.8807692307692307,0.5384615384615385,0.3423076923076922,7,1.6357142857142855,0,4,5,9,19,22,1,1,9,13,37,3,H
2022-03-05,Real Madrid,Sociedad,1,2.3076923076923075,1.2307692307692308,2.3846153846153846,2.0,0.7692307692307693,6,1.6923076923076923,0.07692307692307693,1.4615384615384615,1.0384615384615385,0.9615384615384616,6.6923076923076925,4.0,3.423076923076923,3.3076923076923075,5.884615384615385,4.961538461538462,1.9230769230769231,1.9615384615384615,0.2988505747126437,0.25961538461538464,1.923076923076923,1.076923076923077,0.8461538461538458,5,1.7857142857142854,0,11,7,2,40,14,10,5,4,20,15,1,H
2022-03-06,Celta,Mallorca,11,1.2307692307692308,0.038461538461538464,1.1538461538461537,1.1153846153846154,1.0769230769230769,16,1.0,-0.6923076923076923,0.6666666666666666,0.8846153846153846,1.5769230769230769,3.3846153846153846,3.6923076923076925,3.9615384615384617,4.269230769230769,4.153846153846154,4.769230769230769,2.4615384615384617,3.1538461538461537,0.32954545454545453,0.23958333333333334,0.85,0.46923076923076923,0.38076923076923075,5,1.8114754098360655,0,6,5,5,14,16,6,6,8,15,19,0,H
2022-03-06,Betis,Ath Madrid,3,1.7692307692307692,0.6153846153846154,1.7692307692307692,1.8461538461538463,1.2307692307692308,5,1.7307692307692308,0.5,1.3846153846153846,1.8076923076923077,1.3076923076923077,5.461538461538462,4.384615384615385,3.6153846153846154,2.576923076923077,4.576923076923077,5.615384615384615,2.5384615384615383,2.923076923076923,0.3380281690140845,0.41228070175438597,1.4384615384615385,1.376923076923077,0.06153846153846154,2,1.0446927374301676,1,9,11,8,29,15,9,11,8,22,19,0,A
2022-03-06,Cadiz,Vallecano,19,0.8076923076923077,-0.6923076923076923,0.6153846153846154,0.8076923076923077,1.5,13,1.24,-0.08,0.4166666666666667,1.12,1.2,2.5384615384615383,3.84,4.730769230769231,4.08,4.230769230769231,4.48,2.8846153846153846,2.56,0.3181818181818182,0.2916666666666667,0.35769230769230775,0.8200000000000001,-0.4623076923076923,-6,0.4362101313320826,0,6,4,3,15,16,0,1,9,13,22,6,H
2022-03-06,Elche,Barcelona,14,1.1153846153846154,-0.34615384615384615,1.6666666666666667,1.0769230769230769,1.4230769230769231,5,1.8,0.72,1.4615384615384615,1.84,1.12,3.0384615384615383,4.68,4.8076923076923075,3.12,3.8076923076923075,5.64,2.8461538461538463,2.64,0.35443037974683544,0.39316239316239315,0.6692307692307693,1.4840000000000002,-0.8147692307692309,-9,0.4509641302094132,0,7,7,9,15,22,13,15,5,25,18,-6,A
2022-03-07,Ath Bilbao,Levante,8,1.4230769230769231,0.15384615384615385,1.6666666666666667,1.1153846153846154,0.9615384615384616,20,0.6923076923076923,-0.8846153846153846,0.46153846153846156,1.0769230769230769,1.9615384615384615,3.8461538461538463,3.8846153846153846,3.6153846153846154,5.230769230769231,6.346153846153846,4.346153846153846,2.1923076923076925,3.1153846153846154,0.29,0.27722772277227725,0.9807692307692307,0.29615384615384616,0.6846153846153846,12,3.3116883116883113,0,9,9,8,20,20,7,7,8,18,27,2,H
2022-03-11,Ath Madrid,Cadiz,4,1.7777777777777777,0.5555555555555556,2.076923076923077,1.8518518518518519,1.2962962962962963,18,0.8888888888888888,-0.5925925925925926,1.0,0.8518518518518519,1.4444444444444444,4.444444444444445,2.7037037037037037,2.7037037037037037,4.666666666666667,5.518518518518518,4.2592592592592595,2.925925925925926,2.962962962962963,0.4166666666666667,0.3150684931506849,1.425925925925926,0.43703703703703706,0.9888888888888889,14,3.26271186440678,0,12,12,5,24,21,6,4,3,20,11,6,H
2022-03-12,Levante,Espanol,20,0.6666666666666666,-0.9259259259259259,0.9230769230769231,1.0740740740740742,2.0,12,1.1851851851851851,-0.25925925925925924,0.5384615384615384,1.2222222222222223,1.4814814814814814,3.814814814814815,3.6666666666666665,5.37037037037037,4.444444444444445,4.296296296296297,4.962962962962963,3.074074074074074,2.6666666666666665,0.2815533980582524,0.3333333333333333,0.27037037037037037,0.7592592592592593,-0.48888888888888893,-8,0.35609756097560974,0,7,8,8,18,28,5,7,10,14,24,2,D
2022-03-12,Granada,Elche,17,0.9259259259259259,-0.5555555555555556,1.2307692307692308,1.037037037037037,1.5925925925925926,14,1.0740740740740742,-0.37037037037037035,0.6428571428571429,1.0740740740740742,1.4444444444444444,3.1481481481481484,3.037037037037037,5.407407407407407,4.962962962962963,3.888888888888889,3.8518518518518516,2.6666666666666665,2.8518518518518516,0.32941176470588235,0.35365853658536583,0.5037037037037037,0.6407407407407408,-0.13703703703703718,-3,0.7861271676300576,1,1,2,10,11,34,6,6,9,16,23,-5,A
2022-03-12,Villarreal,Celta,7,1.5555555555555556,0.7777777777777778,2.0,1.7407407407407407,0.9629629629629629,10,1.2962962962962963,0.07407407407407407,1.3076923076923077,1.2222222222222223,1.1481481481481481,4.555555555555555,3.5555555555555554,3.4074074074074074,3.925925925925926,5.481481481481482,4.148148148148148,2.259259259259259,2.5925925925925926,0.3821138211382114,0.34375,1.3592592592592592,0.9148148148148149,0.4444444444444443,3,1.48582995951417,0,10,11,3,24,19,8,7,6,18,14,2,H
2022-03-12,Getafe,Valencia,15,1.0,-0.2222222222222222,1.6153846153846154,0.9629629629629629,1.1851851851851851,9,1.3333333333333333,-0.07407407407407407,1.1538461538461537,1.5185185185185186,1.5925925925925926,3.185185185185185,4.333333333333333,3.2222222222222223,4.444444444444445,3.6666666666666665,5.0,3.259259259259259,3.888888888888889,0.3023255813953488,0.3504273504273504,0.625925925925926,0.9481481481481482,-0.3222222222222222,-6,0.66015625,0,5,9,9,19,15,7,6,7,20,16,-2,D
2022-03-13,Vallecano,Sevilla,14,1.1923076923076923,-0.15384615384615385,2.0,1.0769230769230769,1.2307692307692308,2,2.037037037037037,0.7777777777777778,1.5714285714285714,1.4444444444444444,0.6666666666666666,3.8076923076923075,3.925925925925926,4.1923076923076925,2.888888888888889,4.538461538461538,4.407407407407407,2.576923076923077,2.6666666666666665,0.2828282828282828,0.36792452830188677,0.7653846153846154,1.540740740740741,-0.7753561253561255,-12,0.49676405325443784,0,0,1,10,13,26,9,5,2,19,12,-9,D
2022-03-13,Betis,Ath Bilbao,5,1.7037037037037037,0.5185185185185185,1.6428571428571428,1.8148148148148149,1.2962962962962963,8,1.4814814814814814,0.2222222222222222,1.2142857142857142,1.1851851851851851,0.9629629629629629,5.481481481481482,4.037037037037037,3.7037037037037037,3.5555555555555554,4.777777777777778,6.2592592592592595,2.6296296296296298,2.1481481481481484,0.3310810810810811,0.29357798165137616,1.3703703703703702,1.0444444444444443,0.32592592592592595,3,1.3120567375886525,0,6,8,10,27,17,9,11,9,26,19,-3,H
2022-03-13,Sociedad,Alaves,7,1.6296296296296295,-0.037037037037037035,1.9230769230769231,1.037037037037037,1.0740740740740742,19,0.8148148148148148,-0.8518518518518519,0.46153846153846156,0.7777777777777778,1.6296296296296295,3.888888888888889,2.925925925925926,3.4814814814814814,4.296296296296297,4.814814814814815,3.3333333333333335,1.962962962962963,2.3333333333333335,0.26666666666666666,0.26582278481012656,1.011111111111111,0.3074074074074074,0.7037037037037037,12,3.289156626506024,0,9,6,8,19,20,5,5,9,14,24,4,H
2022-03-13,Barcelona,Osasuna,5,1.8461538461538463,0.7307692307692307,2.1666666666666665,1.8461538461538463,1.1153846153846154,11,1.2962962962962963,-0.18518518518518517,1.5384615384615385,0.9629629629629629,1.1481481481481481,4.846153846153846,3.2962962962962963,3.1153846153846154,3.4814814814814814,5.653846153846154,4.518518518518518,2.769230769230769,2.3703703703703702,0.38095238095238093,0.29213483146067415,1.5115384615384615,0.7851851851851852,0.7263532763532763,6,1.9250725689404933,0,13,16,6,30,19,7,4,4,16,17,6,H
2022-03-14,Mallorca,Real Madrid,16,0.9629629629629629,-0.7037037037037037,1.2857142857142858,0.9629629629629629,1.6666666666666667,1,2.3333333333333335,1.2962962962962963,2.230769230769231,2.074074074074074,0.7777777777777778,3.6666666666666665,6.7407407407407405,4.407407407407407,3.3333333333333335,4.777777777777778,5.925925925925926,3.185185185185185,1.8518518518518519,0.26262626262626265,0.3076923076923077,0.46296296296296297,1.9703703703703703,-1.5074074074074073,-15,0.2349624060150376,0,3,7,11,13,22,13,9,1,40,13,-10,A
2022-03-18,Ath Bilbao,Getafe,8,1.4285714285714286,0.17857142857142858,1.7692307692307692,1.1428571428571428,0.9642857142857143,15,1.0,-0.21428571428571427,0.42857142857142855,0.9285714285714286,1.1428571428571428,3.9642857142857144,3.2857142857142856,3.607142857142857,3.107142857142857,6.25,3.7142857142857144,2.25,3.357142857142857,0.2882882882882883,0.2826086956521739,0.9964285714285714,0.6214285714285714,0.375,7,1.603448275862069,0,6,9,9,24,21,3,6,9,17,13,3,D
2022-03-19,Elche,Valencia,14,1.1428571428571428,-0.32142857142857145,1.5384615384615385,1.0714285714285714,1.3928571428571428,9,1.3214285714285714,-0.07142857142857142,1.1428571428571428,1.4642857142857142,1.5357142857142858,3.0,4.178571428571429,4.928571428571429,4.5,3.8214285714285716,4.928571428571429,2.9642857142857144,3.9285714285714284,0.35714285714285715,0.3504273504273504,0.6892857142857143,0.9321428571428572,-0.24285714285714288,-5,0.7394636015325671,1,6,4,8,14,25,7,6,7,17,20,-1,A
2022-03-19,Alaves,Granada,19,0.7857142857142857,-0.8571428571428571,1.1428571428571428,0.75,1.6071428571428572,17,0.8928571428571429,-0.5714285714285714,0.6428571428571429,1.0,1.5714285714285714,2.9642857142857144,3.1785714285714284,4.357142857142857,5.285714285714286,3.357142857142857,3.857142857142857,2.2857142857142856,2.6785714285714284,0.25301204819277107,0.3146067415730337,0.28571428571428575,0.47500000000000003,-0.18928571428571428,-2,0.6015037593984963,1,5,4,7,16,26,1,2,10,12,25,4,A
2022-03-19,Vallecano,Ath Madrid,13,1.1851851851851851,-0.14814814814814814,1.9285714285714286,1.0740740740740742,1.2222222222222223,4,1.8214285714285714,0.5714285714285714,1.5,1.8571428571428572,1.2857142857142858,3.740740740740741,4.464285714285714,4.111111111111111,2.7142857142857144,4.555555555555555,5.321428571428571,2.4814814814814814,3.0,0.2871287128712871,0.416,0.7629629629629631,1.4535714285714285,-0.6906084656084654,-9,0.524888524888525,0,1,2,9,15,25,12,10,3,22,20,-11,A
2022-03-19,Osasuna,Levante,11,1.25,-0.32142857142857145,1.0714285714285714,0.9285714285714286,1.25,20,0.6785714285714286,-0.8928571428571429,0.42857142857142855,1.0714285714285714,1.9642857142857142,3.2857142857142856,3.7857142857142856,3.6785714285714284,5.214285714285714,4.392857142857143,4.428571428571429,2.4285714285714284,3.107142857142857,0.2826086956521739,0.2830188679245283,0.7142857142857143,0.28571428571428575,0.42857142857142855,9,2.4999999999999996,0,6,4,8,16,22,8,7,5,17,18,-2,H
2022-03-20,Espanol,Mallorca,12,1.1785714285714286,-0.25,1.7857142857142858,1.2142857142857142,1.4642857142857142,17,0.9285714285714286,-0.7857142857142857,0.6153846153846154,0.9285714285714286,1.7142857142857142,3.5714285714285716,3.642857142857143,4.392857142857143,4.428571428571429,4.857142857142857,4.642857142857143,2.7142857142857144,3.1785714285714284,0.34,0.2549019607843137,0.7571428571428572,0.4142857142857143,0.3428571428571429,5,1.8275862068965518,0,6,7,9,12,23,0,4,12,11,25,6,H
2022-03-20,Cadiz,Villarreal,18,0.8571428571428571,-0.6071428571428571,0.7857142857142857,0.8571428571428571,1.4642857142857142,7,1.6071428571428572,0.7857142857142857,1.0769230769230769,1.7142857142857142,0.9285714285714286,2.7142857142857144,4.5,4.678571428571429,3.357142857142857,4.25,5.464285714285714,2.892857142857143,2.2142857142857144,0.3157894736842105,0.38095238095238093,0.4178571428571428,1.3821428571428571,-0.9642857142857143,-11,0.3023255813953488,0,6,4,3,18,11,10,10,3,24,18,-4,H
2022-03-20,Celta,Betis,12,1.25,0.03571428571428571,1.2857142857142858,1.1785714285714286,1.1428571428571428,5,1.75,0.5357142857142857,1.7692307692307692,1.7857142857142858,1.25,3.5,5.464285714285714,3.892857142857143,3.642857142857143,4.214285714285714,4.785714285714286,2.5357142857142856,2.7142857142857144,0.336734693877551,0.32679738562091504,0.8714285714285714,1.3928571428571428,-0.5214285714285714,-7,0.6256410256410256,0,5,5,7,17,17,9,9,8,29,16,-4,D
2022-03-20,Sevilla,Sociedad,2,2.0,0.75,2.5384615384615383,1.4285714285714286,0.6785714285714286,6,1.6785714285714286,0.0,1.3571428571428572,1.0357142857142858,1.0357142857142858,3.857142857142857,3.9642857142857144,2.857142857142857,3.5,4.464285714285714,4.857142857142857,2.607142857142857,1.9285714285714286,0.37037037037037035,0.26126126126126126,1.510714285714286,1.0464285714285715,0.4642857142857144,4,1.4436860068259387,0,9,6,3,17,11,9,5,8,17,22,0,D
2022-03-20,Real Madrid,Barcelona,1,2.357142857142857,1.3571428571428572,2.4285714285714284,2.107142857142857,0.75,4,1.8888888888888888,0.8518518518518519,1.5714285714285714,1.9259259259259258,1.0740740740740742,6.678571428571429,5.0,3.3214285714285716,3.111111111111111,5.928571428571429,5.62962962962963,1.8928571428571428,2.6666666666666665,0.3155080213903743,0.3851851851851852,2.007142857142857,1.585185185185185,0.4219576719576721,3,1.2661882510013351,0,13,11,1,34,13,13,16,4,35,18,0,A
2022-04-02,Getafe,Mallorca,15,1.0,-0.20689655172413793,1.5714285714285714,0.9310344827586207,1.1379310344827587,18,0.896551724137931,-0.7931034482758621,0.5714285714285714,0.896551724137931,1.6896551724137931,3.2413793103448274,3.6206896551724137,3.3793103448275863,4.379310344827586,3.6551724137931036,4.689655172413793,3.4827586206896552,3.1724137931034484,0.2872340425531915,0.24761904761904763,0.6241379310344828,0.3896551724137931,0.23448275862068968,3,1.6017699115044248,1,4,4,6,15,17,0,3,11,13,23,4,H
2022-04-02,Levante,Villarreal,20,0.6551724137931034,-0.9310344827586207,0.9285714285714286,1.0689655172413792,2.0,7,1.5517241379310345,0.7241379310344828,1.0,1.6551724137931034,0.9310344827586207,3.793103448275862,4.379310344827586,5.275862068965517,3.4827586206896552,4.310344827586207,5.379310344827586,3.0344827586206895,2.206896551724138,0.2818181818181818,0.3779527559055118,0.26206896551724135,1.3241379310344827,-1.0620689655172413,-13,0.19791666666666666,0,5,7,8,16,24,9,10,4,23,19,-4,H
2022-04-02,Celta,Real Madrid,11,1.2413793103448276,0.034482758620689655,1.2666666666666666,1.1379310344827587,1.103448275862069,1,2.2758620689655173,1.1724137931034482,2.2857142857142856,2.0344827586206895,0.8620689655172413,3.4827586206896552,6.586206896551724,3.793103448275862,3.5517241379310347,4.137931034482759,5.862068965517241,2.4827586206896552,1.9655172413793103,0.32673267326732675,0.3089005235602094,0.8586206896551725,1.896551724137931,-1.0379310344827586,-10,0.45272727272727276,0,5,5,7,19,16,12,11,5,32,21,-7,A
2022-04-02,Ath Madrid,Alaves,4,1.8620689655172413,0.5862068965517241,2.142857142857143,1.8275862068965518,1.2413793103448276,20,0.7586206896551724,-0.8620689655172413,0.42857142857142855,0.7931034482758621,1.6551724137931034,4.413793103448276,3.0689655172413794,2.7241379310344827,4.310344827586207,5.344827586206897,3.4482758620689653,2.9310344827586206,2.3448275862068964,0.4140625,0.25842696629213485,1.4724137931034482,0.2793103448275862,1.193103448275862,16,5.271604938271604,0,15,11,2,24,18,2,4,9,17,25,13,H
2022-04-03,Ath Bilbao,Elche,8,1.4137931034482758,0.1724137931034483,1.7142857142857142,1.1379310344827587,0.9655172413793104,15,1.103448275862069,-0.3448275862068966,0.8,1.0344827586206897,1.3793103448275863,4.206896551724138,2.9655172413793105,3.5517241379310347,4.862068965517241,6.310344827586207,3.8275862068965516,2.310344827586207,3.0,0.27049180327868855,0.3488372093023256,0.9862068965517241,0.6551724137931034,0.3310344827586207,7,1.5052631578947369,0,7,8,7,33,18,6,4,7,15,22,1,H
2022-04-03,Betis,Osasuna,5,1.7241379310344827,0.5172413793103449,1.7333333333333334,1.7241379310344827,1.206896551724138,10,1.3103448275862069,-0.2413793103448276,1.4285714285714286,1.0,1.2413793103448276,5.310344827586207,3.413793103448276,3.6206896551724137,3.689655172413793,4.689655172413793,4.448275862068965,2.689655172413793,2.3448275862068964,0.3246753246753247,0.29292929292929293,1.3620689655172413,0.7827586206896551,0.5793103448275863,5,1.7400881057268724,0,7,5,6,19,15,6,4,9,18,23,1,H
2022-04-03,Granada,Vallecano,16,0.9655172413793104,-0.5172413793103449,1.1428571428571428,1.0689655172413792,1.5862068965517242,13,1.1428571428571428,-0.17857142857142858,0.38461538461538464,1.0357142857142858,1.2142857142857142,3.1724137931034484,3.7142857142857144,5.310344827586207,4.071428571428571,3.793103448275862,4.5,2.8275862068965516,2.392857142857143,0.33695652173913043,0.27884615384615385,0.5413793103448276,0.725,-0.18362068965517242,-3,0.746730083234245,1,4,5,10,13,23,1,2,7,15,23,3,D
2022-04-03,Valencia,Cadiz,9,1.3793103448275863,-0.034482758620689655,1.5,1.4482758620689655,1.4827586206896552,17,0.9310344827586207,-0.5517241379310345,0.9285714285714286,0.8620689655172413,1.4137931034482758,4.137931034482759,2.8620689655172415,4.413793103448276,4.551724137931035,4.827586206896552,4.310344827586207,3.896551724137931,2.896551724137931,0.35,0.30120481927710846,0.9689655172413794,0.4724137931034483,0.4965517241379311,8,2.051094890510949,0,10,6,5,16,17,8,5,3,23,11,2,D
2022-04-03,Barcelona,Sevilla,4,1.9285714285714286,0.9642857142857143,2.230769230769231,2.0,1.0357142857142858,2,1.9655172413793103,0.7241379310344828,1.5333333333333334,1.3793103448275863,0.6551724137931034,5.178571428571429,3.7241379310344827,3.142857142857143,2.8275862068965516,5.535714285714286,4.551724137931035,2.7142857142857144,2.5172413793103448,0.38620689655172413,0.37037037037037035,1.6535714285714285,1.4758620689655173,0.17770935960591117,-2,1.1204105473965287,1,15,18,2,41,18,7,4,3,11,12,8,H
2022-04-04,Sociedad,Espanol,6,1.6551724137931034,0.0,2.0,1.0,1.0,12,1.2413793103448276,-0.20689655172413793,0.5714285714285714,1.206896551724138,1.4137931034482758,3.896551724137931,3.5517241379310347,3.3793103448275863,4.344827586206897,4.793103448275862,4.896551724137931,1.9655172413793103,2.7241379310344827,0.25663716814159293,0.33980582524271846,1.0275862068965518,0.8,0.22758620689655173,6,1.2844827586206897,1,10,5,4,17,14,8,6,7,11,22,2,H
2022-04-08,Sevilla,Granada,4,1.9,0.6666666666666666,2.4285714285714284,1.3333333333333333,0.6666666666666666,16,0.9666666666666667,-0.5,0.8,1.1,1.6,3.7,3.3666666666666667,2.933333333333333,5.266666666666667,4.466666666666667,3.8333333333333335,2.533333333333333,2.8666666666666667,0.36036036036036034,0.32673267326732675,1.4166666666666665,0.5533333333333335,0.8633333333333331,12,2.5602409638554207,0,6,3,3,12,14,5,6,8,17,20,1,H
2022-04-09,Cadiz,Betis,17,0.9333333333333333,-0.5333333333333333,0.9333333333333333,0.8333333333333334,1.3666666666666667,5,1.7666666666666666,0.6,1.7142857142857142,1.8,1.2,2.8666666666666667,5.4,4.433333333333334,3.6,4.266666666666667,4.9,3.033333333333333,2.6333333333333333,0.29069767441860467,0.3333333333333333,0.47333333333333333,1.4233333333333333,-0.95,-12,0.3325526932084309,0,8,4,2,24,11,7,7,6,22,17,1,A
2022-04-09,Mallorca,Ath Madrid,18,0.8666666666666667,-0.8,1.2,0.8666666666666667,1.6666666666666667,4,1.9,0.6666666666666666,1.6,1.9,1.2333333333333334,3.533333333333333,4.533333333333333,4.333333333333333,2.6666666666666665,4.566666666666666,5.433333333333334,3.3,2.8666666666666667,0.24528301886792453,0.41911764705882354,0.3666666666666667,1.5299999999999998,-1.163333333333333,-14,0.2396514161220044,0,0,3,11,11,22,15,12,3,28,15,-15,H
2022-04-09,Villarreal,Ath Bilbao,7,1.5,0.6333333333333333,2.066666666666667,1.6,0.9666666666666667,8,1.4666666666666666,0.2,1.1333333333333333,1.1666666666666667,0.9666666666666667,4.3,4.266666666666667,3.5,3.5,5.466666666666667,6.333333333333333,2.2,2.3,0.37209302325581395,0.2734375,1.26,1.0266666666666666,0.2333333333333334,1,1.2272727272727273,1,6,6,5,18,18,7,6,8,31,18,-1,D
2022-04-09,Real Madrid,Getafe,1,2.3,1.1666666666666667,2.2666666666666666,2.033333333333333,0.8666666666666667,14,1.0666666666666667,-0.16666666666666666,0.4666666666666667,0.9333333333333333,1.1,6.566666666666666,3.2333333333333334,3.566666666666667,3.3,5.766666666666667,3.7,1.9,3.533333333333333,0.3096446700507614,0.28865979381443296,1.9066666666666667,0.67,1.2366666666666668,13,2.845771144278607,0,12,10,6,29,23,6,4,5,17,16,6,H
2022-04-10,Osasuna,Alaves,10,1.2666666666666666,-0.3333333333333333,1.2,1.0,1.3333333333333333,20,0.7333333333333333,-0.9333333333333333,0.4,0.8,1.7333333333333334,3.4,3.0,3.8333333333333335,4.433333333333334,4.533333333333333,3.4,2.3666666666666667,2.2666666666666666,0.29411764705882354,0.26666666666666666,0.7333333333333334,0.2466666666666667,0.4866666666666667,10,2.972972972972973,0,6,5,10,17,27,2,5,10,16,24,4,H
2022-04-10,Espanol,Celta,12,1.2,-0.23333333333333334,1.8666666666666667,1.1666666666666667,1.4,11,1.2,0.0,1.2142857142857142,1.1333333333333333,1.1333333333333333,3.5,3.5,4.4,3.8666666666666667,4.733333333333333,4.3,2.7666666666666666,2.5,0.3333333333333333,0.3238095238095238,0.7633333333333334,0.8266666666666667,-0.06333333333333324,-1,0.9233870967741936,1,7,5,7,9,26,4,5,8,19,19,3,H
2022-04-10,Elche,Sociedad,15,1.0666666666666667,-0.36666666666666664,1.4285714285714286,1.0333333333333334,1.4,6,1.7,0.03333333333333333,1.3333333333333333,1.0,0.9666666666666667,2.933333333333333,3.966666666666667,4.9,3.3333333333333335,3.8333333333333335,4.833333333333333,3.033333333333333,1.9666666666666666,0.3522727272727273,0.25210084033613445,0.63,1.06,-0.43000000000000005,-9,0.5943396226415094,0,3,3,8,12,26,10,5,4,18,15,-7,A
2022-04-10,Levante,Barcelona,19,0.7333333333333333,-0.8333333333333334,1.0666666666666667,1.1,1.9333333333333333,3,1.9655172413793103,0.9655172413793104,1.6666666666666667,1.9655172413793103,1.0,3.8,5.206896551724138,5.166666666666667,3.1379310344827585,4.2,5.655172413793103,3.066666666666667,2.7241379310344827,0.2894736842105263,0.37748344370860926,0.33666666666666667,1.6655172413793102,-1.3288505747126436,-16,0.20213940648723258,0,7,8,7,17,22,15,15,1,41,16,-8,A
2022-04-11,Vallecano,Valencia,13,1.1379310344827587,-0.1724137931034483,1.8,1.0689655172413792,1.2413793103448276,9,1.3666666666666667,-0.03333333333333333,1.2666666666666666,1.4,1.4333333333333333,3.7241379310344827,4.033333333333333,4.241379310344827,4.366666666666666,4.482758620689655,4.8,2.5172413793103448,3.8666666666666667,0.28703703703703703,0.34710743801652894,0.7310344827586207,0.9533333333333334,-0.22229885057471266,-4,0.7668193875090427,1,2,3,7,17,27,11,5,1,12,14,-9,D
2022-04-15,Sociedad,Betis,6,1.7419354838709677,0.06451612903225806,2.066666666666667,1.032258064516129,0.967741935483871,5,1.8064516129032258,0.6129032258064516,1.8,1.8064516129032258,1.1935483870967742,4.032258064516129,5.32258064516129,3.2580645161290325,3.6129032258064515,4.967741935483871,4.870967741935484,2.0,2.6129032258064515,0.256,0.3393939393939394,1.0967741935483872,1.4483870967741936,-0.3516129032258064,-1,0.757238307349666,0,10,5,5,21,15,10,8,5,23,18,0,D
2022-04-16,Elche,Mallorca,15,1.032258064516129,-0.3870967741935484,1.3333333333333333,1.032258064516129,1.4193548387096775,17,0.9354838709677419,-0.7419354838709677,0.5333333333333333,0.8709677419354839,1.6129032258064515,2.870967741935484,3.5161290322580645,4.935483870967742,4.225806451612903,3.967741935483871,4.451612903225806,3.032258064516129,3.225806451612903,0.3595505617977528,0.24770642201834864,0.6064516129032258,0.4193548387096774,0.18709677419354842,2,1.4461538461538463,1,3,4,7,10,28,3,4,9,13,20,0,H
2022-04-16,Alaves,Vallecano,20,0.7096774193548387,-0.9354838709677419,1.0666666666666667,0.7741935483870968,1.7096774193548387,14,1.1333333333333333,-0.16666666666666666,0.42857142857142855,1.0666666666666667,1.2333333333333334,2.967741935483871,3.7333333333333334,4.419354838709677,4.166666666666667,3.3870967741935485,4.5,2.225806451612903,2.533333333333333,0.2608695652173913,0.2857142857142857,0.22903225806451616,0.73,-0.5009677419354839,-6,0.3137428192664605,0,1,3,9,15,25,3,4,7,16,23,-2,H
2022-04-16,Valencia,Osasuna,9,1.3548387096774193,-0.03225806451612903,1.4666666666666666,1.3870967741935485,1.4193548387096775,10,1.3225806451612903,-0.2903225806451613,1.3333333333333333,1.0,1.2903225806451613,3.967741935483871,3.4193548387096775,4.354838709677419,3.774193548387097,4.774193548387097,4.612903225806452,3.870967741935484,2.3870967741935485,0.34959349593495936,0.29245283018867924,0.9451612903225807,0.7741935483870968,0.17096774193548392,1,1.2208333333333334,1,9,5,2,10,15,9,6,9,20,24,0,A
2022-04-16,Getafe,Villarreal,15,1.032258064516129,-0.22580645161290322,1.6666666666666667,0.9032258064516129,1.1290322580645162,7,1.4838709677419355,0.6129032258064516,0.9333333333333333,1.5806451612903225,0.967741935483871,3.129032258064516,4.32258064516129,3.4516129032258065,3.5806451612903225,3.6451612903225805,5.516129032258065,3.4838709677419355,2.193548387096774,0.28865979381443296,0.3656716417910448,0.6290322580645161,1.2419354838709677,-0.6129032258064516,-8,0.5064935064935064,0,5,2,5,14,21,4,2,5,12,22,1,A
2022-04-17,Granada,Levante,16,0.9354838709677419,-0.5483870967741935,1.1333333333333333,1.1290322580645162,1.6774193548387097,20,0.7096774193548387,-0.8387096774193549,0.4,1.1290322580645162,1.967741935483871,3.4193548387096775,3.870967741935484,5.354838709677419,5.225806451612903,3.806451612903226,4.193548387096774,2.838709677419355,3.0,0.330188679245283,0.2916666666666667,0.5290322580645161,0.3290322580645162,0.19999999999999996,4,1.6078431372549018,1,4,8,12,21,24,4,7,10,19,26,0,A
2022-04-17,Ath Madrid,Espanol,4,1.8387096774193548,0.6129032258064516,2.2,1.8387096774193548,1.2258064516129032,11,1.2580645161290323,-0.1935483870967742,0.5333333333333333,1.1612903225806452,1.3548387096774193,4.419354838709677,3.4516129032258065,2.6774193548387095,4.419354838709677,5.451612903225806,4.645161290322581,2.903225806451613,2.806451612903226,0.41605839416058393,0.3364485981308411,1.4709677419354839,0.8032258064516129,0.667741935483871,7,1.8313253012048192,0,12,10,4,23,16,10,5,2,9,20,2,H
2022-04-17,Ath Bilbao,Celta,8,1.4516129032258065,0.1935483870967742,1.8,1.1612903225806452,0.967741935483871,12,1.1612903225806452,-0.03225806451612903,1.1333333333333333,1.096774193548387,1.1290322580645162,4.32258064516129,3.5483870967741935,3.5483870967741935,3.806451612903226,6.193548387096774,4.258064516129032,2.3225806451612905,2.4516129032258065,0.26865671641791045,0.3090909090909091,1.0161290322580645,0.7903225806451614,0.22580645161290314,4,1.2857142857142856,1,8,7,5,34,16,4,5,7,22,15,4,A
2022-04-17,Sevilla,Real Madrid,3,1.935483870967742,0.7096774193548387,2.466666666666667,1.4193548387096775,0.7096774193548387,1,2.3225806451612905,1.1935483870967742,2.3333333333333335,2.032258064516129,0.8387096774193549,3.838709677419355,6.612903225806452,3.0,3.4516129032258065,4.774193548387097,5.903225806451613,2.5161290322580645,1.903225806451613,0.3697478991596639,0.3073170731707317,1.4645161290322581,1.9258064516129034,-0.4612903225806453,-2,0.7604690117252931,0,6,5,4,17,17,12,11,6,31,18,-6,A
2022-04-18,Barcelona,Cadiz,2,2.0,0.9666666666666667,2.2857142857142856,2.0,1.0333333333333334,18,0.9032258064516129,-0.5483870967741935,0.9333333333333333,0.8387096774193549,1.3870967741935485,5.266666666666667,2.903225806451613,3.2333333333333334,4.387096774193548,5.566666666666666,4.387096774193548,2.6666666666666665,2.967741935483871,0.379746835443038,0.28888888888888886,1.69,0.45483870967741935,1.2351612903225806,16,3.7156028368794325,0,15,14,3,41,19,7,5,4,24,13,8,A
2022-04-19,Mallorca,Alaves,18,0.90625,-0.8125,1.3125,0.84375,1.65625,20,0.78125,-0.875,0.375,0.78125,1.65625,3.46875,3.03125,4.15625,4.375,4.34375,3.34375,3.21875,2.21875,0.24324324324324326,0.25773195876288657,0.37812500000000004,0.284375,0.09375000000000006,2,1.3296703296703298,1,3,1,8,12,14,3,4,9,18,24,0,H
2022-04-19,Betis,Elche,5,1.78125,0.59375,1.8125,1.75,1.15625,13,1.09375,-0.28125,0.75,1.09375,1.375,5.21875,2.84375,3.5625,4.84375,4.75,3.90625,2.65625,3.0,0.33532934131736525,0.38461538461538464,1.4187500000000002,0.68125,0.7375000000000002,8,2.0825688073394497,0,11,7,2,19,14,6,6,5,9,21,5,A
2022-04-19,Villarreal,Valencia,7,1.53125,0.625,2.0,1.59375,0.96875,10,1.3125,-0.0625,1.25,1.375,1.4375,4.375,3.96875,3.625,4.3125,5.53125,4.90625,2.125,3.78125,0.36428571428571427,0.3464566929133858,1.271875,0.9125,0.3593750000000001,3,1.3938356164383563,0,7,4,5,17,24,6,3,3,10,18,1,H
2022-04-20,Celta,Getafe,11,1.21875,0.03125,1.1875,1.125,1.09375,15,1.0,-0.25,0.4375,0.90625,1.15625,3.5625,3.1875,3.75,3.53125,4.25,3.71875,2.4375,3.4375,0.3157894736842105,0.28431372549019607,0.84375,0.60625,0.23750000000000004,4,1.3917525773195878,1,4,3,4,18,14,5,3,5,16,26,-1,A
2022-04-20,Osasuna,Real Madrid,9,1.375,-0.25,1.3125,1.03125,1.28125,1,2.34375,1.1875,2.375,2.0625,0.875,3.40625,6.59375,3.78125,3.40625,4.625,5.8125,2.375,1.96875,0.30275229357798167,0.3127962085308057,0.8187500000000001,1.940625,-1.121875,-8,0.42190016103059585,0,9,7,10,20,27,12,10,7,29,19,-3,A
2022-04-20,Ath Madrid,Granada,4,1.875,0.625,2.25,1.84375,1.21875,18,0.90625,-0.625,0.75,1.125,1.75,4.375,3.4375,2.75,5.4375,5.46875,4.09375,3.0,2.9375,0.42142857142857143,0.32727272727272727,1.49375,0.490625,1.0031249999999998,14,3.0445859872611463,0,12,9,4,20,15,4,8,13,25,28,8,D
2022-04-21,Espanol,Vallecano,12,1.21875,-0.21875,1.9375,1.15625,1.375,15,1.096774193548387,-0.1935483870967742,0.4,1.032258064516129,1.2258064516129032,3.5,3.7096774193548385,4.375,4.193548387096774,4.59375,4.741935483870968,2.875,2.5806451612903225,0.33035714285714285,0.2782608695652174,0.7749999999999999,0.6967741935483871,0.07822580645161281,3,1.1122685185185184,1,7,4,4,13,20,3,4,6,16,21,4,A
2022-04-21,Levante,Sevilla,19,0.78125,-0.71875,1.0,1.21875,1.9375,4,1.875,0.65625,1.4375,1.4375,0.78125,4.0,3.78125,5.1875,3.09375,4.125,4.625,2.96875,2.53125,0.3046875,0.38016528925619836,0.41875000000000007,1.421875,-1.0031249999999998,-15,0.29450549450549457,0,7,10,8,25,21,5,7,7,15,21,2,A
2022-04-21,Cadiz,Ath Bilbao,17,0.96875,-0.5,0.875,0.84375,1.34375,8,1.40625,0.125,1.125,1.125,1.0,2.9375,4.25,4.4375,3.5625,4.28125,6.15625,2.90625,2.3125,0.2872340425531915,0.2647058823529412,0.503125,0.965625,-0.4624999999999999,-9,0.5210355987055016,0,7,4,4,21,16,5,4,6,27,18,2,A
2022-04-21,Sociedad,Barcelona,6,1.71875,0.0625,2.0,1.0,0.9375,4,1.935483870967742,0.9032258064516129,1.75,1.935483870967742,1.032258064516129,3.96875,5.290322580645161,3.21875,3.2580645161290325,5.0625,5.645161290322581,2.09375,2.7096774193548385,0.25196850393700787,0.36585365853658536,1.078125,1.6258064516129034,-0.5476814516129034,-2,0.6631324404761905,0,11,4,1,22,9,12,12,3,38,20,-1,A
2022-04-24,Barcelona,Vallecano,2,1.96875,0.90625,2.1333333333333333,1.90625,1.0,14,1.15625,-0.15625,0.5625,1.03125,1.1875,5.15625,3.65625,3.3125,4.125,5.5625,4.90625,2.6875,2.625,0.3696969696969697,0.28205128205128205,1.6375000000000002,0.7375,0.9000000000000001,12,2.2203389830508478,0,12,9,3,30,22,5,4,5,16,21,7,A
2022-04-29,Sevilla,Cadiz,3,1.9090909090909092,0.6666666666666666,2.3125,1.4848484848484849,0.8181818181818182,17,0.9393939393939394,-0.5151515151515151,1.0625,0.8787878787878788,1.393939393939394,3.8484848484848486,3.090909090909091,3.1818181818181817,4.515151515151516,4.606060606060606,4.2727272727272725,2.606060606060606,2.909090909090909,0.3858267716535433,0.28431372549019607,1.4515151515151516,0.49090909090909096,0.9606060606060607,14,2.95679012345679,0,7,9,8,19,25,7,5,5,26,18,0,D
2022-04-30,Real Madrid,Espanol,1,2.3636363636363638,1.2121212121212122,2.3125,2.090909090909091,0.8787878787878788,13,1.1818181818181819,-0.24242424242424243,0.5,1.121212121212121,1.3636363636363635,6.7272727272727275,3.4545454545454546,3.393939393939394,4.303030303030303,5.757575757575758,4.545454545454546,2.0,2.909090909090909,0.3108108108108108,0.32456140350877194,1.9636363636363636,0.7424242424242424,1.2212121212121212,12,2.644897959183673,0,12,10,8,35,19,6,3,4,14,19,6,H
2022-04-30,Valencia,Levante,10,1.2727272727272727,-0.12121212121212122,1.375,1.3333333333333333,1.4545454545454546,19,0.7575757575757576,-0.7272727272727273,0.5625,1.2424242424242424,1.9696969696969697,3.878787878787879,4.0606060606060606,4.333333333333333,5.212121212121212,4.818181818181818,4.303030303030303,3.757575757575758,2.909090909090909,0.34375,0.30597014925373134,0.8666666666666667,0.4090909090909091,0.4575757575757576,9,2.1185185185185182,0,5,3,5,11,17,6,11,10,28,26,-1,D
2022-04-30,Alaves,Villarreal,20,0.7575757575757576,-0.8787878787878788,1.1875,0.7878787878787878,1.6666666666666667,7,1.5757575757575757,0.6666666666666666,1.0625,1.606060606060606,0.9393939393939394,3.0606060606060606,4.393939393939394,4.333333333333333,3.5454545454545454,3.4242424242424243,5.454545454545454,2.3333333333333335,2.121212121212121,0.25742574257425743,0.36551724137931035,0.27272727272727276,1.309090909090909,-1.0363636363636364,-13,0.20833333333333337,0,3,5,10,18,21,7,5,5,19,23,-4,H
2022-04-30,Ath Bilbao,Ath Madrid,8,1.4545454545454546,0.15151515151515152,1.6875,1.1818181818181819,1.0303030303030303,4,1.8484848484848484,0.6060606060606061,1.5,1.7878787878787878,1.1818181818181819,4.333333333333333,4.2727272727272725,3.696969696969697,2.727272727272727,6.0,5.636363636363637,2.4242424242424243,3.0303030303030303,0.2727272727272727,0.41843971631205673,1.009090909090909,1.4636363636363636,-0.4545454545454546,-4,0.6894409937888198,0,8,7,7,32,21,10,7,3,16,14,-2,H
2022-05-01,Granada,Celta,18,0.9090909090909091,-0.6060606060606061,1.0625,1.0909090909090908,1.696969696969697,12,1.1818181818181819,-0.030303030303030304,1.25,1.0909090909090908,1.121212121212121,3.393939393939394,3.515151515151515,5.303030303030303,3.727272727272727,4.0,4.181818181818182,3.0,2.4242424242424243,0.32142857142857145,0.3103448275862069,0.49090909090909085,0.8,-0.3090909090909092,-6,0.6136363636363635,0,5,8,12,23,27,4,3,5,18,14,1,D
2022-05-01,Elche,Osasuna,14,1.1515151515151516,-0.24242424242424243,1.4375,1.0909090909090908,1.3333333333333333,9,1.3333333333333333,-0.30303030303030304,1.4375,1.0303030303030303,1.3333333333333333,2.787878787878788,3.393939393939394,4.787878787878788,4.0,3.878787878787879,4.575757575757576,3.0,2.3333333333333335,0.391304347826087,0.30357142857142855,0.7212121212121212,0.7818181818181817,-0.06060606060606055,-5,0.9224806201550388,1,6,6,5,8,20,9,8,9,20,29,-3,D
2022-05-01,Barcelona,Mallorca,3,1.9090909090909092,0.8484848484848485,2.0,1.8484848484848484,1.0,17,0.9696969696969697,-0.7575757575757576,0.5,0.8787878787878788,1.6363636363636365,5.151515151515151,3.4545454545454546,3.242424242424242,4.151515151515151,5.666666666666667,4.212121212121212,2.727272727272727,3.1818181818181817,0.3588235294117647,0.2543859649122807,1.5787878787878786,0.43333333333333335,1.1454545454545453,14,3.643356643356643,0,9,5,4,25,19,6,3,6,12,13,3,H
2022-05-01,Vallecano,Sociedad,12,1.2121212121212122,-0.12121212121212122,1.75,1.0303030303030303,1.1515151515151516,6,1.6666666666666667,0.030303030303030304,1.4375,0.9696969696969697,0.9393939393939394,3.5757575757575757,4.0,4.151515151515151,3.1515151515151514,4.787878787878788,5.0606060606060606,2.727272727272727,2.0606060606060606,0.288135593220339,0.24242424242424243,0.7757575757575758,1.0363636363636364,-0.2606060606060606,-6,0.7485380116959064,0,8,5,4,14,23,8,3,2,21,6,0,D
2022-05-02,Getafe,Betis,15,1.0606060606060606,-0.18181818181818182,1.5625,0.9393939393939394,1.121212121212121,5,1.7272727272727273,0.5454545454545454,1.75,1.696969696969697,1.1515151515151516,3.1818181818181817,5.151515151515151,3.484848484848485,3.484848484848485,3.6363636363636362,4.666666666666667,3.484848484848485,2.6666666666666665,0.29523809523809524,0.32941176470588235,0.6636363636363636,1.3666666666666667,-0.7030303030303031,-10,0.4855875831485587,0,7,5,5,13,28,8,6,3,17,13,-1,D
2022-05-06,Levante,Sociedad,20,0.7647058823529411,-0.7058823529411765,0.9411764705882353,1.2352941176470589,1.9411764705882353,6,1.6470588235294117,0.029411764705882353,1.411764705882353,0.9705882352941176,0.9411764705882353,4.117647058823529,3.9705882352941178,5.088235294117647,3.264705882352941,4.382352941176471,5.0588235294117645,2.911764705882353,2.0294117647058822,0.3,0.24444444444444444,0.41764705882352937,1.026470588235294,-0.6088235294117647,-14,0.4068767908309456,0,7,11,8,30,20,8,4,3,22,13,-1,H
2022-05-07,Mallorca,Granada,17,0.9411764705882353,-0.7647058823529411,1.411764705882353,0.8823529411764706,1.6470588235294117,18,0.9117647058823529,-0.5882352941176471,0.7647058823529411,1.088235294117647,1.6764705882352942,3.411764705882353,3.4705882352941178,4.176470588235294,5.323529411764706,4.147058823529412,4.029411764705882,3.176470588235294,2.9411764705882355,0.25862068965517243,0.3135593220338983,0.4176470588235295,0.4970588235294118,-0.07941176470588229,1,0.8402366863905326,1,6,4,7,11,15,3,6,11,26,27,3,A
2022-05-07,Ath Bilbao,Valencia,8,1.5,0.20588235294117646,1.7647058823529411,1.2058823529411764,1.0,10,1.2647058823529411,-0.11764705882352941,1.1764705882352942,1.3235294117647058,1.4411764705882353,4.323529411764706,3.7941176470588234,3.676470588235294,4.382352941176471,5.970588235294118,4.705882352941177,2.4411764705882355,3.7941176470588234,0.2789115646258503,0.3488372093023256,1.0529411764705883,0.861764705882353,0.19117647058823528,2,1.2218430034129693,1,10,8,6,25,22,3,3,6,9,21,7,D
2022-05-07,Cadiz,Elche,17,0.9411764705882353,-0.5,0.8235294117647058,0.8823529411764706,1.3823529411764706,13,1.1470588235294117,-0.23529411764705882,0.8823529411764706,1.088235294117647,1.3235294117647058,3.1176470588235294,2.823529411764706,4.5588235294117645,4.735294117647059,4.323529411764706,3.9705882352941178,2.8823529411764706,3.0294117647058822,0.2830188679245283,0.3854166666666667,0.4970588235294118,0.7205882352941176,-0.22352941176470587,-4,0.689795918367347,1,5,5,6,23,23,7,7,5,10,20,-2,H
2022-05-07,Celta,Alaves,12,1.1764705882352942,-0.029411764705882353,1.1176470588235294,1.088235294117647,1.1176470588235294,20,0.8235294117647058,-0.8235294117647058,0.35294117647058826,0.8235294117647058,1.6470588235294117,3.588235294117647,3.1176470588235294,3.7941176470588234,4.382352941176471,4.176470588235294,3.4705882352941178,2.4411764705882355,2.411764705882353,0.30327868852459017,0.2641509433962264,0.7970588235294118,0.32941176470588235,0.46764705882352947,8,2.419642857142857,0,4,4,6,21,19,6,5,8,17,24,-2,H
2022-05-07,Betis,Barcelona,5,1.7058823529411764,0.5294117647058824,1.7058823529411764,1.6470588235294117,1.1176470588235294,2,1.9411764705882353,0.8529411764705882,1.8235294117647058,1.8529411764705883,1.0,5.117647058823529,5.147058823529412,3.4411764705882355,3.2058823529411766,4.647058823529412,5.647058823529412,2.6176470588235294,2.7058823529411766,0.3218390804597701,0.36,1.3411764705882352,1.5970588235294119,-0.25588235294117667,-3,0.8397790055248617,0,8,6,3,20,12,9,6,5,24,18,-1,A
2022-05-08,Getafe,Vallecano,15,1.0588235294117647,-0.17647058823529413,1.5294117647058822,0.9117647058823529,1.088235294117647,12,1.2058823529411764,-0.11764705882352941,0.7058823529411765,1.0294117647058822,1.1470588235294117,3.1470588235294117,3.676470588235294,3.5,4.117647058823529,3.588235294117647,4.882352941176471,3.411764705882353,2.7058823529411766,0.2897196261682243,0.28,0.6588235294117648,0.7735294117647058,-0.11470588235294099,-3,0.8517110266159698,1,7,4,4,13,21,8,4,3,17,17,-1,D
2022-05-08,Villarreal,Sevilla,7,1.5294117647058822,0.6176470588235294,2.0588235294117645,1.588235294117647,0.9705882352941176,3,1.8823529411764706,0.6470588235294118,1.5294117647058822,1.4705882352941178,0.8235294117647058,4.4411764705882355,3.911764705882353,3.588235294117647,3.2058823529411766,5.529411764705882,4.617647058823529,2.1176470588235294,2.588235294117647,0.3576158940397351,0.37593984962406013,1.2676470588235293,1.4294117647058824,-0.16176470588235303,-4,0.8868312757201645,1,7,6,6,24,21,7,10,9,25,27,0,D
2022-05-08,Espanol,Osasuna,14,1.1470588235294117,-0.35294117647058826,1.8235294117647058,1.088235294117647,1.4411764705882353,9,1.3235294117647058,-0.29411764705882354,1.411764705882353,1.0294117647058822,1.3235294117647058,3.5294117647058822,3.3823529411764706,4.323529411764706,4.0,4.647058823529412,4.5588235294117645,2.823529411764706,2.323529411764706,0.30833333333333335,0.30434782608695654,0.6852941176470588,0.7794117647058822,-0.09411764705882342,-5,0.8792452830188681,1,3,2,8,17,21,7,6,9,16,29,-4,D
2022-05-08,Ath Madrid,Real Madrid,4,1.7941176470588236,0.5294117647058824,2.176470588235294,1.7352941176470589,1.2058823529411764,1,2.3823529411764706,1.2941176470588236,2.411764705882353,2.1470588235294117,0.8529411764705882,4.235294117647059,6.676470588235294,2.764705882352941,3.4705882352941178,5.5588235294117645,5.764705882352941,3.0294117647058822,2.0,0.4097222222222222,0.32158590308370044,1.4029411764705884,2.0088235294117647,-0.6058823529411763,-3,0.698389458272328,0,7,6,5,16,15,15,14,4,36,15,-8,H
2022-05-10,Valencia,Betis,10,1.2571428571428571,-0.11428571428571428,1.3529411764705883,1.2857142857142858,1.4,5,1.6571428571428573,0.4857142857142857,1.7058823529411764,1.6285714285714286,1.1428571428571428,3.7142857142857144,5.114285714285714,4.4,3.4857142857142858,4.628571428571429,4.628571428571429,3.8285714285714287,2.5714285714285716,0.34615384615384615,0.31843575418994413,0.8514285714285714,1.3,-0.4485714285714286,-5,0.654945054945055,0,3,3,6,9,23,5,3,4,17,14,-2,A
2022-05-10,Granada,Ath Bilbao,17,0.9714285714285714,-0.45714285714285713,1.0588235294117647,1.2285714285714286,1.6857142857142857,8,1.4857142857142858,0.2,1.2352941176470589,1.1714285714285715,0.9714285714285714,3.5714285714285716,4.3428571428571425,5.4,3.6,4.057142857142857,5.914285714285715,2.914285714285714,2.4857142857142858,0.344,0.26973684210526316,0.5942857142857143,1.0371428571428574,-0.44285714285714306,-9,0.5730027548209365,0,5,10,11,24,31,8,6,5,24,21,-3,H
2022-05-10,Barcelona,Celta,2,1.9714285714285715,0.8571428571428571,2.0588235294117645,1.8571428571428572,1.0,11,1.2285714285714286,0.08571428571428572,1.2352941176470589,1.1714285714285715,1.0857142857142856,5.142857142857143,3.6857142857142855,3.257142857142857,3.7142857142857144,5.714285714285714,4.257142857142857,2.6857142857142855,2.4,0.3611111111111111,0.3178294573643411,1.6142857142857143,0.8742857142857143,0.74,9,1.8464052287581698,0,9,5,4,22,17,7,7,4,24,14,2,H
2022-05-11,Alaves,Espanol,20,0.8,-0.9142857142857143,1.2941176470588236,0.8,1.7142857142857142,13,1.1428571428571428,-0.34285714285714286,0.47058823529411764,1.0857142857142856,1.4285714285714286,3.057142857142857,3.5142857142857142,4.457142857142857,4.3428571428571425,3.4,4.685714285714286,2.4571428571428573,2.7714285714285714,0.2616822429906542,0.3089430894308943,0.2857142857142858,0.6857142857142857,-0.3999999999999999,-7,0.4166666666666668,0,6,4,8,17,23,4,3,8,18,20,2,H
2022-05-11,Osasuna,Getafe,9,1.3142857142857143,-0.2857142857142857,1.2352941176470589,1.0285714285714285,1.3142857142857143,15,1.0571428571428572,-0.17142857142857143,0.5882352941176471,0.8857142857142857,1.0571428571428572,3.4285714285714284,3.2285714285714286,3.9714285714285715,3.4285714285714284,4.6,3.6,2.342857142857143,3.4,0.3,0.2743362831858407,0.7771428571428571,0.6542857142857144,0.12285714285714278,6,1.187772925764192,1,8,6,6,18,24,5,3,4,16,21,3,D
2022-05-11,Sevilla,Mallorca,3,1.8571428571428572,0.6285714285714286,2.235294117647059,1.457142857142857,0.8285714285714286,18,0.9142857142857143,-0.8571428571428571,0.47058823529411764,0.9142857142857143,1.7714285714285714,3.857142857142857,3.5428571428571427,3.2857142857142856,4.257142857142857,4.542857142857143,4.171428571428572,2.5142857142857142,3.1714285714285713,0.37777777777777777,0.25806451612903225,1.4085714285714286,0.3828571428571429,1.0257142857142858,15,3.67910447761194,0,8,11,9,24,27,6,6,12,18,19,2,D
2022-05-11,Elche,Ath Madrid,14,1.1142857142857143,-0.3142857142857143,1.411764705882353,1.0571428571428572,1.3714285714285714,4,1.8285714285714285,0.5428571428571428,1.411764705882353,1.7142857142857142,1.1714285714285715,2.8,4.171428571428572,4.8,2.857142857142857,3.8857142857142857,5.514285714285714,2.9714285714285715,3.0,0.37755102040816324,0.410958904109589,0.6742857142857143,1.42,-0.7457142857142857,-10,0.47484909456740443,0,7,6,6,10,21,7,3,4,10,20,0,A
2022-05-12,Sociedad,Cadiz,6,1.6,0.0,1.8823529411764706,0.9714285714285714,0.9714285714285714,17,1.0,-0.4,1.0588235294117647,0.9428571428571428,1.3428571428571427,4.0285714285714285,3.2285714285714286,3.3714285714285714,4.485714285714286,5.085714285714285,4.428571428571429,2.057142857142857,2.8285714285714287,0.24113475177304963,0.2920353982300885,0.9942857142857143,0.5685714285714286,0.4257142857142857,11,1.7487437185929648,0,5,4,5,22,18,7,8,6,27,24,-2,H
2022-05-12,Vallecano,Villarreal,12,1.2,-0.11428571428571428,1.7058823529411764,1.0,1.1142857142857143,7,1.5142857142857142,0.6,1.0,1.5714285714285714,0.9714285714285714,3.6,4.485714285714286,4.171428571428572,3.5428571428571427,4.885714285714286,5.485714285714286,2.742857142857143,2.142857142857143,0.2777777777777778,0.3503184713375796,0.7657142857142858,1.2514285714285713,-0.48571428571428554,-5,0.6118721461187215,0,8,3,2,14,21,8,7,5,28,19,0,A
2022-05-12,Real Madrid,Levante,1,2.3142857142857145,1.2285714285714286,2.3529411764705883,2.085714285714286,0.8571428571428571,20,0.8285714285714286,-0.6571428571428571,0.5882352941176471,1.2571428571428571,1.9142857142857144,6.6571428571428575,4.2,3.4285714285714284,5.114285714285714,5.771428571428571,4.457142857142857,2.057142857142857,2.8857142857142857,0.3133047210300429,0.29931972789115646,1.942857142857143,0.46857142857142864,1.4742857142857144,19,4.146341463414634,0,12,12,4,36,13,7,11,9,33,24,5,H
2022-05-14,Espanol,Valencia,13,1.1111111111111112,-0.3611111111111111,1.7777777777777777,1.0833333333333333,1.4444444444444444,10,1.2222222222222223,-0.19444444444444445,1.1666666666666667,1.25,1.4444444444444444,3.5,3.75,4.472222222222222,4.416666666666667,4.638888888888889,4.694444444444445,2.8055555555555554,3.75,0.30952380952380953,0.3333333333333333,0.663888888888889,0.8027777777777778,-0.13888888888888884,-3,0.8269896193771626,1,1,3,10,19,24,2,2,8,12,24,-1,D
2022-05-15,Ath Bilbao,Osasuna,8,1.4444444444444444,0.16666666666666666,1.7222222222222223,1.1388888888888888,0.9722222222222222,9,1.3055555555555556,-0.2777777777777778,1.3888888888888888,1.0277777777777777,1.3055555555555556,4.25,3.361111111111111,3.5555555555555554,3.861111111111111,5.944444444444445,4.666666666666667,2.5,2.3333333333333335,0.2679738562091503,0.30578512396694213,1.0,0.7749999999999999,0.2250000000000001,1,1.2903225806451615,1,7,5,5,19,18,6,6,7,15,22,1,H
2022-05-15,Ath Madrid,Sevilla,3,1.8611111111111112,0.5833333333333334,2.2222222222222223,1.7222222222222223,1.1388888888888888,4,1.8333333333333333,0.6111111111111112,1.5,1.4166666666666667,0.8055555555555556,4.222222222222222,3.861111111111111,2.7777777777777777,3.25,5.444444444444445,4.583333333333333,2.9722222222222223,2.5555555555555554,0.40789473684210525,0.3669064748201439,1.4500000000000002,1.3833333333333335,0.06666666666666665,1,1.0481927710843373,1,10,5,3,15,17,6,7,7,20,24,4,D
2022-05-15,Betis,Granada,5,1.6944444444444444,0.5555555555555556,1.6111111111111112,1.6666666666666667,1.1111111111111112,16,1.0277777777777777,-0.4166666666666667,0.8888888888888888,1.2222222222222223,1.6388888888888888,5.111111111111111,3.5277777777777777,3.5277777777777777,5.277777777777778,4.583333333333333,4.0,2.5833333333333335,2.9444444444444446,0.32608695652173914,0.3464566929133858,1.3472222222222223,0.6333333333333333,0.713888888888889,11,2.1271929824561404,0,5,4,3,19,15,8,9,7,21,24,-3,H
2022-05-15,Cadiz,Real Madrid,17,0.9722222222222222,-0.4722222222222222,0.9444444444444444,0.9166666666666666,1.3888888888888888,1,2.3333333333333335,1.3611111111111112,2.2777777777777777,2.1944444444444446,0.8333333333333334,3.1666666666666665,6.916666666666667,4.555555555555555,3.361111111111111,4.638888888888889,5.777777777777778,2.8055555555555554,2.0555555555555554,0.2894736842105263,0.3172690763052209,0.5277777777777778,2.0138888888888893,-1.4861111111111116,-16,0.26206896551724135,0,7,7,7,24,28,12,16,4,44,14,-5,D
2022-05-15,Celta,Elche,11,1.1944444444444444,0.027777777777777776,1.2222222222222223,1.1666666666666667,1.1388888888888888,14,1.0833333333333333,-0.3611111111111111,0.8333333333333334,1.0277777777777777,1.3888888888888888,3.7222222222222223,2.7222222222222223,3.7222222222222223,4.833333333333333,4.361111111111111,3.9444444444444446,2.361111111111111,2.9444444444444446,0.31343283582089554,0.37755102040816324,0.8388888888888889,0.6388888888888888,0.20000000000000007,3,1.3130434782608698,1,7,8,6,24,16,7,5,6,9,21,0,H
2022-05-15,Getafe,Barcelona,15,1.0555555555555556,-0.16666666666666666,1.5,0.8888888888888888,1.0555555555555556,2,2.0,0.8888888888888888,1.8888888888888888,1.8888888888888888,1.0,3.138888888888889,5.111111111111111,3.361111111111111,3.3055555555555554,3.5555555555555554,5.611111111111111,3.4444444444444446,2.6944444444444446,0.2831858407079646,0.3695652173913043,0.6555555555555556,1.6444444444444444,-0.9888888888888888,-13,0.3986486486486487,0,6,4,3,16,14,12,8,4,20,18,-6,D
2022-05-15,Levante,Alaves,20,0.8055555555555556,-0.8055555555555556,1.0555555555555556,1.2222222222222223,2.0277777777777777,19,0.8611111111111112,-0.8611111111111112,0.3333333333333333,0.8333333333333334,1.6944444444444444,4.111111111111111,3.2222222222222223,5.416666666666667,4.416666666666667,4.5,3.638888888888889,2.8333333333333335,2.4722222222222223,0.2972972972972973,0.25862068965517243,0.40555555555555556,0.3388888888888889,0.06666666666666665,-1,1.1967213114754098,1,7,9,12,28,33,9,6,8,24,22,-2,H
2022-05-15,Mallorca,Vallecano,18,0.9166666666666666,-0.8333333333333334,1.3333333333333333,0.8888888888888888,1.7222222222222223,12,1.1666666666666667,-0.2222222222222222,0.7222222222222222,1.0,1.2222222222222223,3.5,3.5833333333333335,4.25,4.277777777777778,4.138888888888889,5.0,3.25,2.8055555555555554,0.25396825396825395,0.27906976744186046,0.38611111111111107,0.7166666666666668,-0.3305555555555557,-6,0.5387596899224805,0,4,5,12,17,22,8,4,6,14,24,-4,H
2022-05-15,Villarreal,Sociedad,7,1.5555555555555556,0.6944444444444444,2.0,1.6666666666666667,0.9722222222222222,6,1.6388888888888888,0.08333333333333333,1.3333333333333333,1.0277777777777777,0.9444444444444444,4.583333333333333,4.111111111111111,3.5277777777777777,3.3055555555555554,5.416666666666667,5.0,2.138888888888889,2.111111111111111,0.36363636363636365,0.25,1.3194444444444446,1.05,0.2694444444444446,-1,1.2566137566137567,0,10,11,5,31,16,5,5,4,23,18,5,A
2022-05-20,Real Madrid,Betis,1,2.2972972972972974,1.3243243243243243,2.388888888888889,2.1621621621621623,0.8378378378378378,5,1.7297297297297298,0.5945945945945946,1.7777777777777777,1.6756756756756757,1.0810810810810811,6.918918918918919,5.081081081081081,3.4594594594594597,3.5405405405405403,5.675675675675675,4.5675675675675675,2.054054054054054,2.5135135135135136,0.3125,0.32978723404255317,1.9783783783783784,1.3783783783783785,0.5999999999999999,4,1.4352941176470586,0,10,14,3,45,19,7,6,3,21,17,3,D
2022-05-20,Vallecano,Levante,12,1.135135135135135,-0.24324324324324326,1.6111111111111112,1.0,1.2432432432432432,19,0.8648648648648649,-0.7297297297297297,0.5555555555555556,1.2702702702702702,2.0,3.5945945945945947,4.135135135135135,4.297297297297297,5.324324324324325,4.945945945945946,4.45945945945946,2.72972972972973,2.972972972972973,0.2781954887218045,0.30718954248366015,0.6945945945945946,0.4675675675675676,0.22702702702702698,7,1.4855491329479766,1,5,4,8,16,27,7,8,12,25,31,-2,A
2022-05-21,Valencia,Celta,11,1.2162162162162162,-0.1891891891891892,1.2777777777777777,1.2432432432432432,1.4324324324324325,10,1.2432432432432432,0.05405405405405406,1.1666666666666667,1.162162162162162,1.1081081081081081,3.7837837837837838,3.7567567567567566,4.378378378378378,3.6486486486486487,4.648648648648648,4.4324324324324325,3.675675675675676,2.3513513513513513,0.32857142857142857,0.30935251798561153,0.8,0.8702702702702702,-0.07027027027027011,-1,0.9192546583850933,1,3,2,7,13,24,7,7,6,25,15,-4,H
2022-05-22,Elche,Getafe,15,1.054054054054054,-0.3783783783783784,1.3333333333333333,1.0,1.3783783783783783,14,1.054054054054054,-0.16216216216216217,0.6111111111111112,0.8648648648648649,1.027027027027027,2.675675675675676,3.135135135135135,4.837837837837838,3.2972972972972974,3.972972972972973,3.5945945945945947,2.918918918918919,3.3783783783783785,0.37373737373737376,0.27586206896551724,0.6135135135135135,0.6513513513513514,-0.037837837837837895,-1,0.9419087136929459,1,4,2,7,8,24,7,3,1,14,9,-3,H
2022-05-22,Alaves,Cadiz,20,0.8378378378378378,-0.8918918918918919,1.3888888888888888,0.8378378378378378,1.7297297297297298,17,0.972972972972973,-0.4594594594594595,1.0,0.918918918918919,1.3783783783783783,3.189189189189189,3.27027027027027,4.4324324324324325,4.621621621621622,3.6486486486486487,4.783783783783784,2.5675675675675675,2.918918918918919,0.2627118644067797,0.2809917355371901,0.31891891891891894,0.5324324324324324,-0.2135135135135135,-3,0.5989847715736041,1,6,6,11,21,24,5,7,8,27,29,1,A
2022-05-22,Sociedad,Ath Madrid,6,1.6756756756756757,0.10810810810810811,1.9444444444444444,1.054054054054054,0.9459459459459459,3,1.837837837837838,0.5675675675675675,1.5,1.7027027027027026,1.135135135135135,4.162162162162162,4.1891891891891895,3.324324324324324,2.810810810810811,4.945945945945946,5.405405405405405,2.108108108108108,2.945945945945946,0.2532467532467532,0.4064516129032258,1.0810810810810811,1.4297297297297298,-0.34864864864864864,-3,0.7561436672967864,0,7,7,5,27,20,8,4,3,15,16,-1,A
2022-05-22,Granada,Espanol,17,1.0,-0.4594594594594595,1.1666666666666667,1.1891891891891893,1.6486486486486487,14,1.1081081081081081,-0.35135135135135137,0.4444444444444444,1.0810810810810811,1.4324324324324325,3.5405405405405403,3.4864864864864864,5.243243243243243,4.486486486486487,4.135135135135135,4.5675675675675675,2.891891891891892,2.8378378378378377,0.33587786259541985,0.31007751937984496,0.6,0.6648648648648648,-0.06486486486486487,-3,0.9024390243902439,1,8,8,5,21,20,2,3,9,17,26,6,D
2022-05-22,Barcelona,Villarreal,2,1.972972972972973,0.8648648648648649,2.111111111111111,1.837837837837838,0.972972972972973,7,1.5135135135135136,0.6486486486486487,1.1111111111111112,1.6486486486486487,1.0,5.0,4.5675675675675675,3.2972972972972974,3.5945945945945947,5.594594594594595,5.378378378378378,2.675675675675676,2.189189189189189,0.3675675675675676,0.3609467455621302,1.6135135135135135,1.281081081081081,0.33243243243243237,5,1.259493670886076,0,10,7,4,20,16,7,10,6,29,17,3,A
2022-05-22,Sevilla,Ath Bilbao,4,1.8108108108108107,0.5945945945945946,2.1666666666666665,1.4054054054054055,0.8108108108108109,8,1.4864864864864864,0.21621621621621623,1.1666666666666667,1.162162162162162,0.9459459459459459,3.864864864864865,4.351351351351352,3.2432432432432434,3.4864864864864864,4.594594594594595,6.054054054054054,2.6216216216216215,2.4324324324324325,0.36363636363636365,0.2670807453416149,1.364864864864865,1.0405405405405406,0.32432432432432434,4,1.3116883116883118,0,7,6,5,22,21,10,7,3,25,15,-3,H
2022-05-22,Osasuna,Mallorca,10,1.2702702702702702,-0.32432432432432434,1.2222222222222223,1.0,1.3243243243243243,18,0.972972972972973,-0.7837837837837838,0.5,0.918918918918919,1.7027027027027026,3.2972972972972974,3.5405405405405403,3.972972972972973,4.243243243243243,4.702702702702703,4.162162162162162,2.27027027027027,3.189189189189189,0.30327868852459017,0.2595419847328244,0.7378378378378379,0.4351351351351352,0.30270270270270266,8,1.6956521739130432,0,3,4,8,13,26,7,7,10,20,24,-4,A
2022-08-12,Osasuna,Sevilla,10,1.236842105263158,-0.3684210526315789,1.1578947368421053,0.9736842105263158,1.3421052631578947,4,1.8421052631578947,0.6052631578947368,1.4736842105263157,1.394736842105263,0.7894736842105263,3.236842105263158,3.8421052631578947,4.026315789473684,3.1842105263157894,4.7105263157894735,4.605263157894737,2.263157894736842,2.6315789473684212,0.3008130081300813,0.363013698630137,0.7026315789473685,1.381578947368421,-0.6789473684210525,-6,0.5085714285714287,0,3,3,7,11,21,7,4,3,19,16,-4,H
2022-08-13,Celta,Espanol,11,1.2105263157894737,0.0,1.3157894736842106,1.131578947368421,1.131578947368421,14,1.105263157894737,-0.34210526315789475,0.47368421052631576,1.0526315789473684,1.394736842105263,3.736842105263158,3.526315789473684,3.6315789473684212,4.5,4.394736842105263,4.526315789473684,2.3684210526315788,2.763157894736842,0.3028169014084507,0.29850746268656714,0.8315789473684211,0.6605263157894737,0.17105263157894735,3,1.2589641434262948,1,7,7,6,26,15,3,3,8,20,29,4,D
2022-08-13,Barcelona,Vallecano,2,1.9210526315789473,0.7894736842105263,2.0,1.7894736842105263,1.0,13,1.105263157894737,-0.2894736842105263,0.6842105263157895,1.0263157894736843,1.3157894736842106,4.947368421052632,3.710526315789474,3.289473684210526,4.368421052631579,5.7631578947368425,5.0,2.6842105263157894,2.6578947368421053,0.3617021276595745,0.2765957446808511,1.555263157894737,0.6710526315789475,0.8842105263157894,11,2.317647058823529,0,10,7,5,18,18,2,5,12,23,29,8,D
2022-08-14,Cadiz,Sociedad,16,1.0263157894736843,-0.42105263157894735,0.9473684210526315,0.9210526315789473,1.3421052631578947,7,1.631578947368421,0.07894736842105263,1.4210526315789473,1.0526315789473684,0.9736842105263158,3.3421052631578947,4.131578947368421,4.552631578947368,3.3684210526315788,4.7631578947368425,4.894736842105263,2.8684210526315788,2.1578947368421053,0.2755905511811024,0.25477707006369427,0.5710526315789475,1.0499999999999998,-0.47894736842105234,-9,0.5438596491228073,0,8,6,5,25,24,7,8,6,25,24,1,A
2022-08-15,Ath Bilbao,Mallorca,8,1.4473684210526316,0.18421052631578946,1.7894736842105263,1.131578947368421,0.9473684210526315,17,1.0263157894736843,-0.7105263157894737,0.631578947368421,0.9473684210526315,1.6578947368421053,4.2631578947368425,3.6052631578947367,3.473684210526316,4.157894736842105,5.894736842105263,4.2368421052631575,2.4473684210526314,3.1578947368421053,0.2654320987654321,0.26277372262773724,1.0052631578947369,0.4894736842105264,0.5157894736842105,9,2.0537634408602146,0,7,4,2,19,10,7,7,9,23,21,0,D
2022-08-15,Getafe,Ath Madrid,16,1.0263157894736843,-0.21052631578947367,1.4736842105263157,0.868421052631579,1.0789473684210527,3,1.868421052631579,0.5789473684210527,1.5789473684210527,1.7105263157894737,1.131578947368421,3.1052631578947367,4.2105263157894735,3.4473684210526314,2.8157894736842106,3.5789473684210527,5.315789473684211,3.3421052631578947,2.9210526315789473,0.2796610169491525,0.40625,0.6236842105263158,1.45,-0.8263157894736841,-13,0.4301270417422868,0,4,2,4,13,16,10,6,4,19,17,-6,A
2022-08-15,Betis,Elche,5,1.7105263157894737,0.5789473684210527,1.6842105263157894,1.631578947368421,1.0526315789473684,14,1.105263157894737,-0.3157894736842105,0.7894736842105263,1.0526315789473684,1.368421052631579,5.0,2.8421052631578947,3.526315789473684,4.7631578947368425,4.578947368421052,4.078947368421052,2.4473684210526314,2.8947368421052633,0.3263157894736842,0.37037037037037035,1.3552631578947367,0.668421052631579,0.6868421052631577,9,2.0275590551181097,0,8,6,2,20,19,4,4,8,16,23,4,H
2022-08-19,Espanol,Vallecano,13,1.1025641025641026,-0.3333333333333333,1.736842105263158,1.0769230769230769,1.4102564102564104,12,1.1025641025641026,-0.28205128205128205,0.7,1.0,1.2820512820512822,3.4871794871794872,3.6666666666666665,4.461538461538462,4.410256410256411,4.487179487179487,4.871794871794871,2.7435897435897436,2.7435897435897436,0.3088235294117647,0.2727272727272727,0.6666666666666667,0.6666666666666667,0.0,-1,1.0,1,4,5,6,16,27,2,4,11,18,32,2,A
2022-08-20,Mallorca,Betis,15,1.0256410256410255,-0.6923076923076923,1.4210526315789473,0.9230769230769231,1.6153846153846154,5,1.7435897435897436,0.6410256410256411,1.736842105263158,1.6666666666666667,1.0256410256410255,3.5641025641025643,5.076923076923077,4.205128205128205,3.4871794871794872,4.17948717948718,4.666666666666667,3.230769230769231,2.4615384615384617,0.2589928057553957,0.3282828282828283,0.4897435897435897,1.3974358974358974,-0.9076923076923076,-10,0.3504587155963303,0,8,6,7,23,22,10,9,2,24,19,-2,A
2022-08-20,Celta,Real Madrid,11,1.205128205128205,0.0,1.3,1.1538461538461537,1.1538461538461537,1,2.282051282051282,1.2820512820512822,2.25,2.1025641025641026,0.8205128205128205,3.717948717948718,7.0256410256410255,3.58974358974359,3.4871794871794872,4.358974358974359,5.9743589743589745,2.4358974358974357,1.9743589743589745,0.3103448275862069,0.29927007299270075,0.8333333333333333,1.9461538461538461,-1.1128205128205129,-10,0.4281949934123847,0,7,8,7,23,11,8,9,3,47,18,-1,A
2022-08-20,Osasuna,Cadiz,10,1.2820512820512822,-0.3333333333333333,1.25,1.0,1.3333333333333333,17,1.0,-0.4358974358974359,1.105263157894737,0.8974358974358975,1.3333333333333333,3.282051282051282,3.3076923076923075,4.0,4.615384615384615,4.717948717948718,4.717948717948718,2.3333333333333335,2.8974358974358974,0.3046875,0.2713178294573643,0.7410256410256411,0.5487179487179488,0.1923076923076923,7,1.3504672897196262,1,5,4,7,13,20,7,5,5,23,25,-2,H
2022-08-21,Ath Bilbao,Valencia,8,1.435897435897436,0.1794871794871795,1.75,1.1025641025641026,0.9230769230769231,10,1.3076923076923077,-0.10256410256410256,1.1578947368421053,1.2564102564102564,1.358974358974359,4.3076923076923075,3.717948717948718,3.4358974358974357,4.256410256410256,5.923076923076923,4.589743589743589,2.3846153846153846,3.641025641025641,0.25595238095238093,0.33793103448275863,0.9923076923076923,0.8743589743589744,0.11794871794871797,2,1.1348973607038124,1,5,2,2,21,9,8,4,4,16,17,-3,H
2022-08-21,Ath Madrid,Villarreal,3,1.8974358974358974,0.6410256410256411,2.1578947368421053,1.7435897435897436,1.1025641025641026,7,1.5897435897435896,0.7435897435897436,1.3,1.6923076923076923,0.9487179487179487,4.230769230769231,4.512820512820513,2.7435897435897436,3.641025641025641,5.333333333333333,5.256410256410256,2.871794871794872,2.1025641025641026,0.4121212121212121,0.375,1.4897435897435898,1.3564102564102565,0.1333333333333333,4,1.0982986767485823,1,13,9,2,21,13,10,12,4,25,20,3,A
2022-08-21,Sociedad,Barcelona,7,1.6666666666666667,0.10256410256410256,1.8421052631578947,1.0512820512820513,0.9487179487179487,2,1.8974358974358974,0.7692307692307693,1.8421052631578947,1.7435897435897436,0.9743589743589743,4.205128205128205,4.9743589743589745,3.3333333333333335,3.2564102564102564,4.923076923076923,5.82051282051282,2.1538461538461537,2.717948717948718,0.25,0.35051546391752575,1.0743589743589745,1.5282051282051283,-0.4538461538461538,-5,0.703020134228188,0,9,8,5,29,19,8,5,4,19,18,1,A
2022-08-26,Betis,Osasuna,4,1.775,0.65,1.75,1.675,1.025,9,1.325,-0.275,1.3157894736842106,1.025,1.3,5.025,3.275,3.575,3.95,4.6,4.65,2.6,2.325,0.3333333333333333,0.31297709923664124,1.4175,0.7849999999999999,0.6325000000000001,5,1.8057324840764333,0,13,10,1,22,21,7,5,6,11,19,6,H
2022-08-27,Vallecano,Mallorca,12,1.15,-0.225,1.5263157894736843,1.025,1.25,15,1.0,-0.7,0.65,0.925,1.625,3.65,3.65,4.325,4.175,4.8,4.2,2.825,3.325,0.2808219178082192,0.2534246575342466,0.7124999999999999,0.4750000000000001,0.23749999999999982,3,1.4999999999999996,1,4,6,11,20,27,8,5,3,22,18,-4,A
2022-08-27,Elche,Sociedad,14,1.075,-0.375,1.4,1.025,1.4,7,1.625,0.025,1.5,1.05,1.025,2.825,4.225,4.9,3.425,4.125,4.875,2.95,2.15,0.36283185840707965,0.2485207100591716,0.63,1.03,-0.4,-7,0.6116504854368932,0,4,4,8,15,28,9,8,7,28,19,-5,A
2022-08-28,Getafe,Villarreal,16,0.975,-0.325,1.4,0.85,1.175,7,1.625,0.775,1.380952380952381,1.7,0.925,3.025,4.525,3.55,3.675,3.525,5.275,3.4,2.125,0.2809917355371901,0.3756906077348066,0.56,1.385,-0.825,-9,0.40433212996389895,0,2,3,10,8,22,12,13,3,24,23,-10,D
2022-08-28,Espanol,Real Madrid,13,1.075,-0.375,1.65,1.05,1.425,1,2.3,1.325,2.2857142857142856,2.15,0.825,3.425,7.025,4.425,3.45,4.6,5.875,2.75,1.975,0.30656934306569344,0.30604982206405695,0.635,1.9774999999999998,-1.3424999999999998,-12,0.32111251580278133,0,3,4,7,14,25,11,13,3,48,18,-8,A
2022-08-29,Cadiz,Ath Bilbao,17,0.975,-0.475,0.9,0.875,1.35,8,1.475,0.2,1.105263157894737,1.1,0.9,3.275,4.25,4.575,3.35,4.65,5.925,2.975,2.45,0.26717557251908397,0.25882352941176473,0.52,1.0175,-0.49750000000000005,-9,0.5110565110565111,0,4,2,7,18,26,7,3,2,18,8,-3,A
2022-08-29,Valencia,Ath Madrid,10,1.275,-0.125,1.45,1.225,1.35,4,1.85,0.575,1.65,1.7,1.125,3.625,4.25,4.2,2.8,4.55,5.325,3.6,2.875,0.33793103448275863,0.4,0.845,1.4375000000000002,-0.5925000000000002,-6,0.5878260869565216,0,7,4,5,15,14,10,8,4,24,12,-3,A
2022-09-02,Celta,Cadiz,11,1.2195121951219512,-0.04878048780487805,1.2380952380952381,1.146341463414634,1.1951219512195121,17,0.9512195121951219,-0.5609756097560976,1.05,0.8536585365853658,1.4146341463414633,3.731707317073171,3.268292682926829,3.658536585365854,4.658536585365853,4.2926829268292686,4.536585365853658,2.3902439024390243,2.951219512195122,0.30718954248366015,0.26119402985074625,0.824390243902439,0.47804878048780486,0.3463414634146341,6,1.7244897959183674,0,7,5,8,19,16,4,2,8,20,27,3,H
2022-09-03,Sociedad,Ath Madrid,6,1.6585365853658536,0.04878048780487805,1.75,1.048780487804878,1.0,3,1.8780487804878048,0.5853658536585366,1.7142857142857142,1.6829268292682926,1.0975609756097562,4.2439024390243905,4.317073170731708,3.4634146341463414,2.7804878048780486,4.902439024390244,5.2439024390243905,2.1707317073170733,2.8780487804878048,0.2471264367816092,0.3898305084745763,1.053658536585366,1.451219512195122,-0.397560975609756,-3,0.7260504201680673,0,9,6,7,26,23,10,7,4,25,14,-1,D
2022-09-03,Sevilla,Barcelona,5,1.7317073170731707,0.5121951219512195,2.15,1.3658536585365855,0.8536585365853658,2,1.951219512195122,0.9024390243902439,1.9,1.853658536585366,0.9512195121951219,3.8048780487804876,5.121951219512195,3.268292682926829,3.292682926829268,4.658536585365853,6.024390243902439,2.8048780487804876,2.6097560975609757,0.358974358974359,0.3619047619047619,1.2926829268292683,1.6170731707317074,-0.3243902439024391,-3,0.7993966817496229,0,5,5,6,17,17,8,8,3,26,16,-3,A
2022-09-03,Mallorca,Girona,15,1.048780487804878,-0.6341463414634146,1.35,0.9512195121951219,1.5853658536585367,22,1.0,0.0,0.0,1.0,1.0,3.658536585365854,3.3333333333333335,4.073170731707317,3.6666666666666665,4.170731707317073,3.6666666666666665,3.317073170731707,2.6666666666666665,0.26,0.3,0.524390243902439,0.7,-0.1756097560975609,7,0.7491289198606272,1,10,7,3,24,14,3,3,3,10,11,7,D
2022-09-03,Real Madrid,Betis,1,2.317073170731707,1.3414634146341464,2.3157894736842106,2.1707317073170733,0.8292682926829268,4,1.8048780487804879,0.6585365853658537,1.8,1.6585365853658536,1.0,7.0,4.926829268292683,3.4634146341463414,3.5365853658536586,5.902439024390244,4.536585365853658,1.9268292682926829,2.5609756097560976,0.31010452961672474,0.33663366336633666,1.9951219512195122,1.431707317073171,0.5634146341463413,3,1.3935264054514478,0,11,10,4,38,21,13,8,1,18,18,-2,H
2022-09-04,Villarreal,Elche,7,1.6097560975609757,0.7560975609756098,1.894736842105263,1.6585365853658536,0.9024390243902439,14,1.048780487804878,-0.3902439024390244,0.75,1.0,1.3902439024390243,4.560975609756097,2.8780487804878048,3.6341463414634148,4.902439024390244,5.2439024390243905,4.121951219512195,2.1951219512195124,2.951219512195122,0.36363636363636365,0.3474576271186441,1.3634146341463416,0.6073170731707318,0.7560975609756098,7,2.244979919678715,0,10,8,2,22,22,4,4,7,20,27,6,H
2022-09-04,Osasuna,Vallecano,10,1.2926829268292683,-0.2926829268292683,1.3333333333333333,1.0,1.2926829268292683,12,1.1219512195121952,-0.2682926829268293,0.8095238095238095,1.0,1.2682926829268293,3.2439024390243905,3.5609756097560976,3.8780487804878048,4.317073170731708,4.634146341463414,4.853658536585366,2.341463414634146,2.7804878048780486,0.3082706766917293,0.2808219178082192,0.7585365853658537,0.6804878048780488,0.07804878048780484,2,1.114695340501792,1,6,4,6,12,20,4,5,8,17,23,2,H
2022-09-04,Ath Bilbao,Espanol,8,1.5121951219512195,0.2926829268292683,1.8095238095238095,1.170731707317073,0.8780487804878049,14,1.048780487804878,-0.4146341463414634,0.5,1.048780487804878,1.4634146341463414,4.341463414634147,3.4390243902439024,3.341463414634146,4.463414634146342,5.926829268292683,4.658536585365853,2.4146341463414633,2.707317073170732,0.2696629213483146,0.3049645390070922,1.078048780487805,0.6097560975609757,0.46829268292682924,6,1.7679999999999998,0,10,7,1,25,9,3,4,8,15,22,7,A
2022-09-04,Valencia,Getafe,11,1.2439024390243902,-0.14634146341463414,1.380952380952381,1.1951219512195121,1.3414634146341464,16,0.975609756097561,-0.3170731707317073,0.55,0.8292682926829268,1.146341463414634,3.5853658536585367,3.0,4.2682926829268295,3.6097560975609757,4.585365853658536,3.4634146341463414,3.6097560975609757,3.341463414634146,0.3333333333333333,0.2764227642276423,0.8170731707317073,0.5585365853658537,0.25853658536585356,5,1.4628820960698687,0,7,4,3,12,16,2,2,9,10,27,5,H
2022-09-05,Valladolid,Almeria,23,0.3333333333333333,-2.3333333333333335,0.0,0.3333333333333333,2.6666666666666665,21,1.3333333333333333,0.0,1.0,1.3333333333333333,1.3333333333333333,4.0,6.0,5.0,7.666666666666667,3.3333333333333335,4.0,2.3333333333333335,4.333333333333333,0.08333333333333333,0.2222222222222222,-0.4666666666666668,0.9333333333333333,-1.4000000000000001,-2,-0.5000000000000001,0,1,1,8,12,15,4,4,4,18,23,-3,H
2022-09-09,Girona,Valladolid,21,1.0,0.0,1.5,1.0,1.0,23,1.0,-1.5,0.5,0.5,2.0,3.5,4.5,3.75,4.0,3.5,3.0,2.5,2.0,0.2857142857142857,0.1111111111111111,0.7,0.15000000000000005,0.5499999999999999,2,4.666666666666665,0,4,4,4,14,15,4,2,8,18,16,0,H
2022-09-10,Vallecano,Valencia,12,1.0952380952380953,-0.2857142857142857,1.45,1.0,1.2857142857142858,10,1.2857142857142858,-0.047619047619047616,1.1,1.2857142857142858,1.3333333333333333,3.5476190476190474,3.7142857142857144,4.357142857142857,4.261904761904762,4.738095238095238,4.690476190476191,2.761904761904762,3.619047619047619,0.28187919463087246,0.34615384615384615,0.661904761904762,0.8857142857142859,-0.2238095238095239,-2,0.7473118279569892,1,4,5,8,16,24,9,8,3,16,17,-5,H
2022-09-10,Espanol,Sevilla,13,1.0952380952380953,-0.38095238095238093,1.5714285714285714,1.0476190476190477,1.4285714285714286,5,1.6904761904761905,0.42857142857142855,1.3333333333333333,1.3333333333333333,0.9047619047619048,3.4047619047619047,3.8095238095238093,4.404761904761905,3.357142857142857,4.595238095238095,4.642857142857143,2.6904761904761907,2.7857142857142856,0.3076923076923077,0.35,0.642857142857143,1.2404761904761905,-0.5976190476190475,-8,0.5182341650671786,0,5,4,7,14,19,4,4,8,17,21,1,A
2022-09-10,Cadiz,Barcelona,17,0.9285714285714286,-0.6190476190476191,0.8571428571428571,0.8333333333333334,1.4523809523809523,2,1.9761904761904763,0.9523809523809523,1.9523809523809523,1.880952380952381,0.9285714285714286,3.1904761904761907,5.166666666666667,4.666666666666667,3.3095238095238093,4.476190476190476,5.976190476190476,2.9285714285714284,2.642857142857143,0.26119402985074625,0.3640552995391705,0.44523809523809527,1.65,-1.2047619047619047,-15,0.2698412698412699,0,3,1,10,13,25,10,11,3,32,17,-7,A
2022-09-10,Ath Madrid,Celta,3,1.8571428571428572,0.5714285714285714,2.05,1.6666666666666667,1.0952380952380953,11,1.2619047619047619,0.023809523809523808,1.2,1.1904761904761905,1.1666666666666667,4.380952380952381,3.761904761904762,2.8333333333333335,3.5714285714285716,5.285714285714286,4.238095238095238,2.9047619047619047,2.357142857142857,0.3804347826086957,0.31645569620253167,1.4333333333333336,0.8761904761904762,0.5571428571428574,8,1.6358695652173916,0,10,7,4,29,15,7,7,8,19,15,3,H
2022-09-11,Real Madrid,Mallorca,1,2.3333333333333335,1.3333333333333333,2.35,2.1666666666666665,0.8333333333333334,14,1.0476190476190477,-0.6190476190476191,0.7619047619047619,0.9523809523809523,1.5714285714285714,6.928571428571429,3.6666666666666665,3.4761904761904763,4.071428571428571,5.976190476190476,4.214285714285714,1.880952380952381,3.3333333333333335,0.3127147766323024,0.2597402597402597,2.0,0.5285714285714286,1.4714285714285715,13,3.7837837837837838,0,13,11,4,35,18,8,6,3,23,14,5,H
2022-09-11,Elche,Ath Bilbao,15,1.0238095238095237,-0.47619047619047616,1.3333333333333333,0.9761904761904762,1.4523809523809523,8,1.4761904761904763,0.2619047619047619,1.2,1.1428571428571428,0.8809523809523809,2.8095238095238093,4.285714285714286,5.023809523809524,3.3095238095238093,4.119047619047619,5.880952380952381,2.9523809523809526,2.4285714285714284,0.3474576271186441,0.26666666666666666,0.5642857142857143,1.0452380952380953,-0.480952380952381,-7,0.5398633257403189,0,4,4,10,19,32,7,5,2,19,10,-3,A
2022-09-11,Getafe,Sociedad,16,0.9523809523809523,-0.40476190476190477,1.380952380952381,0.8333333333333334,1.2380952380952381,7,1.6428571428571428,0.047619047619047616,1.5714285714285714,1.0476190476190477,1.0,3.0238095238095237,4.261904761904762,3.738095238095238,3.5476190476190474,3.4047619047619047,4.9523809523809526,3.4285714285714284,2.238095238095238,0.2755905511811024,0.24581005586592178,0.5214285714285714,1.045238095238095,-0.5238095238095237,-9,0.4988610478359909,0,1,3,14,11,35,7,5,7,25,26,-6,H
2022-09-11,Betis,Villarreal,4,1.7619047619047619,0.6190476190476191,1.8095238095238095,1.6428571428571428,1.0238095238095237,6,1.6428571428571428,0.8333333333333334,1.3636363636363635,1.7142857142857142,0.8809523809523809,4.904761904761905,4.690476190476191,3.5476190476190474,3.5476190476190474,4.476190476190476,5.261904761904762,2.5238095238095237,2.1666666666666665,0.33495145631067963,0.36548223350253806,1.3952380952380952,1.4142857142857141,-0.01904761904761898,2,0.9865319865319866,1,10,7,3,18,18,13,11,0,28,16,-3,H
2022-09-12,Almeria,Osasuna,22,1.0,-0.25,1.5,1.0,1.25,9,1.3333333333333333,-0.2619047619047619,1.25,1.0238095238095237,1.2857142857142858,4.75,3.3095238095238093,7.25,3.857142857142857,5.0,4.619047619047619,4.75,2.3333333333333335,0.21052631578947367,0.30935251798561153,0.625,0.7928571428571427,-0.1678571428571427,-13,0.7882882882882885,1,4,4,5,19,29,9,6,5,17,15,-5,A
2022-09-16,Valladolid,Cadiz,23,0.8,-1.4,1.5,0.6,2.0,17,0.9069767441860465,-0.6976744186046512,1.0,0.813953488372093,1.5116279069767442,4.4,3.116279069767442,4.2,4.744186046511628,4.8,4.488372093023256,2.0,2.883720930232558,0.13636363636363635,0.26119402985074625,0.10000000000000003,0.40697674418604646,-0.3069767441860464,-6,0.24571428571428583,0,4,3,10,22,21,0,0,14,7,31,4,A
2022-09-17,Mallorca,Almeria,14,1.0232558139534884,-0.6744186046511628,1.3333333333333333,0.9534883720930233,1.627906976744186,22,0.8,-0.4,0.5,0.8,1.2,3.627906976744186,4.2,4.1395348837209305,6.6,4.186046511627907,5.0,3.372093023255814,3.8,0.26282051282051283,0.19047619047619047,0.5,0.44000000000000006,0.05999999999999994,8,1.1363636363636362,1,5,5,7,19,20,4,4,6,21,33,1,H
2022-09-17,Barcelona,Elche,2,2.0,1.0232558139534884,2.0,1.930232558139535,0.9069767441860465,16,1.0,-0.5348837209302325,0.7142857142857143,0.9767441860465116,1.5116279069767442,5.232558139534884,2.7906976744186047,3.2325581395348837,5.093023255813954,5.976744186046512,4.1395348837209305,2.627906976744186,2.953488372093023,0.3688888888888889,0.35,1.6930232558139535,0.5348837209302325,1.1581395348837211,14,3.165217391304348,0,13,15,1,37,14,1,2,13,12,38,12,H
2022-09-17,Valencia,Celta,10,1.255813953488372,-0.06976744186046512,1.4545454545454546,1.2790697674418605,1.3488372093023255,11,1.2325581395348837,-0.046511627906976744,1.1428571428571428,1.186046511627907,1.2325581395348837,3.7209302325581395,3.744186046511628,4.3023255813953485,3.5813953488372094,4.744186046511628,4.3023255813953485,3.5813953488372094,2.372093023255814,0.34375,0.3167701863354037,0.8627906976744186,0.8395348837209303,0.023255813953488302,1,1.0277008310249307,1,6,7,5,17,20,7,8,10,19,16,-1,H
2022-09-17,Ath Bilbao,Vallecano,8,1.5116279069767442,0.32558139534883723,1.7272727272727273,1.2093023255813953,0.8837209302325582,12,1.1395348837209303,-0.2558139534883721,0.7727272727272727,1.0232558139534884,1.2790697674418605,4.372093023255814,3.604651162790698,3.2790697674418605,4.348837209302325,5.8604651162790695,4.790697674418604,2.372093023255814,2.813953488372093,0.2765957446808511,0.2838709677419355,1.0953488372093023,0.6976744186046512,0.39767441860465114,4,1.5699999999999998,0,10,9,2,26,9,7,5,5,14,21,3,H
2022-09-18,Osasuna,Getafe,9,1.372093023255814,-0.23255813953488372,1.4090909090909092,1.0232558139534884,1.255813953488372,15,1.0,-0.37209302325581395,0.5238095238095238,0.8604651162790697,1.2325581395348837,3.3255813953488373,3.0232558139534884,3.813953488372093,3.7906976744186047,4.744186046511628,3.395348837209302,2.3255813953488373,3.441860465116279,0.3076923076923077,0.2846153846153846,0.8209302325581396,0.5604651162790698,0.26046511627906976,6,1.4647302904564314,0,12,7,3,20,11,4,4,12,12,32,8,A
2022-09-18,Villarreal,Sevilla,6,1.6046511627906976,0.7906976744186046,1.95,1.6744186046511629,0.8837209302325582,5,1.7209302325581395,0.4418604651162791,1.4090909090909092,1.372093023255814,0.9302325581395349,4.651162790697675,3.883720930232558,3.5813953488372094,3.395348837209302,5.325581395348837,4.604651162790698,2.13953488372093,2.86046511627907,0.36,0.3532934131736527,1.3744186046511628,1.2674418604651163,0.10697674418604652,-1,1.0844036697247708,1,10,9,1,28,18,4,6,10,21,25,6,D
2022-09-18,Betis,Girona,4,1.7906976744186047,0.627906976744186,1.8636363636363635,1.627906976744186,1.0,21,1.4,0.2,0.5,1.2,1.0,4.906976744186046,3.8,3.5348837209302326,3.8,4.5813953488372094,3.4,2.488372093023256,2.0,0.33175355450236965,0.3157894736842105,1.4093023255813955,1.0,0.40930232558139545,17,1.4093023255813955,0,12,8,3,21,18,7,6,5,19,19,5,H
2022-09-18,Sociedad,Espanol,7,1.6046511627906976,0.023255813953488372,1.7142857142857142,1.0465116279069768,1.0232558139534884,15,1.069767441860465,-0.3953488372093023,0.6190476190476191,1.069767441860465,1.4651162790697674,4.3023255813953485,3.441860465116279,3.5348837209302326,4.465116279069767,5.0,4.6976744186046515,2.2093023255813953,2.697674418604651,0.24324324324324326,0.3108108108108108,1.0186046511627906,0.6302325581395348,0.3883720930232558,8,1.6162361623616237,0,7,5,7,28,24,4,6,10,14,21,3,H
2022-09-18,Ath Madrid,Real Madrid,3,1.8837209302325582,0.627906976744186,2.0952380952380953,1.7209302325581395,1.0930232558139534,1,2.3488372093023258,1.372093023255814,2.3181818181818183,2.2093023255813953,0.8372093023255814,4.372093023255814,6.930232558139535,2.8372093023255816,3.441860465116279,5.255813953488372,5.930232558139535,2.883720930232558,1.9069767441860466,0.39361702127659576,0.3187919463087248,1.474418604651163,2.027906976744186,-0.5534883720930233,-2,0.7270642201834863,0,10,9,4,28,15,15,15,5,39,18,-5,A
2022-09-30,Ath Bilbao,Almeria,8,1.5454545454545454,0.3409090909090909,1.7826086956521738,1.25,0.9090909090909091,22,0.6666666666666666,-0.5,0.3333333333333333,0.6666666666666666,1.1666666666666667,4.431818181818182,4.0,3.25,5.833333333333333,5.7727272727272725,4.5,2.340909090909091,4.166666666666667,0.28205128205128205,0.16666666666666666,1.125,0.31666666666666665,0.8083333333333333,14,3.5526315789473686,0,12,12,4,27,9,4,3,5,18,20,8,H
2022-10-01,Sevilla,Ath Madrid,5,1.7045454545454546,0.4318181818181818,2.0476190476190474,1.3636363636363635,0.9318181818181818,3,1.8409090909090908,0.5909090909090909,1.6818181818181819,1.7045454545454546,1.1136363636363635,3.8181818181818183,4.386363636363637,3.477272727272727,2.840909090909091,4.590909090909091,5.318181818181818,2.909090909090909,2.9318181818181817,0.35714285714285715,0.38860103626943004,1.2545454545454544,1.4386363636363635,-0.18409090909090908,-2,0.8720379146919431,1,5,6,9,19,27,7,7,6,28,18,-2,A
2022-10-01,Cadiz,Villarreal,17,0.9545454545454546,-0.6590909090909091,0.8181818181818182,0.8181818181818182,1.4772727272727273,8,1.5909090909090908,0.7727272727272727,1.3043478260869565,1.6590909090909092,0.8863636363636364,3.0681818181818183,4.704545454545454,4.7727272727272725,3.522727272727273,4.431818181818182,5.340909090909091,2.909090909090909,2.1136363636363638,0.26666666666666666,0.3526570048309179,0.44318181818181823,1.3590909090909091,-0.9159090909090909,-9,0.32608695652173914,0,3,1,13,6,30,8,7,2,31,13,-5,D
2022-10-01,Getafe,Valladolid,14,1.0454545454545454,-0.3181818181818182,1.4545454545454546,0.8863636363636364,1.2045454545454546,23,0.6666666666666666,-1.3333333333333333,0.3333333333333333,0.5,1.8333333333333333,3.0454545454545454,4.666666666666667,3.7954545454545454,3.6666666666666665,3.340909090909091,5.333333333333333,3.4545454545454546,1.8333333333333333,0.291044776119403,0.10714285714285714,0.6045454545454545,0.033333333333333354,0.5712121212121212,9,6.045454545454545,0,7,6,9,16,31,4,3,8,22,18,3,A
2022-10-01,Mallorca,Barcelona,13,1.0681818181818181,-0.6363636363636364,1.4090909090909092,0.9545454545454546,1.5909090909090908,2,2.022727272727273,1.0681818181818181,2.0,1.9545454545454546,0.8863636363636364,3.590909090909091,5.318181818181818,4.113636363636363,3.1818181818181817,4.204545454545454,5.9772727272727275,3.3636363636363638,2.6136363636363638,0.26582278481012656,0.36752136752136755,0.5340909090909091,1.7227272727272729,-1.188636363636364,-11,0.31002638522427434,0,7,6,7,19,17,15,18,1,40,13,-8,A
2022-10-02,Celta,Betis,11,1.2045454545454546,-0.11363636363636363,1.3181818181818181,1.1590909090909092,1.2727272727272727,4,1.8181818181818181,0.6363636363636364,1.7142857142857142,1.6363636363636365,1.0,3.7045454545454546,4.863636363636363,3.659090909090909,3.522727272727273,4.295454545454546,4.5227272727272725,2.3863636363636362,2.4318181818181817,0.3128834355828221,0.3364485981308411,0.8,1.4272727272727272,-0.6272727272727272,-7,0.5605095541401274,0,6,6,11,18,21,12,7,4,16,19,-6,H
2022-10-02,Espanol,Valencia,15,1.0454545454545454,-0.4090909090909091,1.5,1.0681818181818181,1.4772727272727273,10,1.2954545454545454,0.0,1.0476190476190477,1.3181818181818181,1.3181818181818181,3.4545454545454546,3.7954545454545454,4.5,4.25,4.636363636363637,4.75,2.6363636363636362,3.5681818181818183,0.3092105263157895,0.3473053892215569,0.6136363636363635,0.9113636363636364,-0.29772727272727284,-5,0.6733167082294264,0,3,5,10,16,24,6,9,5,22,21,-3,D
2022-10-02,Real Madrid,Osasuna,1,2.3636363636363638,1.3636363636363635,2.380952380952381,2.2045454545454546,0.8409090909090909,9,1.3409090909090908,-0.2727272727272727,1.3333333333333333,1.0,1.2727272727272727,6.840909090909091,3.340909090909091,3.477272727272727,3.8181818181818183,5.818181818181818,4.818181818181818,1.9090909090909092,2.4545454545454546,0.3222591362126246,0.29931972789115646,2.0318181818181817,0.7886363636363636,1.2431818181818182,8,2.5763688760806915,0,15,15,5,27,17,9,5,4,19,12,6,D
2022-10-02,Girona,Sociedad,21,1.1666666666666667,0.0,2.0,1.1666666666666667,1.1666666666666667,6,1.6363636363636365,0.045454545454545456,1.5,1.0681818181818181,1.0227272727272727,3.6666666666666665,4.340909090909091,3.6666666666666665,3.5454545454545454,3.5,4.9772727272727275,2.1666666666666665,2.227272727272727,0.3181818181818182,0.24607329842931938,0.8166666666666668,1.0454545454545454,-0.22878787878787865,-15,0.7811594202898552,1,7,7,6,21,20,7,6,8,27,26,0,A
2022-10-03,Vallecano,Elche,12,1.1136363636363635,-0.2727272727272727,1.5238095238095237,1.0454545454545454,1.3181818181818181,16,0.9772727272727273,-0.5909090909090909,0.6818181818181818,0.9545454545454546,1.5454545454545454,3.5681818181818183,2.75,4.409090909090909,5.181818181818182,4.840909090909091,4.045454545454546,2.7954545454545454,2.9545454545454546,0.2929936305732484,0.34710743801652894,0.6840909090909091,0.5022727272727273,0.18181818181818177,4,1.3619909502262442,1,6,7,8,14,22,1,2,13,11,39,5,H
2022-10-07,Osasuna,Valencia,9,1.3333333333333333,-0.26666666666666666,1.3478260869565217,1.0,1.2666666666666666,10,1.288888888888889,0.0,1.0454545454545454,1.3333333333333333,1.3333333333333333,3.311111111111111,3.8222222222222224,3.8222222222222224,4.266666666666667,4.7555555555555555,4.733333333333333,2.466666666666667,3.533333333333333,0.30201342281879195,0.3488372093023256,0.7866666666666666,0.9111111111111112,-0.12444444444444458,1,0.8634146341463413,1,7,4,5,18,14,7,11,6,27,24,0,A
2022-10-08,Almeria,Vallecano,23,0.5714285714285714,-1.0,1.0,0.5714285714285714,1.5714285714285714,12,1.1555555555555554,-0.24444444444444444,0.7391304347826086,1.0666666666666667,1.3111111111111111,3.7142857142857144,3.6222222222222222,5.571428571428571,4.355555555555555,4.142857142857143,5.022222222222222,4.0,2.7555555555555555,0.15384615384615385,0.294478527607362,0.09999999999999999,0.7177777777777777,-0.6177777777777778,-11,0.1393188854489164,0,3,2,8,13,21,6,7,9,17,23,-3,H
2022-10-08,Ath Madrid,Girona,3,1.8666666666666667,0.6222222222222222,2.0,1.711111111111111,1.0888888888888888,21,1.0,-0.2857142857142857,0.3333333333333333,1.4285714285714286,1.7142857142857142,4.4222222222222225,4.285714285714286,2.8444444444444446,3.857142857142857,5.355555555555555,3.2857142857142856,2.911111111111111,2.2857142857142856,0.3869346733668342,0.3333333333333333,1.4622222222222223,0.7000000000000001,0.7622222222222222,18,2.088888888888889,0,10,9,4,29,16,4,7,10,23,22,6,H
2022-10-08,Sevilla,Ath Bilbao,5,1.6666666666666667,0.37777777777777777,1.9545454545454546,1.3333333333333333,0.9555555555555556,8,1.5777777777777777,0.4222222222222222,1.2857142857142858,1.3111111111111111,0.8888888888888888,3.8,4.4222222222222225,3.533333333333333,3.2222222222222223,4.6,5.888888888888889,2.911111111111111,2.311111111111111,0.3508771929824561,0.2964824120603015,1.2133333333333334,1.1777777777777776,0.035555555555555785,3,1.0301886792452832,1,4,5,10,20,30,12,15,4,29,11,-8,D
2022-10-08,Getafe,Real Madrid,15,1.0222222222222221,-0.3333333333333333,1.391304347826087,0.9111111111111111,1.2444444444444445,1,2.3333333333333335,1.3333333333333333,2.347826086956522,2.1777777777777776,0.8444444444444444,3.111111111111111,6.777777777777778,3.8666666666666667,3.4444444444444446,3.3555555555555556,5.911111111111111,3.422222222222222,1.8888888888888888,0.29285714285714287,0.32131147540983607,0.5933333333333333,2.002222222222222,-1.4088888888888889,-14,0.29633740288568255,0,7,7,9,19,32,13,12,5,24,17,-6,A
2022-10-09,Valladolid,Betis,23,1.0,-1.0,1.0,0.8571428571428571,1.8571428571428572,4,1.7777777777777777,0.6,1.6363636363636365,1.6,1.0,5.0,4.844444444444444,4.0,3.533333333333333,4.857142857142857,4.488888888888889,2.142857142857143,2.466666666666667,0.17142857142857143,0.3302752293577982,0.37142857142857144,1.3888888888888888,-1.0174603174603174,-19,0.26742857142857146,0,6,5,9,26,22,9,5,4,17,16,-3,D
2022-10-09,Cadiz,Espanol,17,0.9555555555555556,-0.6444444444444445,0.8260869565217391,0.8,1.4444444444444444,13,1.0444444444444445,-0.4,0.5909090909090909,1.0888888888888888,1.488888888888889,3.0444444444444443,3.488888888888889,4.8,4.511111111111111,4.466666666666667,4.666666666666667,2.911111111111111,2.6444444444444444,0.26277372262773724,0.31210191082802546,0.44444444444444453,0.62,-0.17555555555555546,-4,0.7168458781362008,1,4,1,11,6,33,4,7,10,20,26,0,D
2022-10-09,Sociedad,Villarreal,6,1.6666666666666667,0.08888888888888889,1.7727272727272727,1.1555555555555554,1.0666666666666667,8,1.5777777777777777,0.7555555555555555,1.2916666666666667,1.6222222222222222,0.8666666666666667,4.355555555555555,4.733333333333333,3.6444444444444444,3.488888888888889,4.911111111111111,5.333333333333333,2.2,2.1333333333333333,0.2653061224489796,0.3427230046948357,1.0911111111111111,1.34,-0.24888888888888894,2,0.814262023217247,1,10,10,7,27,27,6,5,2,32,10,4,H
2022-10-09,Barcelona,Celta,2,2.0444444444444443,1.0666666666666667,2.0454545454545454,1.9333333333333333,0.8666666666666667,11,1.2444444444444445,-0.08888888888888889,1.0909090909090908,1.1555555555555554,1.2444444444444445,5.266666666666667,3.7111111111111112,3.1777777777777776,3.6666666666666665,5.955555555555556,4.311111111111111,2.6444444444444444,2.422222222222222,0.3670886075949367,0.31137724550898205,1.728888888888889,0.8266666666666667,0.9022222222222223,9,2.0913978494623655,0,15,15,0,36,11,9,6,7,20,18,6,H
2022-10-10,Elche,Mallorca,17,0.9555555555555556,-0.6,1.2727272727272727,0.9555555555555556,1.5555555555555556,14,1.0444444444444445,-0.6444444444444445,0.7272727272727273,0.9333333333333333,1.5777777777777777,2.7333333333333334,3.577777777777778,5.2,4.088888888888889,4.022222222222222,4.222222222222222,3.066666666666667,3.3333333333333335,0.34959349593495936,0.2608695652173913,0.48888888888888893,0.5155555555555555,-0.026666666666666616,-3,0.9482758620689656,1,0,2,14,10,38,7,5,6,15,17,-7,D
2022-10-14,Vallecano,Getafe,12,1.1304347826086956,-0.2826086956521739,1.5909090909090908,1.065217391304348,1.3478260869565217,15,1.0,-0.34782608695652173,0.6363636363636364,0.8913043478260869,1.2391304347826086,3.630434782608696,3.0869565217391304,4.3478260869565215,3.869565217391304,5.043478260869565,3.369565217391304,2.739130434782609,3.347826086956522,0.2934131736526946,0.2887323943661972,0.6934782608695652,0.5739130434782609,0.11956521739130432,3,1.2083333333333333,1,6,8,10,21,23,6,7,10,19,30,0,D
2022-10-15,Girona,Cadiz,22,0.875,-0.375,1.5,1.375,1.75,17,0.9565217391304348,-0.6304347826086957,1.0909090909090908,0.8260869565217391,1.4565217391304348,4.25,3.0434782608695654,4.25,4.826086956521739,3.25,4.543478260869565,2.125,2.9347826086956523,0.3235294117647059,0.2714285714285714,0.6000000000000001,0.45434782608695656,0.14565217391304353,-5,1.3205741626794258,1,4,8,11,24,23,5,3,9,6,31,-1,D
2022-10-15,Valencia,Elche,9,1.326086956521739,0.021739130434782608,1.5217391304347827,1.3478260869565217,1.326086956521739,17,0.9565217391304348,-0.5869565217391305,0.6521739130434783,0.9565217391304348,1.5434782608695652,3.891304347826087,2.717391304347826,4.217391304347826,5.173913043478261,4.739130434782608,4.043478260869565,3.608695652173913,3.108695652173913,0.3463687150837989,0.352,0.9391304347826086,0.49347826086956526,0.44565217391304335,8,1.9030837004405283,0,10,13,6,32,19,1,3,14,7,37,9,D
2022-10-15,Mallorca,Sevilla,14,1.0434782608695652,-0.6304347826086957,1.3478260869565217,0.9347826086956522,1.565217391304348,6,1.6521739130434783,0.3695652173913043,1.391304347826087,1.326086956521739,0.9565217391304348,3.5869565217391304,3.782608695652174,4.043478260869565,3.5434782608695654,4.282608695652174,4.608695652173913,3.391304347826087,2.9347826086956523,0.2606060606060606,0.3505747126436782,0.5195652173913043,1.2021739130434783,-0.682608695652174,-8,0.4321880650994575,0,5,4,7,15,19,5,5,9,18,29,0,A
2022-10-15,Ath Bilbao,Ath Madrid,7,1.565217391304348,0.41304347826086957,1.8333333333333333,1.3043478260869565,0.8913043478260869,3,1.891304347826087,0.6304347826086957,1.7391304347826086,1.7173913043478262,1.0869565217391304,4.413043478260869,4.478260869565218,3.217391304347826,2.869565217391304,5.913043478260869,5.413043478260869,2.282608695652174,2.9130434782608696,0.2955665024630542,0.38349514563106796,1.1673913043478261,1.4782608695652173,-0.3108695652173912,-4,0.7897058823529413,0,10,12,5,25,11,10,10,5,29,18,0,A
2022-10-16,Celta,Sociedad,11,1.2173913043478262,-0.10869565217391304,1.391304347826087,1.1304347826086956,1.2391304347826086,6,1.6956521739130435,0.10869565217391304,1.565217391304348,1.1521739130434783,1.0434782608695652,3.6956521739130435,4.369565217391305,3.6956521739130435,3.5869565217391304,4.282608695652174,5.0,2.4565217391304346,2.260869565217391,0.3058823529411765,0.263681592039801,0.8021739130434783,1.1108695652173912,-0.3086956521739129,-5,0.7221135029354209,0,6,5,8,17,20,10,10,7,27,23,-4,A
2022-10-16,Real Madrid,Barcelona,1,2.347826086956522,1.326086956521739,2.3181818181818183,2.152173913043478,0.8260869565217391,2,2.0652173913043477,1.065217391304348,2.0434782608695654,1.9130434782608696,0.8478260869565217,6.717391304347826,5.260869565217392,3.4130434782608696,3.1739130434782608,5.869565217391305,5.956521739130435,1.8478260869565217,2.630434782608696,0.32038834951456313,0.36363636363636365,2.002173913043478,1.7347826086956522,0.267391304347826,1,1.1541353383458646,0,13,10,4,22,15,15,12,0,32,11,-2,H
2022-10-16,Espanol,Valladolid,13,1.0434782608695652,-0.391304347826087,1.4782608695652173,1.108695652173913,1.5,22,1.0,-0.875,1.0,0.75,1.625,3.5434782608695654,4.75,4.478260869565218,3.625,4.630434782608695,4.625,2.6739130434782608,2.0,0.3128834355828221,0.15789473684210525,0.6260869565217392,0.3875,0.23858695652173917,9,1.6157082748948108,1,5,8,9,22,23,7,5,5,26,14,-2,H
2022-10-16,Betis,Almeria,4,1.7608695652173914,0.5869565217391305,1.9130434782608696,1.565217391304348,0.9782608695652174,23,0.875,-0.625,0.25,0.875,1.5,4.760869565217392,3.75,3.5217391304347827,5.375,4.413043478260869,4.5,2.4565217391304346,4.125,0.3287671232876712,0.23333333333333334,1.3695652173913044,0.42500000000000004,0.9445652173913044,19,3.2225063938618925,0,7,4,4,17,17,3,3,8,12,20,4,H
2022-10-17,Villarreal,Osasuna,8,1.5434782608695652,0.717391304347826,1.9047619047619047,1.5869565217391304,0.8695652173913043,10,1.3043478260869565,-0.2826086956521739,1.3181818181818181,1.0,1.2826086956521738,4.6521739130434785,3.282608695652174,3.5217391304347827,3.891304347826087,5.282608695652174,4.804347826086956,2.152173913043478,2.5217391304347827,0.3411214953271028,0.304635761589404,1.3043478260869565,0.7673913043478262,0.5369565217391303,2,1.6997167138810196,0,5,5,3,27,13,7,5,6,18,20,-2,H
2022-10-18,Sevilla,Valencia,6,1.6808510638297873,0.3829787234042553,1.9130434782608696,1.3191489361702127,0.9361702127659575,9,1.3191489361702127,0.02127659574468085,1.1304347826086956,1.3617021276595744,1.3404255319148937,3.723404255319149,3.978723404255319,3.574468085106383,4.25531914893617,4.574468085106383,4.76595744680851,2.9361702127659575,3.595744680851064,0.35428571428571426,0.3422459893048128,1.2191489361702128,0.9382978723404254,0.2808510638297874,3,1.2993197278911568,0,8,6,6,15,27,8,10,7,31,21,0,D
2022-10-18,Getafe,Ath Bilbao,15,1.0,-0.3404255319148936,1.3333333333333333,0.8723404255319149,1.2127659574468086,8,1.5319148936170213,0.3829787234042553,1.2727272727272727,1.2765957446808511,0.8936170212765957,3.0851063829787235,4.382978723404255,3.851063829787234,3.1702127659574466,3.3191489361702127,5.914893617021277,3.3404255319148937,2.234042553191489,0.2827586206896552,0.2912621359223301,0.5723404255319149,1.1361702127659576,-0.5638297872340428,-7,0.5037453183520598,0,7,6,5,18,24,10,12,5,26,10,-3,D
2022-10-18,Ath Madrid,Vallecano,3,1.9148936170212767,0.6382978723404256,2.0434782608695654,1.702127659574468,1.0638297872340425,12,1.127659574468085,-0.2765957446808511,0.7083333333333334,1.0425531914893618,1.3191489361702127,4.404255319148936,3.617021276595745,2.872340425531915,4.319148936170213,5.319148936170213,5.0212765957446805,2.978723404255319,2.723404255319149,0.3864734299516908,0.28823529411764703,1.4893617021276597,0.6893617021276596,0.8000000000000002,9,2.160493827160494,0,12,10,4,23,16,7,7,8,21,20,5,D
2022-10-19,Valladolid,Celta,22,0.8888888888888888,-0.8888888888888888,1.0,0.6666666666666666,1.5555555555555556,11,1.1914893617021276,-0.1276595744680851,1.0434782608695652,1.127659574468085,1.2553191489361701,4.444444444444445,3.6808510638297873,3.5555555555555554,3.74468085106383,4.555555555555555,4.212765957446808,2.2222222222222223,2.5319148936170213,0.15,0.3063583815028902,0.3111111111111111,0.7829787234042553,-0.4718676122931442,-11,0.3973429951690821,0,4,4,6,22,16,3,3,10,15,26,1,H
2022-10-19,Cadiz,Betis,17,0.9574468085106383,-0.6170212765957447,0.8333333333333334,0.8297872340425532,1.446808510638298,4,1.7872340425531914,0.6170212765957447,1.608695652173913,1.5957446808510638,0.9787234042553191,3.021276595744681,4.787234042553192,4.851063829787234,3.5531914893617023,4.48936170212766,4.51063829787234,2.9574468085106385,2.425531914893617,0.2746478873239437,0.3333333333333333,0.45957446808510644,1.3978723404255318,-0.9382978723404254,-13,0.3287671232876713,0,6,4,7,8,32,10,6,3,19,18,-4,D
2022-10-19,Elche,Real Madrid,17,0.9574468085106383,-0.574468085106383,1.2608695652173914,0.9787234042553191,1.553191489361702,1,2.3617021276595747,1.3404255319148937,2.375,2.1702127659574466,0.8297872340425532,2.7872340425531914,6.659574468085107,5.23404255319149,3.4468085106382977,3.978723404255319,5.787234042553192,3.1702127659574466,1.851063829787234,0.3511450381679389,0.3258785942492013,0.5021276595744681,2.0170212765957447,-1.5148936170212766,-16,0.2489451476793249,0,2,5,12,13,35,13,11,4,22,16,-11,A
2022-10-19,Sociedad,Mallorca,5,1.7234042553191489,0.1276595744680851,1.826086956521739,1.1702127659574468,1.0425531914893618,15,1.0212765957446808,-0.6382978723404256,0.7391304347826086,0.9148936170212766,1.553191489361702,4.404255319148936,3.617021276595745,3.574468085106383,3.978723404255319,5.0212765957446805,4.212765957446808,2.3617021276595747,3.3617021276595747,0.26570048309178745,0.2529411764705882,1.1340425531914893,0.502127659574468,0.6319148936170212,10,2.2584745762711864,0,12,11,7,28,19,4,3,7,16,16,8,H
2022-10-20,Almeria,Girona,23,0.7777777777777778,-0.7777777777777778,1.5,0.8888888888888888,1.6666666666666667,22,0.8888888888888888,-0.3333333333333333,0.25,1.3333333333333333,1.6666666666666667,3.888888888888889,4.444444444444445,5.444444444444445,4.0,4.333333333333333,3.5555555555555554,3.7777777777777777,2.4444444444444446,0.22857142857142856,0.3,0.33333333333333337,0.6111111111111112,-0.2777777777777778,-1,0.5454545454545455,0,3,4,10,16,20,4,8,11,26,21,-1,H
2022-10-20,Osasuna,Espanol,10,1.2765957446808511,-0.3191489361702128,1.2916666666666667,0.9787234042553191,1.297872340425532,13,1.0851063829787233,-0.3617021276595745,0.6086956521739131,1.1063829787234043,1.4680851063829787,3.276595744680851,3.5319148936170213,4.0,4.425531914893617,4.787234042553192,4.659574468085107,2.595744680851064,2.6382978723404253,0.2987012987012987,0.3132530120481928,0.7382978723404257,0.6553191489361702,0.0829787234042555,3,1.1266233766233769,1,4,3,7,15,26,5,8,9,23,23,-1,H
2022-10-20,Barcelona,Villarreal,2,2.021276595744681,1.0,2.0869565217391304,1.8936170212765957,0.8936170212765957,7,1.574468085106383,0.7446808510638298,1.24,1.5957446808510638,0.851063829787234,5.25531914893617,4.74468085106383,3.1914893617021276,3.5106382978723403,5.8936170212765955,5.340425531914893,2.617021276595745,2.148936170212766,0.3603238866396761,0.336322869955157,1.6893617021276597,1.3297872340425534,0.3595744680851063,5,1.2704,0,12,10,3,30,11,5,3,3,26,16,7,H
2022-10-22,Vallecano,Cadiz,12,1.125,-0.2708333333333333,1.565217391304348,1.0416666666666667,1.3125,16,0.9583333333333334,-0.6041666666666666,1.0869565217391304,0.8125,1.4166666666666667,3.625,3.0208333333333335,4.3125,4.8125,5.0,4.479166666666667,2.6666666666666665,2.9166666666666665,0.28735632183908044,0.2689655172413793,0.6895833333333334,0.4604166666666667,0.22916666666666674,4,1.4977375565610862,1,5,6,8,19,20,7,4,3,11,27,-2,H
2022-10-22,Valladolid,Sociedad,21,1.1,-0.5,1.4,1.0,1.5,5,1.75,0.14583333333333334,1.625,1.1666666666666667,1.0208333333333333,4.7,4.458333333333333,3.7,3.5625,4.4,5.125,2.1,2.3333333333333335,0.2127659574468085,0.2616822429906542,0.6000000000000001,1.1520833333333333,-0.5520833333333333,-16,0.5207956600361664,0,7,7,5,25,16,15,11,5,29,19,-8,H
2022-10-22,Valencia,Mallorca,9,1.3125,0.020833333333333332,1.5,1.3541666666666667,1.3333333333333333,15,1.0,-0.6458333333333334,0.7083333333333334,0.8958333333333334,1.5416666666666667,4.0,3.6041666666666665,4.270833333333333,4.041666666666667,4.791666666666667,4.270833333333333,3.6666666666666665,3.3333333333333335,0.3385416666666667,0.24855491329479767,0.9333333333333333,0.4854166666666667,0.44791666666666663,6,1.9227467811158796,0,9,10,6,32,20,4,2,4,17,16,5,A
2022-10-22,Real Madrid,Sevilla,1,2.375,1.375,2.347826086956522,2.1875,0.8125,6,1.6666666666666667,0.375,1.4583333333333333,1.3125,0.9375,6.666666666666667,3.75,3.4375,3.6041666666666665,5.708333333333333,4.708333333333333,1.8333333333333333,2.9791666666666665,0.328125,0.35,2.0375,1.2083333333333333,0.8291666666666668,5,1.6862068965517243,0,13,10,3,22,17,6,4,5,13,27,7,H
2022-10-23,Betis,Ath Madrid,4,1.7708333333333333,0.6041666666666666,1.9583333333333333,1.5625,0.9583333333333334,3,1.8958333333333333,0.625,1.7916666666666667,1.6875,1.0625,4.75,4.395833333333333,3.5416666666666665,2.8958333333333335,4.604166666666667,5.270833333333333,2.4375,2.9791666666666665,0.32894736842105265,0.38388625592417064,1.3791666666666667,1.4729166666666664,-0.09374999999999978,-1,0.9363507779349365,1,8,5,3,17,18,10,7,4,23,17,-2,A
2022-10-23,Villarreal,Almeria,7,1.5416666666666667,0.6666666666666666,1.9545454545454546,1.5625,0.8958333333333334,22,1.0,-0.6,0.2,1.1,1.7,4.666666666666667,4.2,3.5416666666666665,5.4,5.229166666666667,4.3,2.125,3.5,0.33482142857142855,0.2619047619047619,1.2833333333333332,0.54,0.7433333333333332,15,2.3765432098765427,0,5,3,5,24,16,6,7,11,21,21,-1,H
2022-10-23,Espanol,Elche,13,1.0625,-0.375,1.5416666666666667,1.0833333333333333,1.4583333333333333,17,0.9375,-0.625,0.6666666666666666,0.9583333333333334,1.5833333333333333,3.5208333333333335,2.7916666666666665,4.4375,5.270833333333333,4.604166666666667,4.0625,2.625,3.125,0.3076923076923077,0.34328358208955223,0.6354166666666667,0.47291666666666665,0.1625000000000001,4,1.3436123348017623,1,5,6,7,21,21,2,4,11,14,34,3,D
2022-10-23,Barcelona,Ath Bilbao,2,2.0416666666666665,1.0416666666666667,2.125,1.9166666666666667,0.875,8,1.5208333333333333,0.375,1.2608695652173914,1.2916666666666667,0.9166666666666666,5.25,4.375,3.1458333333333335,3.1875,5.9375,5.875,2.5625,2.2708333333333335,0.36507936507936506,0.29523809523809524,1.7166666666666666,1.1312499999999999,0.5854166666666667,6,1.5174953959484347,0,12,9,3,27,12,8,10,6,22,12,4,H
2022-10-23,Girona,Osasuna,23,0.8,-0.4,1.4,1.4,1.8,10,1.3125,-0.2916666666666667,1.2608695652173914,0.9791666666666666,1.2708333333333333,4.5,3.3125,4.3,3.9791666666666665,3.7,4.875,2.5,2.5625,0.3111111111111111,0.29559748427672955,0.56,0.7645833333333333,-0.20458333333333323,-13,0.7324250681198912,1,1,8,13,26,24,4,3,7,16,27,-3,D
2022-10-24,Celta,Getafe,12,1.1666666666666667,-0.1875,1.3333333333333333,1.125,1.3125,15,1.0,-0.3333333333333333,0.6521739130434783,0.8958333333333334,1.2291666666666667,3.7083333333333335,3.1041666666666665,3.8125,3.8541666666666665,4.270833333333333,3.3958333333333335,2.5,3.4166666666666665,0.30337078651685395,0.28859060402684567,0.7520833333333333,0.5791666666666667,0.1729166666666666,3,1.2985611510791366,1,3,3,10,17,29,5,6,6,19,22,-2,D
2022-10-28,Mallorca,Espanol,14,1.0408163265306123,-0.6122448979591837,1.2916666666666667,0.9183673469387755,1.530612244897959,13,1.0612244897959184,-0.3673469387755102,0.5833333333333334,1.1020408163265305,1.469387755102041,3.63265306122449,3.5510204081632653,4.020408163265306,4.428571428571429,4.244897959183674,4.612244897959184,3.36734693877551,2.6122448979591835,0.25280898876404495,0.3103448275862069,0.5204081632653061,0.6408163265306123,-0.12040816326530612,-1,0.8121019108280255,1,4,3,5,20,16,6,7,7,22,19,-2,D
2022-10-29,Almeria,Celta,22,0.9090909090909091,-0.6363636363636364,1.8,1.0909090909090908,1.7272727272727273,11,1.163265306122449,-0.1836734693877551,1.0,1.1224489795918366,1.3061224489795917,4.181818181818182,3.7346938775510203,5.363636363636363,3.7551020408163267,4.2727272727272725,4.387755102040816,3.272727272727273,2.4693877551020407,0.2608695652173913,0.3005464480874317,0.4818181818181818,0.7510204081632653,-0.2692022263450835,-11,0.6415513833992095,0,6,8,12,22,24,4,4,8,20,23,2,H
2022-10-29,Cadiz,Ath Madrid,17,0.9387755102040817,-0.673469387755102,0.84,0.8163265306122449,1.489795918367347,3,1.9183673469387754,0.6326530612244898,1.84,1.6938775510204083,1.0612244897959184,2.9591836734693877,4.36734693877551,4.938775510204081,2.9183673469387754,4.408163265306122,5.244897959183674,2.979591836734694,2.979591836734694,0.27586206896551724,0.3878504672897196,0.43061224489795924,1.4877551020408164,-1.0571428571428572,-14,0.28943758573388206,0,4,4,8,10,32,13,8,3,21,18,-9,H
2022-10-29,Sevilla,Vallecano,6,1.6326530612244898,0.32653061224489793,1.875,1.3061224489795917,0.9795918367346939,11,1.163265306122449,-0.1836734693877551,0.72,1.1224489795918366,1.3061224489795917,3.7142857142857144,3.7755102040816326,3.6530612244897958,4.224489795918367,4.673469387755102,5.1020408163265305,3.0,2.6530612244897958,0.3516483516483517,0.2972972972972973,1.1755102040816325,0.7510204081632653,0.4244897959183672,5,1.5652173913043477,0,5,4,7,14,26,8,9,6,28,13,-3,A
2022-10-29,Valencia,Barcelona,10,1.2857142857142858,0.0,1.44,1.346938775510204,1.346938775510204,2,2.061224489795918,1.1020408163265305,1.9583333333333333,1.9591836734693877,0.8571428571428571,3.979591836734694,5.285714285714286,4.285714285714286,3.142857142857143,4.795918367346939,5.836734693877551,3.6530612244897958,2.5510204081632653,0.3384615384615385,0.37065637065637064,0.9122448979591837,1.7530612244897958,-0.8408163265306121,-8,0.520372526193248,0,6,8,8,28,23,12,10,3,25,14,-6,A
2022-10-30,Osasuna,Valladolid,9,1.3061224489795917,-0.2857142857142857,1.36,0.9795918367346939,1.2653061224489797,21,1.2727272727272727,-0.36363636363636365,0.8,1.0,1.3636363636363635,3.2857142857142856,4.454545454545454,3.9183673469387754,3.5454545454545454,4.877551020408164,4.363636363636363,2.5714285714285716,2.090909090909091,0.2981366459627329,0.22448979591836735,0.7632653061224489,0.7272727272727273,0.035992578849721624,12,1.0494897959183673,1,5,4,6,14,24,10,8,4,21,17,-5,H
2022-10-30,Real Madrid,Girona,1,2.3877551020408165,1.3877551020408163,2.375,2.204081632653061,0.8163265306122449,23,0.8181818181818182,-0.36363636363636365,0.2,1.3636363636363635,1.7272727272727273,6.653061224489796,4.181818181818182,3.4081632653061225,4.090909090909091,5.673469387755102,3.6363636363636362,1.816326530612245,2.4545454545454546,0.3312883435582822,0.32608695652173914,2.0510204081632653,0.5727272727272728,1.4782931354359925,22,3.58114674441205,0,13,11,3,25,14,2,8,12,24,23,11,D
2022-10-30,Ath Bilbao,Villarreal,8,1.489795918367347,0.2857142857142857,1.76,1.2653061224489797,0.9795918367346939,7,1.5714285714285714,0.673469387755102,1.1923076923076923,1.5714285714285714,0.8979591836734694,4.346938775510204,4.673469387755102,3.2653061224489797,3.5510204081632653,5.795918367346939,5.326530612244898,2.2653061224489797,2.183673469387755,0.29107981220657275,0.33624454148471616,1.0836734693877552,1.3020408163265307,-0.21836734693877546,-1,0.8322884012539186,1,5,7,8,18,17,7,4,5,22,19,-2,H
2022-10-30,Sociedad,Betis,5,1.7142857142857142,0.12244897959183673,1.875,1.1428571428571428,1.0204081632653061,4,1.7346938775510203,0.5714285714285714,1.5833333333333333,1.5510204081632653,0.9795918367346939,4.408163265306122,4.73469387755102,3.5306122448979593,3.5306122448979593,5.224489795918367,4.653061224489796,2.3469387755102042,2.4285714285714284,0.25925925925925924,0.3275862068965517,1.1224489795918366,1.3489795918367347,-0.226530612244898,-1,0.832072617246596,1,12,9,5,25,17,5,4,4,18,18,7,A
2022-10-31,Elche,Getafe,17,0.9387755102040817,-0.6122448979591837,1.2083333333333333,0.9795918367346939,1.5918367346938775,15,1.0,-0.32653061224489793,0.6666666666666666,0.8979591836734694,1.2244897959183674,2.816326530612245,3.061224489795918,5.26530612244898,3.877551020408163,4.040816326530612,3.326530612244898,3.122448979591837,3.36734693877551,0.34782608695652173,0.29333333333333333,0.4816326530612245,0.5816326530612245,-0.09999999999999998,-2,0.8280701754385965,1,3,6,10,17,30,3,5,7,16,23,0,A
2022-11-04,Girona,Ath Bilbao,23,0.8333333333333334,-0.3333333333333333,1.3333333333333333,1.3333333333333333,1.6666666666666667,8,1.52,0.3,1.2083333333333333,1.26,0.96,4.0,4.4,4.25,3.26,3.4166666666666665,5.8,2.5,2.26,0.3333333333333333,0.2863636363636364,0.5833333333333334,1.1019999999999999,-0.5186666666666665,-15,0.5293405928614641,0,3,6,8,18,24,5,4,8,21,18,-2,H
2022-11-05,Getafe,Cadiz,14,1.04,-0.3,1.32,0.9,1.2,16,0.98,-0.64,1.0416666666666667,0.86,1.5,3.06,3.04,3.9,4.98,3.3,4.42,3.38,2.96,0.29411764705882354,0.28289473684210525,0.6100000000000001,0.47,0.14000000000000012,2,1.2978723404255321,1,6,4,4,13,21,6,7,10,15,33,0,D
2022-11-05,Valladolid,Elche,21,1.1666666666666667,-0.5,1.6666666666666667,0.9166666666666666,1.4166666666666667,17,0.92,-0.62,0.68,0.96,1.58,4.25,2.86,4.083333333333333,5.22,4.666666666666667,4.08,2.1666666666666665,3.06,0.21568627450980393,0.3356643356643357,0.6166666666666667,0.466,0.15066666666666667,-4,1.3233190271816881,1,7,5,4,16,21,3,5,9,20,27,4,H
2022-11-05,Celta,Osasuna,12,1.14,-0.22,1.32,1.12,1.34,9,1.34,-0.24,1.25,1.0,1.24,3.72,3.42,3.78,3.88,4.38,4.8,2.44,2.54,0.3010752688172043,0.29239766081871343,0.728,0.798,-0.07000000000000006,-3,0.9122807017543859,1,1,4,11,19,24,7,5,5,22,22,-6,A
2022-11-05,Barcelona,Almeria,2,2.08,1.1,2.16,1.94,0.84,23,1.0833333333333333,-0.4166666666666667,0.16666666666666666,1.25,1.6666666666666667,5.22,4.25,3.12,5.166666666666667,5.92,4.416666666666667,2.6,3.3333333333333335,0.3716475095785441,0.29411764705882354,1.758,0.6666666666666666,1.0913333333333335,21,2.637,0,12,10,3,24,13,9,11,9,25,23,3,H
2022-11-06,Ath Madrid,Espanol,3,1.88,0.6,2.0,1.7,1.1,14,1.06,-0.36,0.6,1.1,1.46,4.42,3.52,3.0,4.44,5.2,4.6,3.0,2.58,0.38461538461538464,0.3125,1.46,0.6420000000000001,0.8179999999999998,11,2.274143302180685,0,10,8,6,22,22,6,6,6,19,19,4,D
2022-11-06,Sociedad,Valencia,5,1.68,0.08,1.8,1.12,1.04,10,1.26,-0.02,1.125,1.32,1.34,4.46,3.94,3.54,4.24,5.22,4.76,2.38,3.66,0.25112107623318386,0.3350253807106599,1.088,0.888,0.20000000000000007,5,1.2252252252252254,1,9,4,4,27,13,5,6,7,25,20,4,D
2022-11-06,Villarreal,Mallorca,7,1.54,0.64,2.0,1.54,0.9,15,1.04,-0.6,0.8,0.92,1.52,4.64,3.66,3.62,3.98,5.26,4.24,2.16,3.38,0.33189655172413796,0.25136612021857924,1.27,0.524,0.746,8,2.4236641221374047,0,6,4,6,19,24,5,4,5,22,15,1,A
2022-11-06,Betis,Sevilla,4,1.76,0.6,1.88,1.56,0.96,6,1.6,0.3,1.4,1.28,0.98,4.72,3.72,3.6,3.68,4.62,4.7,2.46,3.06,0.3305084745762712,0.34408602150537637,1.372,1.146,0.2260000000000002,2,1.1972076788830717,1,8,6,3,18,21,5,4,6,15,25,3,D
2022-11-07,Vallecano,Real Madrid,11,1.2,-0.16,1.625,1.12,1.28,1,2.36,1.36,2.4,2.18,0.82,3.8,6.64,4.22,3.38,5.12,5.7,2.62,1.86,0.29473684210526313,0.32831325301204817,0.776,2.024,-1.248,-10,0.383399209486166,0,8,8,5,27,15,13,11,3,27,14,-5,H
2022-11-08,Elche,Girona,17,0.9019607843137255,-0.6274509803921569,1.16,0.9607843137254902,1.588235294117647,22,1.0,-0.23076923076923078,0.3333333333333333,1.3846153846153846,1.6153846153846154,2.843137254901961,4.461538461538462,5.333333333333333,4.461538461538462,4.078431372549019,3.6923076923076925,3.0,2.3846153846153846,0.33793103448275863,0.3103448275862069,0.4549019607843138,0.7076923076923077,-0.25279034690799396,5,0.6427962489343564,0,2,5,10,20,34,6,7,7,24,24,-4,A
2022-11-08,Ath Bilbao,Valladolid,8,1.4901960784313726,0.27450980392156865,1.8076923076923077,1.2549019607843137,0.9803921568627451,21,1.3076923076923077,-0.38461538461538464,0.6666666666666666,1.0,1.3846153846153846,4.450980392156863,4.769230769230769,3.392156862745098,3.923076923076923,5.705882352941177,4.923076923076923,2.235294117647059,2.1538461538461537,0.28193832599118945,0.20967741935483872,1.0784313725490198,0.7384615384615385,0.33996983408748127,13,1.4603758169934642,0,4,4,9,24,25,9,7,5,24,22,-5,H
2022-11-08,Osasuna,Barcelona,9,1.3725490196078431,-0.21568627450980393,1.4230769230769231,1.0196078431372548,1.2352941176470589,2,2.0980392156862746,1.1176470588235294,2.0,1.9411764705882353,0.8235294117647058,3.4313725490196076,5.372549019607843,3.9019607843137254,3.0784313725490198,4.764705882352941,5.980392156862745,2.588235294117647,2.588235294117647,0.29714285714285715,0.3613138686131387,0.8254901960784313,1.772549019607843,-0.9470588235294117,-7,0.4657079646017699,0,10,6,4,24,20,12,11,3,32,11,-2,A
2022-11-09,Almeria,Getafe,23,1.0,-0.5384615384615384,2.0,1.1538461538461537,1.6923076923076923,15,1.0392156862745099,-0.29411764705882354,0.76,0.8823529411764706,1.1764705882352942,4.0,3.0392156862745097,5.769230769230769,3.9019607843137254,4.153846153846154,3.3333333333333335,3.1538461538461537,3.450980392156863,0.28846153846153844,0.2903225806451613,0.5692307692307692,0.607843137254902,-0.038612368024132815,-8,0.9364764267990073,1,6,8,10,22,32,7,4,3,13,21,-1,H
2022-11-09,Sevilla,Sociedad,6,1.588235294117647,0.29411764705882354,1.8,1.2745098039215685,0.9803921568627451,5,1.6666666666666667,0.0784313725490196,1.56,1.1176470588235294,1.0392156862745099,3.764705882352941,4.450980392156863,3.6862745098039214,3.5294117647058822,4.686274509803922,5.137254901960785,3.1176470588235294,2.392156862745098,0.3385416666666667,0.2511013215859031,1.1372549019607843,1.0803921568627453,0.056862745098039014,-1,1.0526315789473681,1,5,4,6,18,25,7,4,5,26,15,-2,A
2022-11-09,Espanol,Villarreal,14,1.0588235294117647,-0.35294117647058826,1.52,1.0980392156862746,1.4509803921568627,8,1.5098039215686274,0.5882352941176471,1.1481481481481481,1.5098039215686274,0.9215686274509803,3.4901960784313726,4.588235294117647,4.490196078431373,3.6470588235294117,4.549019607843137,5.254901960784314,2.6470588235294117,2.196078431372549,0.3146067415730337,0.32905982905982906,0.6431372549019608,1.2333333333333334,-0.5901960784313726,-6,0.5214626391096979,0,6,5,5,15,23,6,4,7,20,24,0,A
2022-11-09,Mallorca,Ath Madrid,13,1.0784313725490196,-0.5490196078431373,1.28,0.9411764705882353,1.4901960784313726,3,1.8627450980392157,0.5882352941176471,1.7692307692307692,1.6862745098039216,1.0980392156862746,3.6862745098039214,4.470588235294118,3.9411764705882355,2.980392156862745,4.196078431372549,5.333333333333333,3.4313725490196076,3.0,0.2553191489361702,0.37719298245614036,0.5627450980392157,1.4450980392156865,-0.8823529411764708,-10,0.389416553595658,0,7,5,4,23,15,8,7,6,22,20,-1,H
2022-11-10,Valencia,Betis,10,1.2549019607843137,-0.0196078431372549,1.3846153846153846,1.3137254901960784,1.3333333333333333,4,1.7450980392156863,0.5882352941176471,1.64,1.5490196078431373,0.9607843137254902,3.9215686274509802,4.705882352941177,4.235294117647059,3.6470588235294117,4.882352941176471,4.549019607843137,3.588235294117647,2.5294117647058822,0.335,0.32916666666666666,0.884313725490196,1.3588235294117648,-0.4745098039215687,-6,0.6507936507936507,0,3,5,7,21,22,8,7,4,21,24,-5,H
2022-11-10,Real Madrid,Cadiz,1,2.3137254901960786,1.3137254901960784,2.32,2.176470588235294,0.8627450980392157,16,0.9803921568627451,-0.6274509803921569,1.04,0.8431372549019608,1.4705882352941178,6.549019607843137,3.0588235294117645,3.450980392156863,4.921568627450981,5.686274509803922,4.431372549019608,1.9215686274509804,2.9607843137254903,0.3323353293413174,0.27564102564102566,1.9862745098039216,0.47058823529411764,1.5156862745098039,15,4.220833333333333,0,10,12,6,25,19,6,5,8,16,29,4,H
2022-11-10,Vallecano,Celta,11,1.2352941176470589,-0.13725490196078433,1.68,1.1568627450980393,1.2941176470588236,13,1.1176470588235294,-0.23529411764705882,0.96,1.1176470588235294,1.3529411764705883,3.8627450980392157,3.7450980392156863,4.176470588235294,3.784313725490196,5.098039215686274,4.333333333333333,2.6470588235294117,2.411764705882353,0.29949238578680204,0.29842931937172773,0.8078431372549021,0.711764705882353,0.09607843137254912,2,1.134986225895317,1,11,10,4,30,13,1,5,12,21,23,10,D
2022-12-29,Girona,Vallecano,22,1.1428571428571428,-0.14285714285714285,1.5714285714285714,1.4285714285714286,1.5714285714285714,11,1.2307692307692308,-0.1346153846153846,0.8076923076923077,1.1346153846153846,1.2692307692307692,4.357142857142857,3.8461538461538463,4.285714285714286,4.153846153846154,3.7857142857142856,5.096153846153846,2.357142857142857,2.730769230769231,0.32786885245901637,0.295,0.8142857142857143,0.801923076923077,0.012362637362637319,-11,1.0154162384378211,1,8,8,7,21,24,11,10,4,30,13,-3,D
2022-12-29,Betis,Ath Bilbao,4,1.7115384615384615,0.5192307692307693,1.8461538461538463,1.5192307692307692,1.0,8,1.5192307692307692,0.3269230769230769,1.16,1.2884615384615385,0.9615384615384616,4.634615384615385,4.480769230769231,3.7115384615384617,3.326923076923077,4.5576923076923075,5.788461538461538,2.5576923076923075,2.25,0.3278008298755187,0.2875536480686695,1.3153846153846154,1.1153846153846154,0.19999999999999996,4,1.1793103448275861,1,5,4,6,16,26,7,7,8,27,24,-2,D
2022-12-29,Ath Madrid,Elche,3,1.8269230769230769,0.5576923076923077,1.96,1.6538461538461537,1.0961538461538463,17,0.8846153846153846,-0.6346153846153846,0.6538461538461539,0.9615384615384616,1.5961538461538463,4.480769230769231,2.826923076923077,2.980769230769231,5.288461538461538,5.326923076923077,4.038461538461538,3.0,3.0,0.36909871244635195,0.3401360544217687,1.4115384615384614,0.4442307692307692,0.9673076923076922,14,3.1774891774891776,0,5,6,7,26,20,1,4,10,16,29,4,H
2022-12-30,Getafe,Mallorca,15,1.0192307692307692,-0.3076923076923077,1.3076923076923077,0.8653846153846154,1.1730769230769231,13,1.1153846153846154,-0.5192307692307693,0.8846153846153846,0.9423076923076923,1.4615384615384615,3.0384615384615383,3.673076923076923,3.8846153846153846,3.9615384615384617,3.3846153846153846,4.153846153846154,3.4615384615384617,3.4615384615384617,0.2848101265822785,0.25654450261780104,0.5903846153846154,0.5903846153846154,0.0,-2,1.0,1,6,4,4,13,21,10,6,3,21,19,-4,H
2022-12-30,Cadiz,Almeria,16,0.9615384615384616,-0.6346153846153846,0.9230769230769231,0.8461538461538461,1.4807692307692308,23,1.1428571428571428,-0.42857142857142855,0.14285714285714285,1.1428571428571428,1.5714285714285714,3.0961538461538463,3.9285714285714284,4.923076923076923,5.571428571428571,4.365384615384615,4.357142857142857,2.9615384615384617,3.5714285714285716,0.2732919254658385,0.2909090909090909,0.45961538461538465,0.6714285714285714,-0.21181318681318673,7,0.6845335515548282,1,5,5,9,19,28,9,8,7,20,29,-4,D
2022-12-30,Celta,Sevilla,12,1.1153846153846154,-0.23076923076923078,1.2692307692307692,1.0961538461538463,1.3269230769230769,6,1.5576923076923077,0.2692307692307692,1.3846153846153846,1.2692307692307692,1.0,3.730769230769231,3.75,3.769230769230769,3.7884615384615383,4.3076923076923075,4.634615384615385,2.3846153846153846,3.1346153846153846,0.29381443298969073,0.3384615384615385,0.7076923076923077,1.1134615384615385,-0.40576923076923077,-6,0.6355785837651122,0,2,4,10,21,20,2,4,8,20,29,0,D
2022-12-30,Valladolid,Real Madrid,23,1.2142857142857142,-0.5714285714285714,1.8571428571428572,0.9285714285714286,1.5,1,2.326923076923077,1.3076923076923077,2.3076923076923075,2.173076923076923,0.8653846153846154,4.428571428571429,6.519230769230769,4.071428571428571,3.480769230769231,4.714285714285714,5.711538461538462,2.0714285714285716,1.9423076923076923,0.20967741935483872,0.3333333333333333,0.6214285714285714,1.9903846153846154,-1.368956043956044,-22,0.3122153209109731,0,9,7,7,22,25,10,11,6,26,19,-1,A
2022-12-31,Sociedad,Osasuna,5,1.6923076923076923,0.09615384615384616,1.7692307692307692,1.1346153846153846,1.0384615384615385,9,1.3461538461538463,-0.23076923076923078,1.32,1.0192307692307692,1.25,4.538461538461538,3.423076923076923,3.519230769230769,3.8846153846153846,5.0576923076923075,4.711538461538462,2.3846153846153846,2.6153846153846154,0.25,0.29775280898876405,1.101923076923077,0.8076923076923077,0.2942307692307693,4,1.3642857142857143,0,7,4,5,29,15,10,7,4,24,14,-3,H
2022-12-31,Villarreal,Valencia,7,1.5384615384615385,0.5961538461538461,1.9166666666666667,1.5,0.9038461538461539,10,1.2884615384615385,0.038461538461538464,1.12,1.3461538461538463,1.3076923076923077,4.5576923076923075,3.980769230769231,3.6923076923076925,4.173076923076923,5.288461538461538,4.884615384615385,2.2115384615384617,3.5384615384615383,0.3291139240506329,0.33816425120772947,1.248076923076923,0.925,0.32307692307692304,3,1.3492723492723493,0,6,3,7,14,27,5,6,5,20,17,1,H
2022-12-31,Barcelona,Espanol,2,2.1153846153846154,1.1153846153846154,2.1923076923076925,1.9423076923076923,0.8269230769230769,15,1.0384615384615385,-0.36538461538461536,0.6153846153846154,1.0769230769230769,1.4423076923076923,5.326923076923077,3.5384615384615383,3.076923076923077,4.461538461538462,5.961538461538462,4.538461538461538,2.6538461538461537,2.6153846153846154,0.36462093862815886,0.30434782608695654,1.7807692307692307,0.625,1.1557692307692307,13,2.8492307692307692,0,15,12,1,30,10,3,4,6,18,24,12,D
2023-01-06,Elche,Celta,17,0.8679245283018868,-0.660377358490566,1.1153846153846154,0.9433962264150944,1.6037735849056605,12,1.1132075471698113,-0.22641509433962265,0.9615384615384616,1.0943396226415094,1.320754716981132,2.792452830188679,3.7547169811320753,5.264150943396227,3.792452830188679,4.056603773584905,4.320754716981132,3.056603773584906,2.3773584905660377,0.33783783783783783,0.2914572864321608,0.42452830188679247,0.7075471698113207,-0.28301886792452824,-5,0.6000000000000001,0,1,4,9,14,26,3,4,7,21,18,-2,A
2023-01-06,Valencia,Cadiz,10,1.2641509433962264,0.018867924528301886,1.4444444444444444,1.3396226415094339,1.320754716981132,16,0.9622641509433962,-0.6226415094339622,1.0,0.8490566037735849,1.471698113207547,3.981132075471698,3.150943396226415,4.245283018867925,5.0,4.830188679245283,4.339622641509434,3.5283018867924527,2.943396226415094,0.33649289099526064,0.2694610778443114,0.9056603773584906,0.4641509433962265,0.4415094339622641,6,1.9512195121951217,0,4,6,6,19,20,5,6,10,22,34,-1,A
2023-01-07,Villarreal,Real Madrid,6,1.5660377358490567,0.6037735849056604,1.96,1.509433962264151,0.9056603773584906,1,2.339622641509434,1.320754716981132,2.3333333333333335,2.169811320754717,0.8490566037735849,4.622641509433962,6.547169811320755,3.69811320754717,3.490566037735849,5.283018867924528,5.773584905660377,2.188679245283019,1.9056603773584906,0.32653061224489793,0.3314121037463977,1.2660377358490567,2.0,-0.7339622641509433,-5,0.6330188679245283,0,9,5,5,21,26,10,10,6,27,20,-1,H
2023-01-07,Mallorca,Valladolid,13,1.0943396226415094,-0.5471698113207547,1.3461538461538463,0.9245283018867925,1.471698113207547,23,1.1333333333333333,-0.6666666666666666,0.5714285714285714,0.8666666666666667,1.5333333333333334,3.6037735849056602,4.4,4.0,4.333333333333333,4.113207547169812,4.733333333333333,3.4150943396226414,2.1333333333333333,0.25654450261780104,0.19696969696969696,0.5679245283018868,0.54,0.027924528301886742,10,1.0517120894479384,1,10,6,4,18,18,6,3,8,19,28,4,H
2023-01-07,Espanol,Girona,15,1.0377358490566038,-0.3584905660377358,1.4615384615384615,1.0754716981132075,1.4339622641509433,21,1.1333333333333333,-0.13333333333333333,0.7142857142857143,1.4666666666666666,1.6,3.490566037735849,4.533333333333333,4.490566037735849,4.266666666666667,4.490566037735849,3.6666666666666665,2.7169811320754715,2.4,0.3081081081081081,0.3235294117647059,0.6264150943396227,0.82,-0.19358490566037723,6,0.7639208467556375,1,4,5,6,16,25,9,8,6,23,21,-5,D
2023-01-08,Almeria,Sociedad,22,1.1333333333333333,-0.4,2.142857142857143,1.1333333333333333,1.5333333333333334,4,1.7169811320754718,0.1320754716981132,1.6153846153846154,1.150943396226415,1.0188679245283019,4.266666666666667,4.490566037735849,5.6,3.509433962264151,4.2,5.018867924528302,3.3333333333333335,2.358490566037736,0.265625,0.25630252100840334,0.6733333333333333,1.1283018867924528,-0.45496855345911946,-18,0.5967670011148272,0,7,6,6,22,30,7,5,5,24,15,0,A
2023-01-08,Vallecano,Betis,11,1.2264150943396226,-0.1320754716981132,1.6538461538461537,1.150943396226415,1.2830188679245282,5,1.6981132075471699,0.5094339622641509,1.5769230769230769,1.490566037735849,0.9811320754716981,3.849056603773585,4.6415094339622645,4.2075471698113205,3.641509433962264,5.0754716981132075,4.509433962264151,2.7169811320754715,2.547169811320755,0.29901960784313725,0.32113821138211385,0.8037735849056604,1.3,-0.4962264150943396,-6,0.6182873730043541,0,11,11,5,30,16,5,4,6,18,23,6,A
2023-01-08,Sevilla,Getafe,7,1.5471698113207548,0.2641509433962264,1.7307692307692308,1.2641509433962264,1.0,14,1.0566037735849056,-0.2641509433962264,0.7307692307692307,0.8867924528301887,1.150943396226415,3.7735849056603774,3.0943396226415096,3.811320754716981,3.811320754716981,4.660377358490566,3.3962264150943398,3.169811320754717,3.3962264150943398,0.335,0.2865853658536585,1.1056603773584905,0.6264150943396227,0.4792452830188678,7,1.7650602409638552,0,2,4,8,20,29,8,4,2,15,17,-6,H
2023-01-08,Ath Madrid,Barcelona,3,1.849056603773585,0.5849056603773585,2.0,1.6603773584905661,1.0754716981132075,2,2.0943396226415096,1.0943396226415094,2.0384615384615383,1.9245283018867925,0.8301886792452831,4.471698113207547,5.339622641509434,2.943396226415094,3.0377358490566038,5.283018867924528,6.037735849056604,3.018867924528302,2.7358490566037736,0.37130801687763715,0.36042402826855124,1.4320754716981132,1.7603773584905662,-0.328301886792453,-1,0.8135048231511254,0,7,7,6,26,17,13,10,2,31,10,-6,A
2023-01-09,Ath Bilbao,Osasuna,8,1.509433962264151,0.32075471698113206,1.8518518518518519,1.2641509433962264,0.9433962264150944,9,1.320754716981132,-0.2641509433962264,1.2692307692307692,1.0,1.2641509433962264,4.39622641509434,3.4150943396226414,3.358490566037736,3.849056603773585,5.7924528301886795,4.660377358490566,2.2830188679245285,2.5849056603773586,0.2875536480686695,0.292817679558011,1.1037735849056605,0.7811320754716982,0.3226415094339623,1,1.4130434782608696,0,7,5,6,23,25,7,6,6,22,13,0,D
2023-01-13,Celta,Villarreal,12,1.1481481481481481,-0.2037037037037037,1.2592592592592593,1.0925925925925926,1.2962962962962963,6,1.5925925925925926,0.6111111111111112,1.2142857142857142,1.5185185185185186,0.9074074074074074,3.814814814814815,4.62962962962963,3.814814814814815,3.685185185185185,4.314814814814815,5.296296296296297,2.3518518518518516,2.2222222222222223,0.28640776699029125,0.328,0.7314814814814815,1.2833333333333334,-0.5518518518518519,-6,0.5699855699855699,0,5,4,6,23,22,9,5,5,21,25,-4,D
2023-01-14,Valladolid,Vallecano,23,1.0625,-0.6875,1.625,0.8125,1.5,11,1.2037037037037037,-0.14814814814814814,0.8148148148148148,1.1481481481481481,1.2962962962962963,4.1875,3.8333333333333335,4.3125,4.185185185185185,4.5625,5.074074074074074,2.1875,2.7222222222222223,0.19402985074626866,0.2995169082125604,0.48750000000000004,0.7870370370370371,-0.29953703703703705,-12,0.6194117647058823,0,3,2,9,18,30,8,7,6,22,19,-5,A
2023-01-14,Girona,Sevilla,21,1.125,-0.125,1.5,1.5,1.625,7,1.5740740740740742,0.2777777777777778,1.3703703703703705,1.2777777777777777,1.0,4.5625,3.7962962962962963,4.375,3.7777777777777777,3.5625,4.648148148148148,2.375,3.1666666666666665,0.3287671232876712,0.33658536585365856,0.8250000000000001,1.125925925925926,-0.30092592592592593,-14,0.7327302631578948,0,9,9,7,27,25,5,5,6,23,25,4,H
2023-01-14,Osasuna,Mallorca,9,1.3148148148148149,-0.25925925925925924,1.3703703703703705,0.9814814814814815,1.2407407407407407,13,1.1296296296296295,-0.5185185185185185,0.8518518518518519,0.9259259259259259,1.4444444444444444,3.3703703703703702,3.611111111111111,3.8333333333333335,3.9444444444444446,4.592592592592593,4.148148148148148,2.5555555555555554,3.388888888888889,0.29120879120879123,0.2564102564102564,0.775925925925926,0.5944444444444444,0.18148148148148158,4,1.3052959501557635,1,7,5,5,21,15,10,5,3,17,16,-3,H
2023-01-14,Sociedad,Ath Bilbao,4,1.7407407407407407,0.16666666666666666,1.8148148148148149,1.1666666666666667,1.0,8,1.5,0.3148148148148148,1.1538461538461537,1.2407407407407407,0.9259259259259259,4.518518518518518,4.37037037037037,3.462962962962963,3.314814814814815,4.962962962962963,5.944444444444445,2.314814814814815,2.240740740740741,0.2581967213114754,0.2838983050847458,1.1537037037037037,1.0925925925925926,0.061111111111111116,4,1.0559322033898304,1,10,7,4,28,14,8,5,2,23,19,2,H
2023-01-15,Getafe,Espanol,14,1.037037037037037,-0.2777777777777778,1.3703703703703705,0.8888888888888888,1.1666666666666667,15,1.037037037037037,-0.35185185185185186,0.6296296296296297,1.0925925925925926,1.4444444444444444,3.074074074074074,3.537037037037037,3.8333333333333335,4.5,3.4074074074074074,4.5,3.388888888888889,2.7222222222222223,0.2891566265060241,0.3089005235602094,0.6129629629629629,0.6314814814814814,-0.01851851851851849,1,0.9706744868035191,1,7,4,3,16,17,4,5,6,17,26,3,A
2023-01-15,Almeria,Ath Madrid,22,1.0625,-0.5,1.875,1.0625,1.5625,3,1.8148148148148149,0.5555555555555556,1.7037037037037037,1.6296296296296295,1.0740740740740742,4.0625,4.481481481481482,5.625,2.925925925925926,4.1875,5.314814814814815,3.1875,3.0185185185185186,0.26153846153846155,0.36363636363636365,0.59375,1.4000000000000001,-0.8062500000000001,-19,0.4241071428571428,0,7,5,6,19,31,4,5,6,28,15,3,D
2023-01-16,Cadiz,Elche,16,1.0,-0.5925925925925926,0.9259259259259259,0.8518518518518519,1.4444444444444444,17,0.8518518518518519,-0.6666666666666666,0.6296296296296297,0.9259259259259259,1.5925925925925926,3.1296296296296298,2.8333333333333335,4.944444444444445,5.296296296296297,4.296296296296297,4.12962962962963,3.0,3.074074074074074,0.27218934911242604,0.32679738562091504,0.49259259259259264,0.41111111111111115,0.08148148148148149,1,1.1981981981981982,1,8,6,5,24,25,0,2,8,15,28,8,D
2023-01-20,Mallorca,Celta,13,1.1090909090909091,-0.5272727272727272,1.4074074074074074,0.9090909090909091,1.4363636363636363,12,1.1454545454545455,-0.2,1.037037037037037,1.0909090909090908,1.290909090909091,3.581818181818182,3.890909090909091,3.9454545454545453,3.7636363636363637,4.090909090909091,4.490909090909091,3.381818181818182,2.309090909090909,0.25380710659898476,0.2803738317757009,0.5781818181818181,0.7309090909090908,-0.1527272727272727,-1,0.7910447761194029,1,9,4,3,14,18,6,4,4,28,18,3,H
2023-01-21,Vallecano,Sociedad,10,1.2363636363636363,-0.12727272727272726,1.5925925925925926,1.1454545454545455,1.2727272727272727,4,1.7636363636363637,0.2,1.6666666666666667,1.2,1.0,3.8727272727272726,4.527272727272727,4.1454545454545455,3.4363636363636365,5.127272727272727,4.945454545454545,2.709090909090909,2.3636363636363638,0.29577464788732394,0.26506024096385544,0.8090909090909091,1.1818181818181819,-0.3727272727272728,-6,0.6846153846153846,0,8,7,6,23,17,13,10,3,26,12,-5,A
2023-01-21,Espanol,Betis,14,1.0727272727272728,-0.32727272727272727,1.4444444444444444,1.1090909090909091,1.4363636363636363,5,1.7222222222222223,0.5185185185185185,1.6296296296296295,1.5,0.9814814814814815,3.5454545454545454,4.611111111111111,4.454545454545454,3.6296296296296298,4.4363636363636365,4.555555555555555,2.727272727272727,2.537037037037037,0.3128205128205128,0.3253012048192771,0.66,1.3166666666666667,-0.6566666666666666,-9,0.5012658227848101,0,6,6,6,19,23,8,5,5,17,23,-2,H
2023-01-21,Ath Madrid,Valladolid,4,1.8,0.5454545454545454,1.9259259259259258,1.6181818181818182,1.0727272727272728,23,1.0,-0.7058823529411765,0.5,0.7647058823529411,1.4705882352941178,4.509090909090909,4.0588235294117645,2.9272727272727272,4.411764705882353,5.290909090909091,4.529411764705882,3.0545454545454547,2.176470588235294,0.3588709677419355,0.18840579710144928,1.3872727272727274,0.4411764705882353,0.9460962566844922,19,3.144484848484849,0,5,4,4,27,11,3,2,8,18,26,2,H
2023-01-21,Sevilla,Cadiz,7,1.5454545454545454,0.2545454545454545,1.7777777777777777,1.2727272727272727,1.018181818181818,16,1.0,-0.5818181818181818,1.0740740740740742,0.8545454545454545,1.4363636363636363,3.7636363636363637,3.1272727272727274,3.8363636363636364,4.945454545454545,4.6,4.2727272727272725,3.1272727272727274,3.0,0.33816425120772947,0.27325581395348836,1.1036363636363637,0.49636363636363634,0.6072727272727274,9,2.223443223443224,0,5,6,7,21,27,6,4,4,20,23,-1,H
2023-01-22,Barcelona,Getafe,2,2.111111111111111,1.0925925925925926,2.1481481481481484,1.9074074074074074,0.8148148148148148,15,1.018181818181818,-0.2909090909090909,0.7037037037037037,0.8909090909090909,1.1818181818181819,5.277777777777778,3.0545454545454547,3.074074074074074,3.8363636363636364,6.0,3.4363636363636365,2.759259259259259,3.3636363636363638,0.36140350877192984,0.2916666666666667,1.7648148148148148,0.6,1.164814814814815,13,2.941358024691358,0,13,7,2,26,12,4,4,5,15,16,9,H
2023-01-22,Ath Bilbao,Real Madrid,8,1.4727272727272727,0.2727272727272727,1.8214285714285714,1.2363636363636363,0.9636363636363636,1,2.2962962962962963,1.2777777777777777,2.25,2.1481481481481484,0.8703703703703703,4.327272727272727,6.481481481481482,3.3454545454545452,3.5185185185185186,5.872727272727273,5.7592592592592595,2.2363636363636363,1.8888888888888888,0.2857142857142857,0.3314285714285714,1.0654545454545454,1.9611111111111112,-0.8956565656565658,-7,0.5432912696368787,0,5,5,5,18,21,7,8,7,24,23,-2,A
2023-01-22,Villarreal,Girona,7,1.5818181818181818,0.6,2.0,1.509090909090909,0.9090909090909091,21,1.2352941176470589,-0.058823529411764705,0.75,1.5294117647058822,1.588235294117647,4.5636363636363635,4.705882352941177,3.7636363636363637,4.235294117647059,5.254545454545455,3.6470588235294117,2.2181818181818183,2.411764705882353,0.33067729083665337,0.325,1.2727272727272727,0.9058823529411765,0.36684491978609624,14,1.4049586776859504,0,10,6,5,19,26,11,10,7,32,21,-1,H
2023-01-22,Elche,Osasuna,17,0.8545454545454545,-0.6545454545454545,1.0740740740740742,0.9272727272727272,1.5818181818181818,9,1.3454545454545455,-0.23636363636363636,1.2592592592592593,0.9818181818181818,1.2181818181818183,2.8727272727272726,3.381818181818182,5.254545454545455,3.8,4.163636363636364,4.5636363636363635,3.0545454545454547,2.5454545454545454,0.3227848101265823,0.2903225806451613,0.4163636363636364,0.7981818181818182,-0.38181818181818183,-8,0.5216400911161732,0,1,3,8,15,28,7,4,5,15,15,-6,D
2023-01-23,Valencia,Almeria,11,1.2407407407407407,0.0,1.3928571428571428,1.3148148148148149,1.3148148148148149,22,1.0588235294117647,-0.47058823529411764,0.25,1.0588235294117647,1.5294117647058822,3.9444444444444446,4.0,4.203703703703703,5.647058823529412,4.981481481481482,4.117647058823529,3.5555555555555554,3.235294117647059,0.3333333333333333,0.2647058823529412,0.8833333333333333,0.6000000000000001,0.2833333333333332,11,1.4722222222222219,0,4,5,5,18,17,5,3,6,17,34,-1,D
2023-01-27,Almeria,Espanol,22,1.0555555555555556,-0.4444444444444444,1.7777777777777777,1.1111111111111112,1.5555555555555556,14,1.1071428571428572,-0.30357142857142855,0.7142857142857143,1.1071428571428572,1.4107142857142858,3.9444444444444446,3.517857142857143,5.666666666666667,4.446428571428571,4.0,4.482142857142857,3.111111111111111,2.732142857142857,0.28169014084507044,0.3147208121827411,0.6166666666666667,0.6839285714285714,-0.06726190476190474,-8,0.9016536118363795,1,6,5,6,19,27,8,6,5,19,20,-2,H
2023-01-28,Cadiz,Mallorca,16,0.9821428571428571,-0.5892857142857143,0.9285714285714286,0.8392857142857143,1.4285714285714286,12,1.1428571428571428,-0.5,0.8214285714285714,0.9107142857142857,1.4107142857142858,3.0892857142857144,3.5714285714285716,5.017857142857143,3.9285714285714284,4.214285714285714,4.089285714285714,3.0357142857142856,3.357142857142857,0.27167630057803466,0.255,0.48214285714285715,0.6035714285714285,-0.12142857142857139,-4,0.7988165680473374,1,5,4,5,17,30,9,3,3,12,19,-4,H
2023-01-28,Girona,Barcelona,22,1.1666666666666667,-0.1111111111111111,1.6666666666666667,1.4444444444444444,1.5555555555555556,2,2.1272727272727274,1.0909090909090908,2.074074074074074,1.8909090909090909,0.8,4.5,5.254545454545455,4.5,3.0727272727272728,3.5555555555555554,5.963636363636364,2.611111111111111,2.727272727272727,0.32098765432098764,0.35986159169550175,0.838888888888889,1.769090909090909,-0.93020202020202,-20,0.47419207491149945,0,8,8,7,23,23,13,7,2,28,13,-5,A
2023-01-28,Sevilla,Elche,7,1.5714285714285714,0.26785714285714285,1.8214285714285714,1.2678571428571428,1.0,17,0.8571428571428571,-0.6428571428571429,0.6428571428571429,0.9285714285714286,1.5714285714285714,3.857142857142857,2.892857142857143,3.7857142857142856,5.232142857142857,4.660714285714286,4.214285714285714,3.0892857142857144,3.0357142857142856,0.3287037037037037,0.32098765432098764,1.1196428571428572,0.4214285714285714,0.6982142857142858,10,2.6567796610169494,0,7,6,6,24,24,2,3,7,17,21,5,H
2023-01-28,Getafe,Betis,16,1.0,-0.30357142857142855,1.3214285714285714,0.875,1.1785714285714286,5,1.690909090909091,0.4909090909090909,1.5714285714285714,1.4727272727272727,0.9818181818181818,3.0535714285714284,4.6,3.8392857142857144,3.6,3.4107142857142856,4.545454545454546,3.3392857142857144,2.5272727272727273,0.28654970760233917,0.3201581027667984,0.5839285714285715,1.2872727272727271,-0.7033441558441557,-11,0.45361682808716713,0,3,4,6,16,16,5,3,6,17,18,-2,A
2023-01-29,Valladolid,Valencia,23,0.9444444444444444,-0.8333333333333334,1.4444444444444444,0.7222222222222222,1.5555555555555556,10,1.2363636363636363,0.0,1.0769230769230769,1.3272727272727274,1.3272727272727274,3.888888888888889,3.981818181818182,4.611111111111111,4.181818181818182,4.333333333333333,5.0,2.111111111111111,3.5272727272727273,0.18571428571428572,0.3333333333333333,0.3666666666666667,0.8836363636363637,-0.516969696969697,-13,0.4149519890260631,0,0,0,10,8,32,5,7,6,22,18,-5,H
2023-01-29,Osasuna,Ath Madrid,9,1.3392857142857142,-0.23214285714285715,1.4285714285714286,0.9821428571428571,1.2142857142857142,3,1.8214285714285714,0.5892857142857143,1.6785714285714286,1.6428571428571428,1.0535714285714286,3.392857142857143,4.571428571428571,3.8035714285714284,2.892857142857143,4.517857142857143,5.267857142857143,2.517857142857143,3.017857142857143,0.2894736842105263,0.359375,0.7964285714285714,1.4160714285714284,-0.619642857142857,-6,0.562421185372005,0,5,3,5,15,14,7,6,3,28,10,-2,A
2023-01-29,Celta,Ath Bilbao,13,1.125,-0.21428571428571427,1.25,1.0714285714285714,1.2857142857142858,8,1.4464285714285714,0.23214285714285715,1.1111111111111112,1.2142857142857142,0.9821428571428571,3.875,4.303571428571429,3.75,3.357142857142857,4.517857142857143,5.982142857142857,2.3214285714285716,2.25,0.2764976958525346,0.2821576763485477,0.7125,1.0357142857142856,-0.32321428571428557,-5,0.6879310344827587,0,6,3,3,26,17,5,4,5,14,15,1,H
2023-01-29,Real Madrid,Sociedad,1,2.309090909090909,1.290909090909091,2.3461538461538463,2.1454545454545455,0.8545454545454545,4,1.7857142857142858,0.23214285714285715,1.7142857142857142,1.2142857142857142,0.9821428571428571,6.4363636363636365,4.571428571428571,3.5090909090909093,3.4107142857142856,5.6909090909090905,4.928571428571429,1.8909090909090909,2.3214285714285716,0.3333333333333333,0.265625,1.970909090909091,1.2053571428571428,0.7655519480519482,3,1.6351245791245792,0,9,9,6,22,24,15,11,2,29,11,-6,D
2023-01-30,Villarreal,Vallecano,7,1.6071428571428572,0.6071428571428571,2.037037037037037,1.5,0.8928571428571429,11,1.2142857142857142,-0.16071428571428573,0.8928571428571429,1.125,1.2857142857142858,4.642857142857143,3.8392857142857144,3.7142857142857144,4.196428571428571,5.214285714285714,5.089285714285714,2.267857142857143,2.6607142857142856,0.3230769230769231,0.2930232558139535,1.2857142857142858,0.7839285714285713,0.5017857142857145,4,1.640091116173121,0,13,7,3,26,22,5,4,6,18,22,8,A
2023-02-01,Betis,Barcelona,5,1.7142857142857142,0.5,1.8148148148148149,1.4642857142857142,0.9642857142857143,2,2.142857142857143,1.0892857142857142,2.107142857142857,1.875,0.7857142857142857,4.553571428571429,5.214285714285714,3.5535714285714284,3.0535714285714284,4.482142857142857,5.892857142857143,2.517857142857143,2.732142857142857,0.3215686274509804,0.3595890410958904,1.3,1.7732142857142856,-0.4732142857142856,-3,0.7331319234642498,0,7,3,5,15,13,13,6,2,18,14,-6,A
2023-02-02,Real Madrid,Valencia,1,2.2857142857142856,1.2678571428571428,2.2962962962962963,2.107142857142857,0.8392857142857143,11,1.2142857142857142,-0.017857142857142856,1.037037037037037,1.3035714285714286,1.3214285714285714,6.446428571428571,3.9464285714285716,3.5,4.214285714285714,5.767857142857143,5.035714285714286,1.875,3.482142857142857,0.3268698060941828,0.33031674208144796,1.9446428571428571,0.8625,1.082142857142857,10,2.2546583850931676,0,10,7,3,27,20,4,6,6,21,20,6,H
2023-02-03,Ath Bilbao,Cadiz,8,1.4210526315789473,0.21052631578947367,1.7586206896551724,1.1929824561403508,0.9824561403508771,15,1.0175438596491229,-0.543859649122807,1.0357142857142858,0.8596491228070176,1.4035087719298245,4.228070175438597,3.1052631578947367,3.3508771929824563,4.964912280701754,5.964912280701754,4.245614035087719,2.245614035087719,3.017543859649123,0.2821576763485477,0.2768361581920904,1.012280701754386,0.5175438596491229,0.49473684210526314,7,1.9559322033898303,0,2,1,6,8,18,8,5,3,16,27,-6,H
2023-02-04,Espanol,Osasuna,14,1.087719298245614,-0.3333333333333333,1.5,1.105263157894737,1.4385964912280702,9,1.3157894736842106,-0.24561403508771928,1.25,0.9649122807017544,1.2105263157894737,3.508771929824561,3.4035087719298245,4.491228070175438,3.824561403508772,4.43859649122807,4.526315789473684,2.736842105263158,2.491228070175439,0.315,0.28350515463917525,0.6649122807017545,0.7771929824561404,-0.11228070175438598,-5,0.8555304740406321,1,8,7,7,16,24,5,2,4,16,16,3,D
2023-02-04,Elche,Villarreal,17,0.8421052631578947,-0.6842105263157895,1.0714285714285714,0.9122807017543859,1.5964912280701755,7,1.5789473684210527,0.5789473684210527,1.206896551724138,1.4736842105263157,0.8947368421052632,2.8596491228070176,4.614035087719298,5.280701754385965,3.7017543859649122,4.175438596491228,5.2105263157894735,3.0526315789473686,2.263157894736842,0.31901840490797545,0.3193916349809886,0.39824561403508774,1.2578947368421052,-0.8596491228070174,-10,0.3165969316596932,0,2,2,8,16,26,10,6,4,26,19,-8,H
2023-02-04,Ath Madrid,Getafe,3,1.8421052631578947,0.5964912280701754,1.9642857142857142,1.631578947368421,1.0350877192982457,16,0.9824561403508771,-0.3157894736842105,0.6785714285714286,0.8596491228070176,1.1754385964912282,4.578947368421052,3.017543859649123,2.912280701754386,3.807017543859649,5.245614035087719,3.456140350877193,2.9649122807017543,3.3508771929824563,0.3563218390804598,0.28488372093023256,1.426315789473684,0.5684210526315789,0.857894736842105,13,2.509259259259259,0,10,7,2,28,11,3,4,6,14,15,7,D
2023-02-04,Betis,Celta,5,1.6842105263157894,0.47368421052631576,1.75,1.456140350877193,0.9824561403508771,12,1.1578947368421053,-0.19298245614035087,1.0,1.0701754385964912,1.263157894736842,4.491228070175438,3.8596491228070176,3.543859649122807,3.6842105263157894,4.421052631578948,4.473684210526316,2.543859649122807,2.3333333333333335,0.32421875,0.2772727272727273,1.275438596491228,0.7350877192982457,0.5403508771929824,7,1.7350835322195701,0,7,4,4,15,9,8,4,3,26,14,-1,A
2023-02-05,Mallorca,Real Madrid,13,1.1228070175438596,-0.5263157894736842,1.4642857142857142,0.8947368421052632,1.4210526315789473,1,2.2982456140350878,1.280701754385965,2.2758620689655173,2.1052631578947367,0.8245614035087719,3.543859649122807,6.456140350877193,3.9298245614035086,3.43859649122807,4.052631578947368,5.771929824561403,3.3333333333333335,1.894736842105263,0.2524752475247525,0.32608695652173914,0.5824561403508772,1.9543859649122806,-1.3719298245614033,-12,0.29802513464991026,0,6,2,5,11,18,10,7,2,29,15,-4,H
2023-02-05,Girona,Valencia,22,1.105263157894737,-0.15789473684210525,1.5,1.368421052631579,1.5263157894736843,12,1.1929824561403508,-0.05263157894736842,1.0,1.280701754385965,1.3333333333333333,4.368421052631579,3.8771929824561404,4.421052631578948,4.2631578947368425,3.5789473684210527,5.052631578947368,2.6315789473684212,3.456140350877193,0.3132530120481928,0.33031674208144796,0.7789473684210526,0.8368421052631578,-0.05789473684210522,-10,0.9308176100628931,1,5,6,7,22,24,1,3,8,14,26,4,H
2023-02-05,Sociedad,Valladolid,4,1.7719298245614035,0.22807017543859648,1.8571428571428572,1.1929824561403508,0.9649122807017544,23,1.0526315789473684,-0.7368421052631579,0.4444444444444444,0.7368421052631579,1.4736842105263157,4.543859649122807,4.0,3.473684210526316,4.473684210526316,4.894736842105263,4.315789473684211,2.3508771929824563,2.1578947368421053,0.2625482625482625,0.18421052631578946,1.1929824561403508,0.4526315789473684,0.7403508771929824,19,2.6356589147286824,0,13,9,1,23,15,3,1,7,14,28,10,A
2023-02-05,Barcelona,Sevilla,2,2.1578947368421053,1.087719298245614,2.1785714285714284,1.8771929824561404,0.7894736842105263,6,1.5964912280701755,0.3157894736842105,1.3214285714285714,1.2982456140350878,0.9824561403508771,5.175438596491228,3.9298245614035086,3.017543859649123,3.736842105263158,5.894736842105263,4.666666666666667,2.6842105263157894,3.0526315789473686,0.36271186440677966,0.33035714285714285,1.7807017543859651,1.1526315789473685,0.6280701754385967,4,1.5449010654490107,0,13,6,2,18,12,10,8,4,29,16,3,H
2023-02-06,Vallecano,Almeria,10,1.2456140350877194,-0.14035087719298245,1.5357142857142858,1.1228070175438596,1.263157894736842,23,1.1578947368421053,-0.3157894736842105,0.3333333333333333,1.2105263157894737,1.5263157894736843,3.824561403508772,4.105263157894737,4.175438596491228,5.526315789473684,5.0701754385964914,3.8947368421052633,2.6666666666666665,3.1052631578947367,0.29357798165137616,0.2948717948717949,0.8052631578947369,0.7263157894736842,0.07894736842105265,13,1.108695652173913,1,7,5,6,18,22,6,7,7,23,27,1,H
2023-02-10,Cadiz,Girona,15,1.0,-0.5862068965517241,1.0,0.8620689655172413,1.4482758620689655,21,1.2,-0.1,0.6666666666666666,1.35,1.45,3.103448275862069,4.55,5.0344827586206895,4.4,4.224137931034483,3.8,2.9827586206896552,2.55,0.2777777777777778,0.2967032967032967,0.496551724137931,0.84,-0.34344827586206894,6,0.5911330049261084,0,7,5,6,13,27,7,5,5,23,24,0,H
2023-02-11,Almeria,Betis,23,1.1,-0.4,1.9,1.15,1.55,5,1.6551724137931034,0.4482758620689655,1.6206896551724137,1.4827586206896552,1.0344827586206897,4.15,4.5344827586206895,5.8,3.603448275862069,4.05,4.431034482758621,3.1,2.5517241379310347,0.27710843373493976,0.3269961977186312,0.66,1.2586206896551726,-0.5986206896551726,-18,0.5243835616438356,0,5,6,8,19,32,6,7,8,17,16,-1,A
2023-02-11,Sevilla,Mallorca,6,1.5689655172413792,0.25862068965517243,1.8620689655172413,1.2758620689655173,1.0172413793103448,13,1.1551724137931034,-0.5,0.7931034482758621,0.896551724137931,1.396551724137931,3.8793103448275863,3.5,3.793103448275862,3.8793103448275863,4.637931034482759,4.0,3.0344827586206895,3.3620689655172415,0.3288888888888889,0.2561576354679803,1.1172413793103448,0.6068965517241379,0.5103448275862069,7,1.840909090909091,0,9,7,6,25,18,9,3,3,12,13,0,H
2023-02-11,Valencia,Ath Bilbao,12,1.1724137931034482,-0.06896551724137931,1.3793103448275863,1.2586206896551724,1.3275862068965518,8,1.4482758620689655,0.25862068965517243,1.0714285714285714,1.2413793103448276,0.9827586206896551,3.8793103448275863,4.310344827586207,4.327586206896552,3.3448275862068964,5.0344827586206895,5.862068965517241,3.4655172413793105,2.2586206896551726,0.3244444444444444,0.288,0.8172413793103448,1.05,-0.23275862068965525,-4,0.7783251231527093,1,1,2,7,14,26,4,5,7,17,16,-3,A
2023-02-12,Getafe,Vallecano,16,0.9827586206896551,-0.3103448275862069,1.2758620689655173,0.8620689655172413,1.1724137931034482,10,1.2758620689655173,-0.10344827586206896,0.9655172413793104,1.1379310344827587,1.2413793103448276,2.9827586206896552,3.9482758620689653,3.810344827586207,4.189655172413793,3.396551724137931,5.0344827586206895,3.3793103448275863,2.6724137931034484,0.28901734104046245,0.28820960698689957,0.5706896551724138,0.8344827586206898,-0.263793103448276,-6,0.683884297520661,0,1,3,7,9,19,9,5,4,25,20,-8,D
2023-02-12,Celta,Ath Madrid,11,1.1896551724137931,-0.1724137931034483,1.3103448275862069,1.1206896551724137,1.293103448275862,3,1.8275862068965518,0.5862068965517241,1.7241379310344827,1.6206896551724137,1.0344827586206897,3.913793103448276,4.568965517241379,3.7413793103448274,2.8793103448275863,4.482758620689655,5.293103448275862,2.3448275862068964,2.9655172413793105,0.28634361233480177,0.35471698113207545,0.7672413793103449,1.4137931034482758,-0.6465517241379309,-8,0.5426829268292683,0,10,7,5,28,16,8,6,3,28,11,2,A
2023-02-12,Valladolid,Osasuna,22,1.15,-0.65,1.6,0.75,1.4,9,1.3103448275862069,-0.2413793103448276,1.2413793103448276,0.9655172413793104,1.206896551724138,3.9,3.396551724137931,4.45,3.8275862068965516,4.3,4.5,2.3,2.5517241379310347,0.19230769230769232,0.28426395939086296,0.53,0.7758620689655172,-0.2458620689655172,-13,0.6831111111111111,1,6,2,5,12,24,6,3,3,16,18,0,D
2023-02-12,Villarreal,Barcelona,7,1.5517241379310345,0.5344827586206896,1.9642857142857142,1.4655172413793103,0.9310344827586207,2,2.1724137931034484,1.1206896551724137,2.1379310344827585,1.896551724137931,0.7758620689655172,4.568965517241379,5.206896551724138,3.7586206896551726,2.9827586206896552,5.293103448275862,5.931034482758621,2.2586206896551726,2.6379310344827585,0.32075471698113206,0.36423841059602646,1.2293103448275862,1.8017241379310347,-0.5724137931034485,-5,0.6822966507177033,0,7,5,6,20,22,15,8,1,19,12,-8,A
2023-02-13,Espanol,Sociedad,14,1.0862068965517242,-0.3275862068965517,1.4827586206896552,1.103448275862069,1.4310344827586208,4,1.7413793103448276,0.20689655172413793,1.6896551724137931,1.1724137931034482,0.9655172413793104,3.5172413793103448,4.5344827586206895,4.4655172413793105,3.4482758620689653,4.431034482758621,4.810344827586207,2.7586206896551726,2.3793103448275863,0.3137254901960784,0.2585551330798479,0.6655172413793105,1.1672413793103449,-0.5017241379310344,-10,0.5701624815361891,0,8,7,7,19,21,10,7,2,25,14,-2,A
2023-02-15,Real Madrid,Elche,1,2.2586206896551726,1.2413793103448276,2.3214285714285716,2.0689655172413794,0.8275862068965517,17,0.8793103448275862,-0.6379310344827587,0.6206896551724138,0.9482758620689655,1.5862068965517242,6.362068965517241,2.9310344827586206,3.396551724137931,5.224137931034483,5.879310344827586,4.206896551724138,1.9482758620689655,3.0689655172413794,0.3252032520325203,0.3235294117647059,1.9155172413793107,0.4379310344827586,1.477586206896552,16,4.374015748031497,0,7,5,3,22,12,5,5,7,22,24,2,H
2023-02-17,Girona,Almeria,21,1.1428571428571428,-0.19047619047619047,1.6363636363636365,1.2857142857142858,1.4761904761904763,23,1.0476190476190477,-0.42857142857142855,0.3,1.1904761904761905,1.619047619047619,4.380952380952381,4.380952380952381,4.333333333333333,5.857142857142857,3.9047619047619047,4.238095238095238,2.619047619047619,3.0476190476190474,0.29347826086956524,0.2717391304347826,0.7714285714285714,0.6333333333333334,0.13809523809523794,2,1.2180451127819547,1,6,3,5,19,21,5,8,9,27,33,1,H
2023-02-18,Sociedad,Celta,4,1.7627118644067796,0.22033898305084745,1.793103448275862,1.2033898305084745,0.9830508474576272,11,1.1694915254237288,-0.1864406779661017,1.0689655172413792,1.1016949152542372,1.2881355932203389,4.5423728813559325,3.8983050847457625,3.4915254237288136,3.711864406779661,4.779661016949152,4.52542372881356,2.3559322033898304,2.3389830508474576,0.26492537313432835,0.2826086956521739,1.188135593220339,0.7491525423728813,0.4389830508474577,7,1.5859728506787332,0,10,8,4,24,19,7,6,6,24,13,3,D
2023-02-18,Betis,Valladolid,5,1.6779661016949152,0.4576271186440678,1.6896551724137931,1.5084745762711864,1.0508474576271187,22,1.1428571428571428,-0.6190476190476191,0.7,0.7142857142857143,1.3333333333333333,4.576271186440678,3.9523809523809526,3.694915254237288,4.428571428571429,4.389830508474576,4.571428571428571,2.559322033898305,2.238095238095238,0.3296296296296296,0.18072289156626506,1.2779661016949153,0.5285714285714286,0.7493946731234867,17,2.4177737059092994,0,6,8,9,21,22,7,2,4,16,24,-1,H
2023-02-18,Mallorca,Villarreal,13,1.1355932203389831,-0.5254237288135594,1.5172413793103448,0.8813559322033898,1.4067796610169492,7,1.5254237288135593,0.5084745762711864,1.1666666666666667,1.4406779661016949,0.9322033898305084,3.440677966101695,4.52542372881356,3.9152542372881354,3.76271186440678,3.9661016949152543,5.305084745762712,3.3389830508474576,2.288135593220339,0.2561576354679803,0.31835205992509363,0.5864406779661018,1.2033898305084745,-0.6169491525423727,-6,0.48732394366197196,0,6,2,5,8,18,4,3,6,17,23,2,H
2023-02-18,Osasuna,Real Madrid,9,1.305084745762712,-0.23728813559322035,1.3793103448275863,0.9491525423728814,1.1864406779661016,1,2.2711864406779663,1.2881355932203389,2.2,2.1016949152542375,0.8135593220338984,3.406779661016949,6.47457627118644,3.847457627118644,3.3389830508474576,4.491525423728813,5.88135593220339,2.559322033898305,1.9322033898305084,0.27860696517412936,0.32460732984293195,0.7711864406779662,1.9423728813559322,-1.1711864406779662,-8,0.39703315881326356,0,6,3,3,19,20,10,8,1,32,7,-4,A
2023-02-19,Elche,Espanol,17,0.864406779661017,-0.6949152542372882,1.1379310344827587,0.9322033898305084,1.6271186440677967,14,1.0677966101694916,-0.3389830508474576,0.6896551724137931,1.11864406779661,1.4576271186440677,2.8813559322033897,3.559322033898305,5.3559322033898304,4.47457627118644,4.203389830508475,4.423728813559322,3.0677966101694913,2.7966101694915255,0.3235294117647059,0.3142857142857143,0.4101694915254237,0.6559322033898305,-0.2457627118644068,-3,0.6253229974160206,1,5,5,10,17,30,7,7,8,19,21,-2,A
2023-02-19,Vallecano,Sevilla,10,1.271186440677966,-0.1016949152542373,1.5862068965517242,1.1355932203389831,1.2372881355932204,6,1.5932203389830508,0.288135593220339,1.2758620689655173,1.2881355932203389,1.0,3.9491525423728815,3.9152542372881354,4.186440677966102,3.7288135593220337,5.0508474576271185,4.694915254237288,2.694915254237288,3.0677966101694913,0.2875536480686695,0.329004329004329,0.8322033898305086,1.1406779661016948,-0.30847457627118624,-4,0.7295690936106985,0,10,5,3,26,21,9,7,5,26,16,1,D
2023-02-19,Ath Madrid,Ath Bilbao,3,1.847457627118644,0.5932203389830508,1.9310344827586208,1.6101694915254237,1.0169491525423728,8,1.4745762711864407,0.2711864406779661,1.1379310344827587,1.2542372881355932,0.9830508474576272,4.52542372881356,4.288135593220339,2.8813559322033897,3.4237288135593222,5.288135593220339,5.779661016949152,2.9661016949152543,2.2542372881355934,0.35580524344569286,0.2924901185770751,1.423728813559322,1.069491525423729,0.3542372881355931,5,1.3312202852614896,0,11,7,2,25,12,6,7,8,17,23,5,H
2023-02-19,Barcelona,Cadiz,2,2.1864406779661016,1.11864406779661,2.206896551724138,1.88135593220339,0.7627118644067796,15,1.0338983050847457,-0.5423728813559322,1.0,0.8813559322033898,1.423728813559322,5.186440677966102,3.1016949152542375,2.9661016949152543,4.966101694915254,5.864406779661017,4.237288135593221,2.6610169491525424,3.0,0.3627450980392157,0.28415300546448086,1.805084745762712,0.5305084745762711,1.2745762711864408,13,3.4025559105431316,0,15,8,1,21,9,7,6,6,14,26,8,H
2023-02-20,Getafe,Valencia,16,0.9830508474576272,-0.3050847457627119,1.2666666666666666,0.864406779661017,1.1694915254237288,13,1.152542372881356,-0.0847457627118644,0.9655172413793104,1.2542372881355932,1.3389830508474576,3.0,3.9491525423728815,3.8135593220338984,4.305084745762712,3.4237288135593222,5.067796610169491,3.406779661016949,3.440677966101695,0.288135593220339,0.31759656652360513,0.5728813559322035,0.8016949152542372,-0.22881355932203373,-3,0.714587737843552,1,2,3,6,11,18,1,3,8,20,27,1,H
2023-02-24,Elche,Betis,17,0.85,-0.7,1.1,0.9166666666666666,1.6166666666666667,5,1.7,0.4666666666666667,1.6666666666666667,1.5166666666666666,1.05,2.9166666666666665,4.666666666666667,5.333333333333333,3.683333333333333,4.3,4.383333333333334,3.066666666666667,2.566666666666667,0.3142857142857143,0.325,0.3983333333333333,1.2933333333333334,-0.8950000000000001,-12,0.30798969072164945,0,4,4,10,17,31,9,10,9,27,23,-5,A
2023-02-25,Espanol,Mallorca,14,1.1,-0.31666666666666665,1.4333333333333333,1.1166666666666667,1.4333333333333333,12,1.1666666666666667,-0.48333333333333334,0.7666666666666667,0.9333333333333333,1.4166666666666667,3.566666666666667,3.466666666666667,4.483333333333333,3.9166666666666665,4.433333333333334,3.966666666666667,2.8,3.3666666666666667,0.3130841121495327,0.2692307692307692,0.6783333333333335,0.625,0.053333333333333455,-2,1.0853333333333335,1,7,6,7,19,24,9,6,6,11,18,-2,H
2023-02-25,Cadiz,Vallecano,16,1.0166666666666666,-0.5666666666666667,1.0666666666666667,0.8666666666666667,1.4333333333333333,10,1.2666666666666666,-0.1,0.9666666666666667,1.1333333333333333,1.2333333333333334,3.1166666666666667,3.966666666666667,4.966666666666667,4.15,4.266666666666667,5.083333333333333,3.0,2.716666666666667,0.27807486631016043,0.2857142857142857,0.5116666666666667,0.83,-0.31833333333333325,-6,0.6164658634538154,0,6,5,7,15,26,8,5,4,25,21,-2,H
2023-02-25,Real Madrid,Ath Madrid,1,2.283333333333333,1.3,2.3448275862068964,2.1,0.8,3,1.8666666666666667,0.6,1.7666666666666666,1.6,1.0,6.466666666666667,4.533333333333333,3.35,2.8666666666666667,5.866666666666666,5.3,1.9333333333333333,2.95,0.3247422680412371,0.35294117647058826,1.9516666666666667,1.4333333333333333,0.5183333333333333,2,1.361627906976744,0,10,8,1,34,8,13,7,1,24,11,-3,D
2023-02-25,Valencia,Sociedad,14,1.1333333333333333,-0.1,1.3333333333333333,1.2333333333333334,1.3333333333333333,5,1.75,0.21666666666666667,1.7333333333333334,1.2,0.9833333333333333,3.933333333333333,4.516666666666667,4.333333333333333,3.5,5.066666666666666,4.75,3.4,2.3666666666666667,0.3135593220338983,0.2656826568265683,0.7833333333333333,1.18,-0.3966666666666666,-9,0.6638418079096046,0,0,1,7,17,30,8,6,4,22,21,-8,H
2023-02-26,Ath Bilbao,Girona,8,1.45,0.25,1.8,1.2333333333333334,0.9833333333333333,21,1.2272727272727273,0.0,0.6,1.5,1.5,4.25,4.545454545454546,3.45,4.318181818181818,5.766666666666667,3.772727272727273,2.2666666666666666,2.5454545454545454,0.2901960784313726,0.33,1.0466666666666666,0.9136363636363637,0.13303030303030294,13,1.1456053067993366,1,6,6,6,17,23,6,7,6,20,23,0,A
2023-02-26,Celta,Valladolid,12,1.1666666666666667,-0.18333333333333332,1.2666666666666666,1.1,1.2833333333333334,22,1.0909090909090908,-0.6363636363636364,0.6363636363636364,0.7272727272727273,1.3636363636363635,3.9,3.909090909090909,3.7,4.681818181818182,4.566666666666666,4.636363636363637,2.4,2.3636363636363638,0.28205128205128205,0.18604651162790697,0.7483333333333333,0.5,0.2483333333333333,10,1.4966666666666666,1,7,6,6,20,15,7,3,5,17,28,0,H
2023-02-26,Almeria,Barcelona,23,1.0,-0.5909090909090909,1.7272727272727273,1.2272727272727273,1.8181818181818181,2,2.2,1.1333333333333333,2.1666666666666665,1.8833333333333333,0.75,4.363636363636363,5.183333333333334,5.954545454545454,2.9833333333333334,4.363636363636363,5.85,2.9545454545454546,2.65,0.28125,0.3633440514469453,0.5681818181818182,1.8166666666666667,-1.2484848484848485,-21,0.31276063386155134,0,4,9,14,28,35,15,9,1,22,10,-11,H
2023-02-26,Sevilla,Osasuna,6,1.5833333333333333,0.2833333333333333,1.9,1.2833333333333334,1.0,9,1.2833333333333334,-0.26666666666666666,1.2333333333333334,0.9333333333333333,1.2,3.8833333333333333,3.4166666666666665,3.75,3.8833333333333333,4.666666666666667,4.5,3.033333333333333,2.566666666666667,0.33047210300429186,0.2731707317073171,1.1333333333333333,0.7483333333333334,0.3849999999999999,3,1.5144766146993316,0,10,7,4,26,14,3,2,5,19,24,7,A
2023-02-27,Villarreal,Getafe,7,1.5,0.4666666666666667,1.896551724137931,1.45,0.9833333333333333,16,1.0166666666666666,-0.2833333333333333,0.6896551724137931,0.8666666666666667,1.15,4.516666666666667,3.05,3.783333333333333,3.8,5.283333333333333,3.433333333333333,2.2666666666666666,3.45,0.3210332103321033,0.28415300546448086,1.18,0.5966666666666667,0.5833333333333333,9,1.977653631284916,0,3,4,9,20,20,5,3,4,15,17,-2,H
2023-03-03,Sociedad,Cadiz,5,1.721311475409836,0.19672131147540983,1.7666666666666666,1.180327868852459,0.9836065573770492,15,1.0491803278688525,-0.5409836065573771,0.9666666666666667,0.8688524590163934,1.4098360655737705,4.491803278688525,3.1147540983606556,3.4918032786885247,4.918032786885246,4.80327868852459,4.262295081967213,2.377049180327869,3.0,0.26277372262773724,0.2789473684210526,1.1557377049180328,0.5360655737704918,0.619672131147541,10,2.1559633027522938,0,5,4,5,18,22,9,6,6,17,19,-4,D
2023-03-04,Getafe,Girona,16,1.0,-0.29508196721311475,1.3225806451612903,0.8688524590163934,1.1639344262295082,21,1.3043478260869565,0.043478260869565216,0.8181818181818182,1.565217391304348,1.5217391304347827,3.0491803278688523,4.521739130434782,3.819672131147541,4.260869565217392,3.4754098360655736,3.739130434782609,3.4098360655737703,2.652173913043478,0.2849462365591398,0.34615384615384615,0.5852459016393443,0.9782608695652175,-0.3930149679258732,5,0.5982513661202186,0,5,4,5,15,18,9,10,7,23,17,-4,H
2023-03-04,Almeria,Villarreal,22,1.0869565217391304,-0.5217391304347826,1.8333333333333333,1.2173913043478262,1.7391304347826086,7,1.5245901639344261,0.47540983606557374,1.1290322580645162,1.459016393442623,0.9836065573770492,4.3478260869565215,4.524590163934426,5.739130434782608,3.7704918032786887,4.3478260869565215,5.295081967213115,2.9565217391304346,2.2295081967213113,0.28,0.322463768115942,0.6304347826086957,1.1967213114754098,-0.5662865288667142,-15,0.526801667659321,0,6,8,12,29,30,3,5,10,16,22,3,A
2023-03-04,Mallorca,Elche,13,1.1475409836065573,-0.4918032786885246,1.5666666666666667,0.9344262295081968,1.4262295081967213,17,0.8360655737704918,-0.7049180327868853,0.6,0.9344262295081968,1.639344262295082,3.4754098360655736,2.901639344262295,3.901639344262295,5.39344262295082,3.9672131147540983,4.278688524590164,3.3442622950819674,3.1147540983606556,0.2688679245283019,0.3220338983050847,0.6131147540983606,0.39344262295081966,0.21967213114754092,4,1.5583333333333331,1,6,6,8,12,18,3,5,12,15,36,3,A
2023-03-04,Ath Madrid,Sevilla,3,1.8524590163934427,0.5901639344262295,1.9666666666666666,1.5901639344262295,1.0,7,1.5573770491803278,0.26229508196721313,1.2666666666666666,1.2950819672131149,1.0327868852459017,4.491803278688525,3.9508196721311477,2.9344262295081966,3.7540983606557377,5.278688524590164,4.754098360655738,2.9672131147540983,3.0655737704918034,0.354014598540146,0.3278008298755187,1.4213114754098362,1.116393442622951,0.30491803278688523,4,1.2731277533039647,0,11,5,2,18,17,7,8,7,25,17,4,H
2023-03-05,Valladolid,Espanol,23,1.0434782608695652,-0.7391304347826086,1.5454545454545454,0.6956521739130435,1.434782608695652,14,1.1311475409836065,-0.29508196721311475,0.7666666666666667,1.1311475409836065,1.4262295081967213,3.869565217391304,3.557377049180328,4.6521739130434785,4.475409836065574,4.608695652173913,4.360655737704918,2.4347826086956523,2.7868852459016393,0.1797752808988764,0.31797235023041476,0.4391304347826087,0.7032786885245901,-0.26414825374198136,-9,0.6244045809263201,0,7,3,5,19,24,7,7,8,20,24,0,H
2023-03-05,Barcelona,Valencia,2,2.1639344262295084,1.098360655737705,2.2333333333333334,1.8524590163934427,0.7540983606557377,12,1.1639344262295082,-0.08196721311475409,0.9333333333333333,1.2295081967213115,1.3114754098360655,5.114754098360656,3.918032786885246,3.0,4.311475409836065,5.868852459016393,5.098360655737705,2.6557377049180326,3.442622950819672,0.36217948717948717,0.3138075313807531,1.7819672131147544,0.8032786885245902,0.9786885245901642,10,2.2183673469387757,0,12,8,2,20,12,3,2,6,18,27,9,H
2023-03-05,Vallecano,Ath Bilbao,10,1.2459016393442623,-0.11475409836065574,1.5666666666666667,1.1147540983606556,1.2295081967213115,8,1.4262295081967213,0.22950819672131148,1.1,1.2459016393442623,1.0163934426229508,3.9344262295081966,4.229508196721311,4.131147540983607,3.459016393442623,5.098360655737705,5.852459016393443,2.7540983606557377,2.3114754098360657,0.2833333333333333,0.29457364341085274,0.8114754098360656,1.0311475409836066,-0.21967213114754103,-2,0.7869634340222575,1,8,5,3,25,17,6,8,7,17,23,2,D
2023-03-05,Betis,Real Madrid,5,1.721311475409836,0.47540983606557374,1.7333333333333334,1.540983606557377,1.0655737704918034,1,2.262295081967213,1.278688524590164,2.225806451612903,2.081967213114754,0.8032786885245902,4.737704918032787,6.475409836065574,3.6557377049180326,3.3278688524590163,4.360655737704918,5.885245901639344,2.540983606557377,1.9508196721311475,0.32525951557093424,0.32151898734177214,1.3114754098360655,1.9311475409836063,-0.6196721311475408,-4,0.6791171477079797,0,9,12,11,34,24,10,9,2,34,7,-1,D
2023-03-06,Osasuna,Celta,9,1.3114754098360655,-0.2459016393442623,1.3333333333333333,0.9672131147540983,1.2131147540983607,11,1.1967213114754098,-0.13114754098360656,1.0666666666666667,1.1311475409836065,1.2622950819672132,3.4262295081967213,3.901639344262295,3.9508196721311477,3.6885245901639343,4.459016393442623,4.573770491803279,2.557377049180328,2.377049180327869,0.2822966507177033,0.28991596638655465,0.7754098360655738,0.7852459016393443,-0.00983606557377048,2,0.9874739039665971,1,5,4,6,19,28,10,9,5,21,15,-5,D
2023-03-10,Cadiz,Getafe,15,1.0483870967741935,-0.532258064516129,1.1290322580645162,0.8548387096774194,1.3870967741935485,16,1.032258064516129,-0.27419354838709675,0.6666666666666666,0.9032258064516129,1.1774193548387097,3.096774193548387,3.096774193548387,4.887096774193548,3.870967741935484,4.193548387096774,3.467741935483871,2.967741935483871,3.435483870967742,0.2760416666666667,0.2916666666666667,0.535483870967742,0.614516129032258,-0.07903225806451608,1,0.8713910761154856,1,7,4,6,15,20,8,7,6,20,23,-1,D
2023-03-11,Real Madrid,Espanol,1,2.2419354838709675,1.2580645161290323,2.3,2.0483870967741935,0.7903225806451613,14,1.1129032258064515,-0.3064516129032258,0.7419354838709677,1.1290322580645162,1.435483870967742,6.451612903225806,3.532258064516129,3.338709677419355,4.483870967741935,5.838709677419355,4.387096774193548,1.9838709677419355,2.774193548387097,0.3175,0.319634703196347,1.9080645161290322,0.6903225806451613,1.217741935483871,13,2.764018691588785,0,8,7,2,32,11,7,7,7,19,22,1,H
2023-03-11,Elche,Valladolid,17,0.8709677419354839,-0.6774193548387096,1.064516129032258,0.9354838709677419,1.6129032258064515,22,1.125,-0.6666666666666666,0.5833333333333334,0.75,1.4166666666666667,2.9516129032258065,3.9166666666666665,5.354838709677419,4.541666666666667,4.32258064516129,4.791666666666667,3.1129032258064515,2.4583333333333335,0.31693989071038253,0.19148936170212766,0.41935483870967744,0.5125000000000001,-0.09314516129032263,5,0.8182533438237607,1,6,6,9,20,31,7,4,6,18,24,-1,D
2023-03-11,Celta,Vallecano,11,1.1935483870967742,-0.12903225806451613,1.3225806451612903,1.1129032258064515,1.2419354838709677,10,1.2419354838709677,-0.11290322580645161,0.9354838709677419,1.096774193548387,1.2096774193548387,3.838709677419355,3.903225806451613,3.7096774193548385,4.112903225806452,4.564516129032258,5.129032258064516,2.370967741935484,2.725806451612903,0.28991596638655465,0.2809917355371901,0.7806451612903226,0.8064516129032259,-0.02580645161290329,-1,0.968,1,8,8,5,18,20,6,4,3,24,17,2,H
2023-03-11,Valencia,Osasuna,12,1.1451612903225807,-0.0967741935483871,1.3870967741935485,1.2096774193548387,1.3064516129032258,9,1.3064516129032258,-0.24193548387096775,1.2903225806451613,0.9516129032258065,1.1935483870967742,3.870967741935484,3.4516129032258065,4.306451612903226,3.8870967741935485,5.048387096774194,4.483870967741935,3.3870967741935485,2.5161290322580645,0.3125,0.2757009345794392,0.785483870967742,0.7709677419354838,0.014516129032258185,-3,1.0188284518828454,1,3,2,5,19,24,6,4,5,20,23,-3,H
2023-03-12,Mallorca,Sociedad,13,1.1290322580645162,-0.5,1.5161290322580645,0.9193548387096774,1.4193548387096775,5,1.7096774193548387,0.1935483870967742,1.6774193548387097,1.1612903225806452,0.967741935483871,3.467741935483871,4.467741935483871,3.935483870967742,3.467741935483871,4.0,4.790322580645161,3.338709677419355,2.338709677419355,0.2651162790697674,0.259927797833935,0.5983870967741935,1.1451612903225807,-0.5467741935483872,-8,0.5225352112676056,0,6,6,7,13,20,5,4,5,18,17,1,D
2023-03-12,Sevilla,Almeria,7,1.532258064516129,0.1774193548387097,1.8387096774193548,1.2903225806451613,1.1129032258064515,23,1.0416666666666667,-0.5833333333333334,0.2727272727272727,1.1666666666666667,1.75,3.903225806451613,4.166666666666667,3.8225806451612905,5.75,4.725806451612903,4.25,3.096774193548387,2.9166666666666665,0.3305785123966942,0.28,1.0774193548387097,0.5791666666666667,0.49825268817204293,16,1.8602924112323043,0,4,6,13,18,24,3,5,13,22,33,1,H
2023-03-12,Villarreal,Betis,7,1.5483870967741935,0.5,1.9333333333333333,1.467741935483871,0.967741935483871,5,1.7096774193548387,0.46774193548387094,1.7096774193548387,1.5161290322580645,1.0483870967741935,4.548387096774194,4.725806451612903,3.7096774193548385,3.6774193548387095,5.370967741935484,4.370967741935484,2.2580645161290325,2.5483870967741935,0.32269503546099293,0.32081911262798635,1.217741935483871,1.2983870967741935,-0.08064516129032251,-2,0.9378881987577641,1,6,7,9,19,19,10,11,9,37,26,-4,D
2023-03-12,Ath Bilbao,Barcelona,8,1.4193548387096775,0.22580645161290322,1.7419354838709677,1.2258064516129032,1.0,2,2.1774193548387095,1.096774193548387,2.096774193548387,1.8387096774193548,0.7419354838709677,4.209677419354839,5.096774193548387,3.435483870967742,2.967741935483871,5.903225806451613,5.854838709677419,2.2903225806451615,2.629032258064516,0.29118773946360155,0.36075949367088606,1.0225806451612904,1.7854838709677416,-0.7629032258064512,-6,0.5727190605239387,0,7,8,6,20,22,12,7,1,21,12,-5,A
2023-03-13,Girona,Ath Madrid,21,1.25,0.0,1.75,1.5833333333333333,1.5833333333333333,3,1.8709677419354838,0.6612903225806451,1.7419354838709677,1.6612903225806452,1.0,4.625,4.548387096774194,4.333333333333333,2.903225806451613,3.7083333333333335,5.306451612903226,2.7083333333333335,2.935483870967742,0.34234234234234234,0.36524822695035464,0.9416666666666667,1.4661290322580645,-0.5244623655913978,-18,0.6422808947561423,0,9,12,9,28,20,11,10,3,21,14,-2,A
2023-03-17,Valladolid,Ath Bilbao,22,1.12,-0.64,1.6666666666666667,0.76,1.4,8,1.3968253968253967,0.20634920634920634,1.096774193548387,1.2063492063492063,1.0,3.8,4.222222222222222,4.76,3.4126984126984126,4.72,5.888888888888889,2.68,2.2857142857142856,0.2,0.2857142857142857,0.52,1.0015873015873016,-0.48158730158730156,-14,0.519175911251981,0,5,4,7,17,30,4,4,6,16,21,1,A
2023-03-18,Almeria,Cadiz,23,1.0,-0.6,1.6923076923076923,1.16,1.76,15,1.0476190476190477,-0.5238095238095238,0.967741935483871,0.873015873015873,1.3968253968253967,4.2,3.111111111111111,5.72,4.968253968253968,4.24,4.158730158730159,2.96,3.0,0.2761904761904762,0.28061224489795916,0.552,0.5412698412698413,0.010730158730158701,-8,1.019824046920821,1,3,6,13,22,27,8,5,4,16,21,-5,D
2023-03-18,Vallecano,Girona,11,1.2222222222222223,-0.15873015873015872,1.5483870967741935,1.0793650793650793,1.2380952380952381,21,1.2,-0.04,0.75,1.52,1.56,3.888888888888889,4.6,4.142857142857143,4.32,5.158730158730159,3.6,2.7301587301587302,2.68,0.27755102040816326,0.33043478260869563,0.7793650793650794,0.892,-0.11263492063492064,10,0.8737276674496406,1,3,2,6,16,18,6,11,10,24,20,-3,D
2023-03-18,Espanol,Celta,14,1.0952380952380953,-0.3333333333333333,1.4838709677419355,1.126984126984127,1.4603174603174602,11,1.2222222222222223,-0.07936507936507936,1.064516129032258,1.1428571428571428,1.2222222222222223,3.5238095238095237,3.873015873015873,4.523809523809524,3.6984126984126986,4.380952380952381,4.5396825396825395,2.761904761904762,2.365079365079365,0.31981981981981983,0.29508196721311475,0.6730158730158731,0.8158730158730159,-0.1428571428571428,-3,0.8249027237354086,1,6,7,9,18,26,8,7,2,17,16,-2,A
2023-03-18,Ath Madrid,Valencia,3,1.8888888888888888,0.6666666666666666,2.0,1.6507936507936507,0.9841269841269841,12,1.1746031746031746,-0.07936507936507936,0.9032258064516129,1.2063492063492063,1.2857142857142858,4.5396825396825395,3.873015873015873,2.9206349206349205,4.238095238095238,5.26984126984127,5.158730158730159,2.9365079365079363,3.365079365079365,0.36363636363636365,0.3114754098360656,1.4746031746031745,0.8047619047619048,0.6698412698412697,9,1.8323471400394475,0,13,10,2,21,17,6,3,4,19,16,7,H
2023-03-19,Betis,Mallorca,4,1.6984126984126984,0.4603174603174603,1.7096774193548387,1.507936507936508,1.0476190476190477,13,1.126984126984127,-0.49206349206349204,0.7419354838709677,0.9206349206349206,1.4126984126984128,4.698412698412699,3.4444444444444446,3.6825396825396823,3.9047619047619047,4.365079365079365,3.984126984126984,2.5396825396825395,3.3174603174603177,0.32094594594594594,0.2672811059907834,1.2888888888888888,0.6000000000000001,0.6888888888888887,9,2.1481481481481475,0,11,9,6,33,23,4,6,8,14,21,7,H
2023-03-19,Osasuna,Villarreal,9,1.2857142857142858,-0.25396825396825395,1.3225806451612903,0.9365079365079365,1.1904761904761905,7,1.5396825396825398,0.49206349206349204,1.1875,1.4603174603174602,0.9682539682539683,3.3968253968253967,4.5396825396825395,3.888888888888889,3.6984126984126986,4.4603174603174605,5.317460317460317,2.5555555555555554,2.2698412698412698,0.2757009345794392,0.32167832167832167,0.7539682539682541,1.2095238095238097,-0.4555555555555556,-2,0.6233595800524935,0,5,3,5,17,23,7,7,7,21,15,-2,A
2023-03-19,Sociedad,Elche,5,1.6984126984126984,0.19047619047619047,1.7419354838709677,1.1587301587301588,0.9682539682539683,17,0.873015873015873,-0.6666666666666666,0.6774193548387096,0.9365079365079365,1.6031746031746033,4.428571428571429,3.0634920634920637,3.4444444444444446,5.285714285714286,4.746031746031746,4.412698412698413,2.3492063492063493,3.126984126984127,0.2616487455197133,0.30569948186528495,1.138095238095238,0.42380952380952386,0.7142857142857142,12,2.685393258426966,0,6,5,5,16,17,4,4,9,23,30,2,H
2023-03-19,Getafe,Sevilla,16,1.0317460317460319,-0.2698412698412698,1.375,0.9206349206349206,1.1904761904761905,7,1.5555555555555556,0.19047619047619047,1.2258064516129032,1.3015873015873016,1.1111111111111112,3.2063492063492065,3.9206349206349205,3.873015873015873,3.8412698412698414,3.507936507936508,4.746031746031746,3.4761904761904763,3.111111111111111,0.2871287128712871,0.3319838056680162,0.6190476190476191,1.0952380952380953,-0.4761904761904763,-9,0.5652173913043478,0,8,8,7,29,23,7,8,11,22,22,1,H
2023-03-19,Barcelona,Real Madrid,2,2.1904761904761907,1.0952380952380953,2.2580645161290325,1.8253968253968254,0.7301587301587301,1,2.253968253968254,1.2698412698412698,2.1875,2.0634920634920637,0.7936507936507936,5.0476190476190474,6.4603174603174605,3.0,3.3333333333333335,5.809523809523809,5.857142857142857,2.6031746031746033,2.0,0.36163522012578614,0.3194103194103194,1.788888888888889,1.9206349206349207,-0.13174603174603172,-1,0.9314049586776859,1,12,5,1,16,16,11,10,2,38,13,1,H
2023-03-31,Mallorca,Osasuna,13,1.109375,-0.5,1.5,0.90625,1.40625,9,1.265625,-0.296875,1.25,0.921875,1.21875,3.40625,3.375,3.890625,3.921875,3.984375,4.5,3.296875,2.5625,0.26605504587155965,0.27314814814814814,0.5859375,0.7281249999999999,-0.1421874999999999,-4,0.8047210300429185,1,4,6,7,15,18,4,3,8,15,24,0,D
2023-04-01,Girona,Espanol,20,1.1923076923076923,-0.038461538461538464,1.6153846153846154,1.5384615384615385,1.5769230769230769,14,1.078125,-0.359375,0.71875,1.125,1.484375,4.576923076923077,3.515625,4.269230769230769,4.515625,3.6538461538461537,4.375,2.6538461538461537,2.75,0.33613445378151263,0.32,0.8923076923076924,0.65625,0.23605769230769236,-6,1.3597069597069598,1,7,13,10,27,20,6,6,9,15,25,1,H
2023-04-01,Ath Bilbao,Getafe,8,1.421875,0.234375,1.6875,1.234375,1.0,15,1.0625,-0.234375,0.6774193548387096,0.9375,1.171875,4.25,3.21875,3.40625,3.875,5.9375,3.515625,2.28125,3.484375,0.29044117647058826,0.2912621359223301,1.028125,0.6484375,0.37968749999999996,7,1.5855421686746987,0,4,5,6,19,16,10,9,6,29,23,-6,D
2023-04-01,Cadiz,Sevilla,16,1.046875,-0.515625,1.125,0.875,1.390625,7,1.53125,0.15625,1.1875,1.28125,1.125,3.125,3.921875,4.96875,3.84375,4.125,4.6875,3.015625,3.09375,0.28,0.32669322709163345,0.5437500000000001,1.06875,-0.525,-9,0.5087719298245614,0,6,4,5,17,25,4,6,13,20,26,2,A
2023-04-01,Elche,Barcelona,17,0.859375,-0.6875,1.0625,0.921875,1.609375,2,2.203125,1.09375,2.125,1.828125,0.734375,3.0625,5.078125,5.265625,3.0,4.390625,5.84375,3.09375,2.625,0.3010204081632653,0.36,0.4078125,1.7953125,-1.3875000000000002,-15,0.22715404699738903,0,4,4,7,26,21,12,6,2,19,17,-8,A
2023-04-02,Celta,Almeria,10,1.25,-0.046875,1.375,1.171875,1.21875,23,1.0,-0.5769230769230769,0.25,1.1538461538461537,1.7307692307692308,3.875,4.230769230769231,3.6875,5.653846153846154,4.484375,4.269230769230769,2.359375,2.8846153846153846,0.3024193548387097,0.2727272727272727,0.8453125,0.5576923076923077,0.2876201923076923,13,1.5157327586206897,0,11,10,2,18,17,4,5,11,18,24,7,D
2023-04-02,Real Madrid,Valladolid,2,2.21875,1.234375,2.3225806451612905,2.046875,0.8125,22,1.0769230769230769,-0.6923076923076923,0.6153846153846154,0.7692307692307693,1.4615384615384615,6.40625,3.769230769230769,3.390625,4.8076923076923075,5.78125,4.615384615384615,2.015625,2.6538461538461537,0.3195121951219512,0.20408163265306123,1.8890625,0.4846153846153846,1.4044471153846154,20,3.8980654761904763,0,8,7,4,28,20,4,5,10,15,32,4,H
2023-04-02,Villarreal,Sociedad,7,1.5625,0.53125,1.903225806451613,1.484375,0.953125,5,1.71875,0.21875,1.65625,1.171875,0.953125,4.5625,4.421875,3.671875,3.4375,5.25,4.75,2.265625,2.34375,0.3253424657534247,0.26501766784452296,1.2375,1.159375,0.078125,-2,1.0673854447439353,1,10,10,6,25,13,6,4,3,15,14,4,H
2023-04-02,Ath Madrid,Betis,3,1.90625,0.703125,2.03125,1.671875,0.96875,4,1.71875,0.46875,1.6875,1.5,1.03125,4.5625,4.671875,2.890625,3.640625,5.25,4.359375,2.921875,2.515625,0.3664383561643836,0.3210702341137124,1.4984375,1.3,0.19843750000000004,1,1.1526442307692308,1,13,12,2,25,15,11,7,4,29,15,2,H
2023-04-03,Valencia,Vallecano,12,1.15625,-0.125,1.4375,1.1875,1.3125,11,1.21875,-0.15625,0.90625,1.09375,1.25,3.828125,3.875,4.265625,4.140625,5.109375,5.125,3.3125,2.71875,0.31020408163265306,0.28225806451612906,0.7781250000000001,0.78125,-0.0031249999999999334,-1,0.9960000000000001,1,6,2,5,12,19,3,3,7,15,18,3,D
2023-04-07,Sevilla,Celta,7,1.5538461538461539,0.18461538461538463,1.875,1.2923076923076924,1.1076923076923078,10,1.2461538461538462,-0.046153846153846156,1.125,1.1846153846153846,1.2307692307692308,3.9384615384615387,3.8923076923076922,3.830769230769231,3.6769230769230767,4.676923076923077,4.476923076923077,3.1076923076923078,2.3692307692307693,0.328125,0.30434782608695654,1.0907692307692307,0.8461538461538461,0.24461538461538457,3,1.289090909090909,1,6,7,12,23,24,11,11,3,19,17,-5,D
2023-04-08,Espanol,Ath Bilbao,15,1.0615384615384615,-0.36923076923076925,1.4375,1.123076923076923,1.4923076923076923,8,1.4153846153846155,0.23076923076923078,1.15625,1.2153846153846153,0.9846153846153847,3.476923076923077,4.230769230769231,4.507692307692308,3.3692307692307693,4.338461538461538,6.046153846153846,2.753846153846154,2.246153846153846,0.3230088495575221,0.2872727272727273,0.6446153846153846,1.02,-0.3753846153846154,-7,0.6319758672699849,0,3,6,11,12,24,5,5,5,20,12,-2,A
2023-04-08,Osasuna,Elche,10,1.2615384615384615,-0.2923076923076923,1.28125,0.9076923076923077,1.2,17,0.8461538461538461,-0.7384615384615385,0.65625,0.9076923076923077,1.646153846153846,3.353846153846154,3.046153846153846,3.876923076923077,5.276923076923077,4.476923076923077,4.492307692307692,2.5692307692307694,3.046153846153846,0.2706422018348624,0.29797979797979796,0.7246153846153846,0.3830769230769231,0.34153846153846146,7,1.8915662650602407,0,5,3,6,13,19,4,4,10,23,23,1,H
2023-04-08,Real Madrid,Villarreal,1,2.230769230769231,1.3076923076923077,2.34375,2.1076923076923078,0.8,6,1.5846153846153845,0.5538461538461539,1.2424242424242424,1.4923076923076923,0.9384615384615385,6.569230769230769,4.553846153846154,3.3692307692307693,3.6615384615384614,5.8307692307692305,5.230769230769231,1.9846153846153847,2.3230769230769233,0.32084309133489464,0.3277027027027027,1.9292307692307693,1.256923076923077,0.6723076923076923,5,1.5348837209302324,0,8,11,4,39,18,13,10,2,25,11,-5,A
2023-04-08,Sociedad,Getafe,5,1.6923076923076923,0.18461538461538463,1.78125,1.1538461538461537,0.9692307692307692,14,1.0615384615384615,-0.23076923076923078,0.6875,0.9230769230769231,1.1538461538461537,4.4,3.1846153846153844,3.4461538461538463,3.8615384615384616,4.7384615384615385,3.5076923076923077,2.353846153846154,3.4307692307692306,0.26223776223776224,0.2898550724637681,1.1323076923076922,0.6461538461538462,0.48615384615384605,9,1.7523809523809522,0,5,3,4,15,14,8,8,6,24,23,-3,H
2023-04-09,Valladolid,Mallorca,22,1.037037037037037,-0.8888888888888888,1.5384615384615385,0.7407407407407407,1.6296296296296295,13,1.1076923076923078,-0.49230769230769234,0.71875,0.8923076923076924,1.3846153846153846,3.7037037037037037,3.3692307692307693,5.2592592592592595,3.8615384615384616,4.481481481481482,3.953846153846154,2.5925925925925926,3.3692307692307693,0.2,0.2648401826484018,0.39999999999999997,0.5846153846153846,-0.18461538461538468,-9,0.6842105263157894,1,4,4,14,14,39,2,2,5,11,16,2,D
2023-04-09,Betis,Cadiz,5,1.6923076923076923,0.4461538461538462,1.75,1.476923076923077,1.0307692307692307,16,1.0307692307692307,-0.5384615384615384,0.96875,0.8615384615384616,1.4,4.630769230769231,3.123076923076923,3.6923076923076925,4.969230769230769,4.3076923076923075,4.184615384615385,2.5076923076923077,3.0153846153846153,0.31893687707641194,0.27586206896551724,1.2753846153846153,0.5261538461538462,0.7492307692307691,11,2.423976608187134,0,8,5,4,21,19,6,4,5,16,25,2,A
2023-04-09,Almeria,Valencia,23,1.0,-0.5555555555555556,1.6428571428571428,1.1851851851851851,1.7407407407407407,12,1.1538461538461537,-0.12307692307692308,0.875,1.1846153846153846,1.3076923076923077,4.185185185185185,3.830769230769231,5.62962962962963,4.230769230769231,4.148148148148148,5.230769230769231,2.962962962962963,3.292307692307692,0.2831858407079646,0.3092369477911647,0.5703703703703704,0.7769230769230768,-0.2065527065527064,-11,0.7341400806747342,1,5,5,7,17,21,7,3,5,13,15,-2,H
2023-04-09,Vallecano,Ath Madrid,11,1.2153846153846153,-0.15384615384615385,1.53125,1.0923076923076922,1.2461538461538462,3,1.9230769230769231,0.7076923076923077,1.78125,1.6615384615384616,0.9538461538461539,3.8461538461538463,4.6,4.138461538461539,2.876923076923077,5.092307692307692,5.246153846153846,2.723076923076923,2.8923076923076922,0.284,0.3612040133779264,0.78,1.5061538461538462,-0.7261538461538461,-8,0.5178753830439223,0,3,3,7,12,20,13,12,2,27,15,-10,A
2023-04-10,Barcelona,Girona,2,2.2153846153846155,1.1384615384615384,2.28125,1.8615384615384616,0.7230769230769231,20,1.2592592592592593,0.0,0.7692307692307693,1.5555555555555556,1.5555555555555556,5.092307692307692,4.555555555555555,2.9846153846153847,4.148148148148148,5.8,3.7037037037037037,2.6307692307692307,2.7037037037037037,0.36555891238670696,0.34146341463414637,1.8215384615384616,0.9407407407407408,0.8807977207977208,18,1.9362810417928529,0,12,8,2,20,15,7,9,9,23,17,5,D
2023-04-14,Vallecano,Osasuna,11,1.196969696969697,-0.16666666666666666,1.4848484848484849,1.0909090909090908,1.2575757575757576,9,1.2878787878787878,-0.2727272727272727,1.2424242424242424,0.9242424242424242,1.196969696969697,3.8333333333333335,3.393939393939394,4.136363636363637,3.8333333333333335,5.136363636363637,4.545454545454546,2.696969696969697,2.5454545454545454,0.2845849802371542,0.27232142857142855,0.7666666666666666,0.746969696969697,0.019696969696969657,-2,1.026369168356998,1,3,4,8,13,21,5,2,5,15,12,-2,H
2023-04-15,Betis,Espanol,5,1.6666666666666667,0.4090909090909091,1.696969696969697,1.4545454545454546,1.0454545454545454,16,1.0454545454545454,-0.3787878787878788,0.696969696969697,1.121212121212121,1.5,4.606060606060606,3.4545454545454546,3.696969696969697,4.545454545454546,4.318181818181818,4.393939393939394,2.5454545454545454,2.8181818181818183,0.3157894736842105,0.32456140350877194,1.246969696969697,0.6333333333333333,0.6136363636363638,11,1.9688995215311007,0,5,2,4,15,21,0,5,12,11,27,5,H
2023-04-15,Cadiz,Real Madrid,14,1.0606060606060606,-0.5,1.0909090909090908,0.8787878787878788,1.378787878787879,1,2.196969696969697,1.2727272727272727,2.121212121212121,2.106060606060606,0.8333333333333334,3.1363636363636362,6.53030303030303,4.9393939393939394,3.4393939393939394,4.212121212121212,5.833333333333333,3.015151515151515,1.9545454545454546,0.28019323671497587,0.3225058004640371,0.556060606060606,1.9015151515151514,-1.3454545454545452,-13,0.29243027888446216,0,6,5,5,17,26,7,12,6,36,24,-1,A
2023-04-15,Villarreal,Valladolid,6,1.606060606060606,0.5606060606060606,1.9375,1.5151515151515151,0.9545454545454546,23,1.0357142857142858,-0.8571428571428571,0.5714285714285714,0.8214285714285714,1.6785714285714286,4.606060606060606,3.7857142857142856,3.6666666666666665,5.285714285714286,5.257575757575758,4.357142857142857,2.3333333333333335,2.607142857142857,0.32894736842105265,0.2169811320754717,1.2742424242424242,0.42500000000000004,0.8492424242424241,17,2.9982174688057035,0,13,11,3,28,12,5,7,14,17,41,8,A
2023-04-15,Ath Bilbao,Sociedad,8,1.4393939393939394,0.24242424242424243,1.6666666666666667,1.2272727272727273,0.9848484848484849,5,1.7121212121212122,0.21212121212121213,1.606060606060606,1.1666666666666667,0.9545454545454546,4.2727272727272725,4.424242424242424,3.3484848484848486,3.4545454545454546,6.0606060606060606,4.712121212121212,2.272727272727273,2.3484848484848486,0.2872340425531915,0.2636986301369863,1.037878787878788,1.153030303030303,-0.115151515151515,-3,0.9001314060446782,1,8,5,3,24,10,8,5,3,18,15,0,H
2023-04-16,Ath Madrid,Almeria,3,1.9393939393939394,0.7121212121212122,2.0606060606060606,1.6666666666666667,0.9545454545454546,23,1.0714285714285714,-0.5,0.3076923076923077,1.2142857142857142,1.7142857142857142,4.590909090909091,4.178571428571429,2.878787878787879,5.571428571428571,5.196969696969697,4.107142857142857,2.8484848484848486,2.9642857142857144,0.36303630363036304,0.2905982905982906,1.5166666666666666,0.6285714285714286,0.888095238095238,20,2.4128787878787876,0,15,13,2,29,11,5,6,8,17,24,10,H
2023-04-16,Girona,Elche,19,1.25,0.0,1.7142857142857142,1.5,1.5,17,0.8333333333333334,-0.7424242424242424,0.6363636363636364,0.9090909090909091,1.6515151515151516,4.392857142857143,3.015151515151515,4.107142857142857,5.287878787878788,3.642857142857143,4.454545454545454,2.6785714285714284,3.0454545454545454,0.34146341463414637,0.3015075376884422,0.925,0.3757575757575758,0.5492424242424243,-2,2.4616935483870965,0,5,6,7,19,17,4,3,9,22,20,1,H
2023-04-16,Getafe,Barcelona,15,1.0454545454545454,-0.25757575757575757,1.4242424242424243,0.9090909090909091,1.1666666666666667,2,2.196969696969697,1.121212121212121,2.1515151515151514,1.8333333333333333,0.7121212121212122,3.196969696969697,5.0606060606060606,3.893939393939394,2.9393939393939394,3.484848484848485,5.893939393939394,3.393939393939394,2.590909090909091,0.2843601895734597,0.36227544910179643,0.6272727272727272,1.8015151515151513,-1.174242424242424,-13,0.3481917577796468,0,8,7,6,25,24,13,8,1,22,11,-5,D
2023-04-16,Valencia,Sevilla,12,1.1363636363636365,-0.13636363636363635,1.4242424242424243,1.1818181818181819,1.3181818181818181,7,1.5454545454545454,0.18181818181818182,1.2424242424242424,1.303030303030303,1.121212121212121,3.8333333333333335,3.909090909090909,4.2272727272727275,3.8333333333333335,5.257575757575758,4.7272727272727275,3.272727272727273,3.1818181818181817,0.308300395256917,0.3333333333333333,0.7636363636363637,1.087878787878788,-0.3242424242424242,-5,0.701949860724234,0,4,3,7,14,16,7,7,11,17,24,-3,A
2023-04-17,Celta,Mallorca,10,1.2424242424242424,-0.045454545454545456,1.3636363636363635,1.196969696969697,1.2424242424242424,13,1.106060606060606,-0.48484848484848486,0.7272727272727273,0.9242424242424242,1.4090909090909092,3.893939393939394,3.409090909090909,3.6515151515151514,3.893939393939394,4.454545454545454,3.9242424242424243,2.3636363636363638,3.393939393939394,0.30739299610894943,0.27111111111111114,0.8469696969696969,0.5924242424242424,0.2545454545454545,3,1.4296675191815857,0,9,10,5,19,16,3,4,6,13,19,6,A
2023-04-21,Espanol,Cadiz,16,1.0298507462686568,-0.40298507462686567,1.393939393939394,1.1194029850746268,1.5223880597014925,15,1.044776119402985,-0.5223880597014925,1.0303030303030303,0.8656716417910447,1.3880597014925373,3.462686567164179,3.1343283582089554,4.597014925373134,5.029850746268656,4.522388059701493,4.17910447761194,2.8059701492537314,2.985074626865672,0.3232758620689655,0.2761904761904762,0.6179104477611941,0.5388059701492537,0.0791044776119404,-1,1.1468144044321331,1,0,5,13,13,30,5,5,7,18,34,-5,D
2023-04-22,Osasuna,Betis,9,1.2686567164179106,-0.2835820895522388,1.3333333333333333,0.9253731343283582,1.208955223880597,4,1.6865671641791045,0.43283582089552236,1.6363636363636365,1.4776119402985075,1.044776119402985,3.4029850746268657,4.656716417910448,3.8208955223880596,3.701492537313433,4.522388059701493,4.313432835820896,2.5522388059701493,2.537313432835821,0.2719298245614035,0.3173076923076923,0.7343283582089554,1.2686567164179103,-0.534328358208955,-5,0.5788235294117648,0,4,3,7,14,15,7,5,5,19,20,-3,H
2023-04-22,Almeria,Ath Bilbao,23,1.0344827586206897,-0.5172413793103449,1.7333333333333334,1.206896551724138,1.7241379310344827,8,1.462686567164179,0.26865671641791045,1.2121212121212122,1.2388059701492538,0.9701492537313433,4.0344827586206895,4.2835820895522385,5.620689655172414,3.3582089552238807,4.0344827586206895,6.044776119402985,2.9655172413793105,2.3134328358208953,0.29914529914529914,0.289198606271777,0.6034482758620691,1.0597014925373134,-0.4562532166752443,-15,0.5694511898980089,0,5,7,8,17,25,10,7,3,26,12,-5,A
2023-04-22,Sociedad,Vallecano,5,1.6865671641791045,0.1791044776119403,1.8181818181818181,1.1492537313432836,0.9701492537313433,11,1.2238805970149254,-0.14925373134328357,0.9090909090909091,1.1044776119402986,1.2537313432835822,4.417910447761194,3.8208955223880596,3.4776119402985075,4.134328358208955,4.6716417910447765,5.08955223880597,2.343283582089552,2.6865671641791047,0.26013513513513514,0.2890625,1.126865671641791,0.7880597014925373,0.33880597014925373,6,1.4299242424242424,0,7,5,5,19,18,5,6,9,14,22,2,H
2023-04-22,Valladolid,Girona,21,1.103448275862069,-0.7931034482758621,1.5,0.8620689655172413,1.6551724137931034,18,1.3103448275862069,0.06896551724137931,0.7857142857142857,1.5172413793103448,1.4482758620689655,3.896551724137931,4.379310344827586,5.344827586206897,4.137931034482759,4.379310344827586,3.6206896551724137,2.7241379310344827,2.689655172413793,0.22123893805309736,0.3464566929133858,0.4862068965517241,0.9793103448275862,-0.49310344827586206,-3,0.4964788732394366,0,5,7,14,19,46,8,6,4,16,16,-3,H
2023-04-22,Real Madrid,Celta,1,2.208955223880597,1.2835820895522387,2.272727272727273,2.1044776119402986,0.8208955223880597,10,1.2238805970149254,-0.05970149253731343,1.121212121212121,1.1791044776119404,1.2388059701492538,6.597014925373134,3.8805970149253732,3.4328358208955225,3.626865671641791,5.880597014925373,4.492537313432836,1.9253731343283582,2.373134328358209,0.3190045248868778,0.3038461538461538,1.91044776119403,0.8298507462686567,1.0805970149253734,9,2.3021582733812953,0,9,14,6,42,23,8,10,6,22,13,1,H
2023-04-23,Elche,Valencia,17,0.8208955223880597,-0.7611940298507462,1.0303030303030303,0.8955223880597015,1.6567164179104477,13,1.1194029850746268,-0.16417910447761194,0.8484848484848485,1.164179104477612,1.328358208955224,3.044776119402985,3.8208955223880596,5.268656716417911,4.208955223880597,4.447761194029851,5.268656716417911,3.0597014925373136,3.253731343283582,0.29411764705882354,0.3046875,0.36119402985074633,0.7432835820895523,-0.3820895522388059,-4,0.4859437751004017,0,1,2,11,21,21,4,3,8,16,15,-3,A
2023-04-23,Barcelona,Ath Madrid,2,2.1791044776119404,1.1044776119402986,2.242424242424242,1.8059701492537314,0.7014925373134329,3,1.955223880597015,0.7164179104477612,1.8181818181818181,1.671641791044776,0.9552238805970149,5.029850746268656,4.626865671641791,2.91044776119403,2.8358208955223883,5.880597014925373,5.253731343283582,2.5671641791044775,2.8507462686567164,0.3590504451038576,0.36129032258064514,1.782089552238806,1.526865671641791,0.25522388059701506,1,1.1671554252199414,0,11,7,1,21,11,15,9,2,28,10,-4,H
2023-04-23,Mallorca,Getafe,13,1.1343283582089552,-0.4626865671641791,1.4848484848484849,0.9253731343283582,1.3880597014925373,15,1.044776119402985,-0.2537313432835821,0.6666666666666666,0.8955223880597015,1.1492537313432836,3.388059701492537,3.1641791044776117,3.8805970149253732,3.8805970149253732,3.9402985074626864,3.4477611940298507,3.3582089552238807,3.373134328358209,0.27312775330396477,0.2830188679245283,0.6134328358208956,0.6253731343283582,-0.011940298507462588,2,0.9809069212410503,1,6,5,5,12,16,6,4,4,20,20,0,H
2023-04-23,Sevilla,Villarreal,7,1.5671641791044777,0.208955223880597,1.8484848484848484,1.3134328358208955,1.1044776119402986,6,1.5820895522388059,0.5373134328358209,1.2941176470588236,1.507462686567164,0.9701492537313433,3.8955223880597014,4.641791044776119,3.8208955223880596,3.716417910447761,4.686567164179104,5.298507462686567,3.1940298507462686,2.3134328358208953,0.3371647509578544,0.3247588424437299,1.108955223880597,1.2537313432835822,-0.14477611940298507,-1,0.8845238095238095,1,10,8,5,19,19,10,10,5,29,19,0,H
2023-04-25,Betis,Sociedad,5,1.661764705882353,0.4117647058823529,1.7352941176470589,1.4852941176470589,1.0735294117647058,4,1.7058823529411764,0.19117647058823528,1.5588235294117647,1.161764705882353,0.9705882352941176,4.676470588235294,4.367647058823529,3.7205882352941178,3.4558823529411766,4.4411764705882355,4.647058823529412,2.5,2.323529411764706,0.31761006289308175,0.265993265993266,1.2514705882352941,1.1426470588235293,0.10882352941176476,-1,1.0952380952380953,1,6,6,7,22,21,9,6,5,18,18,-3,D
2023-04-25,Cadiz,Osasuna,14,1.0441176470588236,-0.5147058823529411,1.0588235294117647,0.8529411764705882,1.3676470588235294,9,1.2941176470588236,-0.2647058823529412,1.2058823529411764,0.9558823529411765,1.2205882352941178,3.1176470588235294,3.426470588235294,5.029411764705882,3.8529411764705883,4.161764705882353,4.529411764705882,2.9705882352941178,2.5441176470588234,0.27358490566037735,0.27896995708154504,0.5382352941176471,0.7588235294117647,-0.22058823529411753,-5,0.7093023255813955,1,5,3,5,16,29,7,6,8,19,17,-2,A
2023-04-25,Girona,Real Madrid,18,1.2666666666666666,0.03333333333333333,1.8,1.4666666666666666,1.4333333333333333,1,2.2205882352941178,1.2941176470588236,2.1470588235294117,2.1029411764705883,0.8088235294117647,4.433333333333334,6.573529411764706,4.2,3.411764705882353,3.7333333333333334,5.911764705882353,2.6333333333333333,1.911764705882353,0.3308270676691729,0.319910514541387,0.9366666666666666,1.9191176470588236,-0.982450980392157,-17,0.4880715197956577,0,8,6,4,18,18,9,13,5,40,22,-1,H
2023-04-26,Ath Madrid,Mallorca,3,1.9264705882352942,0.6911764705882353,2.088235294117647,1.6470588235294117,0.9558823529411765,12,1.161764705882353,-0.4264705882352941,0.7941176470588235,0.9558823529411765,1.3823529411764706,4.602941176470588,3.3970588235294117,2.8529411764705883,3.838235294117647,5.220588235294118,3.911764705882353,2.911764705882353,3.338235294117647,0.35782747603833864,0.2813852813852814,1.5,0.6441176470588236,0.8558823529411764,9,2.328767123287671,0,12,8,3,27,10,8,7,5,14,15,4,H
2023-04-26,Getafe,Almeria,15,1.0294117647058822,-0.27941176470588236,1.411764705882353,0.8970588235294118,1.1764705882352942,23,1.0,-0.5333333333333333,0.2857142857142857,1.2,1.7333333333333334,3.1323529411764706,4.033333333333333,3.8823529411764706,5.533333333333333,3.426470588235294,4.0,3.3676470588235294,2.933333333333333,0.2863849765258216,0.2975206611570248,0.6102941176470589,0.58,0.030294117647058916,8,1.0522312373225153,1,5,3,5,11,20,5,7,8,16,23,0,A
2023-04-26,Celta,Elche,10,1.2058823529411764,-0.08823529411764706,1.3235294117647058,1.161764705882353,1.25,17,0.8088235294117647,-0.7794117647058824,0.6176470588235294,0.8823529411764706,1.661764705882353,3.8529411764705883,3.014705882352941,3.6470588235294117,5.235294117647059,4.470588235294118,4.544117647058823,2.3676470588235294,3.0588235294117645,0.3015267175572519,0.2926829268292683,0.8088235294117647,0.34705882352941175,0.46176470588235297,7,2.330508474576271,0,5,7,8,18,15,0,1,12,12,23,5,H
2023-04-26,Vallecano,Barcelona,11,1.2058823529411764,-0.16176470588235295,1.5294117647058822,1.1029411764705883,1.2647058823529411,2,2.1911764705882355,1.1029411764705883,2.1176470588235294,1.7941176470588236,0.6911764705882353,3.7941176470588234,5.014705882352941,4.088235294117647,2.911764705882353,5.0588235294117645,5.838235294117647,2.676470588235294,2.588235294117647,0.29069767441860467,0.35777126099706746,0.7749999999999999,1.785294117647059,-1.010294117647059,-9,0.4341021416803953,0,5,7,8,13,17,11,7,1,23,9,-6,H
2023-04-27,Valencia,Valladolid,13,1.1470588235294117,-0.1323529411764706,1.3823529411764706,1.1764705882352942,1.3088235294117647,20,1.1666666666666667,-0.7333333333333333,0.7333333333333333,0.8666666666666667,1.6,3.8088235294117645,3.966666666666667,4.161764705882353,5.366666666666666,5.279411764705882,4.4,3.2205882352941178,2.6666666666666665,0.3088803088803089,0.2184873949579832,0.7691176470588236,0.5366666666666667,0.23245098039215684,7,1.4331384727804164,1,4,4,8,15,16,7,7,13,24,42,-3,H
2023-04-27,Villarreal,Espanol,7,1.5588235294117647,0.5147058823529411,1.878787878787879,1.5,0.9852941176470589,16,1.0294117647058822,-0.39705882352941174,0.6764705882352942,1.1029411764705883,1.5,4.647058823529412,3.485294117647059,3.7205882352941178,4.5588235294117645,5.264705882352941,4.544117647058823,2.3088235294117645,2.823529411764706,0.3227848101265823,0.31645569620253167,1.2338235294117648,0.6161764705882352,0.6176470588235295,9,2.002386634844869,0,9,10,6,30,20,1,4,10,15,25,8,H
2023-04-27,Ath Bilbao,Sevilla,8,1.4852941176470589,0.27941176470588236,1.7058823529411764,1.25,0.9705882352941176,7,1.588235294117647,0.22058823529411764,1.2941176470588236,1.3235294117647058,1.1029411764705883,4.264705882352941,3.8970588235294117,3.3676470588235294,3.838235294117647,6.014705882352941,4.6911764705882355,2.338235294117647,3.161764705882353,0.29310344827586204,0.33962264150943394,1.0764705882352943,1.125,-0.04852941176470571,-1,0.9568627450980394,1,13,9,3,24,14,10,8,5,18,19,3,A
2023-04-28,Osasuna,Sociedad,9,1.318840579710145,-0.2463768115942029,1.3823529411764706,0.9565217391304348,1.2028985507246377,4,1.6956521739130435,0.18840579710144928,1.542857142857143,1.144927536231884,0.9565217391304348,3.4347826086956523,4.3478260869565215,3.8550724637681157,3.420289855072464,4.492753623188406,4.63768115942029,2.536231884057971,2.3333333333333335,0.27848101265822783,0.2633333333333333,0.7768115942028986,1.1333333333333333,-0.3565217391304347,-5,0.6854219948849105,0,10,7,5,21,15,7,4,5,17,16,3,A
2023-04-29,Real Madrid,Almeria,1,2.1884057971014492,1.2463768115942029,2.2941176470588234,2.101449275362319,0.855072463768116,22,1.064516129032258,-0.4838709677419355,0.4666666666666667,1.2258064516129032,1.7096774193548387,6.521739130434782,4.258064516129032,3.4347826086956523,5.645161290322581,5.942028985507246,4.064516129032258,1.9130434782608696,2.903225806451613,0.32222222222222224,0.2878787878787879,1.8884057971014494,0.6322580645161291,1.2561477325853203,21,2.9867642709257614,0,9,14,7,40,20,7,8,8,22,28,2,H
2023-04-29,Barcelona,Betis,2,2.1594202898550723,1.0724637681159421,2.264705882352941,1.7826086956521738,0.7101449275362319,5,1.6521739130434783,0.4057971014492754,1.588235294117647,1.463768115942029,1.0579710144927537,5.0144927536231885,4.6231884057971016,2.9565217391304346,3.710144927536232,5.884057971014493,4.405797101449275,2.608695652173913,2.4782608695652173,0.3554913294797688,0.3166144200626959,1.7579710144927534,1.2405797101449276,0.5173913043478258,3,1.4170560747663548,0,8,6,2,21,12,4,5,7,20,23,4,H
2023-04-29,Elche,Vallecano,17,0.7971014492753623,-0.782608695652174,1.0,0.8695652173913043,1.6521739130434783,11,1.2318840579710144,-0.14492753623188406,0.8823529411764706,1.1159420289855073,1.2608695652173914,2.9855072463768115,3.8260869565217392,5.2898550724637685,4.101449275362318,4.565217391304348,5.028985507246377,3.0144927536231885,2.652173913043478,0.2912621359223301,0.2916666666666667,0.33768115942028987,0.7956521739130435,-0.4579710144927537,-6,0.424408014571949,0,0,1,11,10,28,7,7,7,16,18,-7,H
2023-04-30,Villarreal,Celta,7,1.5797101449275361,0.5362318840579711,1.911764705882353,1.536231884057971,1.0,10,1.2318840579710144,-0.07246376811594203,1.088235294117647,1.1594202898550725,1.2318840579710144,4.768115942028985,3.927536231884058,3.7246376811594204,3.608695652173913,5.318840579710145,4.550724637681159,2.3043478260869565,2.3333333333333335,0.3221884498480243,0.2952029520295203,1.2579710144927536,0.8260869565217391,0.4318840579710145,3,1.5228070175438597,0,9,11,8,37,22,5,5,7,23,13,4,H
2023-04-30,Cadiz,Valencia,14,1.0289855072463767,-0.5217391304347826,1.0285714285714285,0.8405797101449275,1.3623188405797102,12,1.173913043478261,-0.11594202898550725,0.9117647058823529,1.1884057971014492,1.3043478260869565,3.130434782608696,3.8260869565217392,5.0144927536231885,4.130434782608695,4.260869565217392,5.2898550724637685,2.927536231884058,3.1739130434782608,0.26851851851851855,0.3106060606060606,0.5260869565217391,0.7898550724637682,-0.2637681159420291,-2,0.6660550458715595,0,4,2,5,16,28,7,6,6,19,12,-3,H
2023-04-30,Valladolid,Ath Madrid,20,1.1290322580645162,-0.7419354838709677,1.6,0.8709677419354839,1.6129032258064515,3,1.9420289855072463,0.7101449275362319,1.7647058823529411,1.6666666666666667,0.9565217391304348,3.903225806451613,4.666666666666667,5.354838709677419,2.8405797101449277,4.32258064516129,5.217391304347826,2.7096774193548385,2.869565217391304,0.2231404958677686,0.35714285714285715,0.5161290322580646,1.517391304347826,-1.0012622720897615,-17,0.3401423421758019,0,7,7,12,23,41,12,8,4,30,11,-5,A
2023-04-30,Espanol,Getafe,16,1.0144927536231885,-0.42028985507246375,1.3823529411764706,1.1159420289855073,1.536231884057971,15,1.0144927536231885,-0.2898550724637681,0.6470588235294118,0.8985507246376812,1.1884057971014492,3.4927536231884058,3.217391304347826,4.681159420289855,3.9855072463768115,4.507246376811594,3.4347826086956523,2.8550724637681157,3.36231884057971,0.31950207468879666,0.27927927927927926,0.6043478260869566,0.6000000000000001,0.004347826086956497,-1,1.0072463768115942,1,1,5,11,16,34,2,2,7,16,27,-1,H
2023-05-01,Mallorca,Ath Bilbao,13,1.144927536231884,-0.4492753623188406,1.5294117647058822,0.9565217391304348,1.4057971014492754,8,1.463768115942029,0.2608695652173913,1.2647058823529411,1.2318840579710144,0.9710144927536232,3.3768115942028984,4.231884057971015,3.9130434782608696,3.3333333333333335,3.971014492753623,6.043478260869565,3.289855072463768,2.347826086956522,0.2832618025751073,0.2910958904109589,0.6289855072463768,1.0565217391304347,-0.42753623188405787,-5,0.5953360768175584,0,8,8,7,15,21,10,6,3,20,12,-2,D
2023-05-01,Sevilla,Girona,7,1.608695652173913,0.2318840579710145,1.8823529411764706,1.318840579710145,1.0869565217391304,18,1.3225806451612903,0.0967741935483871,0.7333333333333333,1.5483870967741935,1.4516129032258065,3.8550724637681157,4.451612903225806,3.8115942028985508,4.161290322580645,4.6521739130434785,3.7096774193548385,3.1594202898550723,2.5806451612903225,0.34210526315789475,0.34782608695652173,1.13768115942029,1.0,0.13768115942029002,11,1.13768115942029,1,13,9,3,15,17,10,8,4,19,18,3,A
2023-05-02,Almeria,Elche,22,1.03125,-0.53125,1.625,1.25,1.78125,17,0.8285714285714286,-0.7142857142857143,0.6,0.9142857142857143,1.6285714285714286,4.21875,3.0714285714285716,5.84375,5.257142857142857,3.9375,4.542857142857143,2.875,2.9857142857142858,0.2962962962962963,0.29767441860465116,0.60625,0.3828571428571429,0.22339285714285706,-5,1.583488805970149,1,6,8,10,22,35,3,5,7,17,25,3,H
2023-05-02,Barcelona,Osasuna,2,2.1714285714285713,1.1142857142857143,2.2857142857142856,1.8142857142857143,0.7,9,1.3,-0.2714285714285714,1.2571428571428571,0.9428571428571428,1.2142857142857142,5.057142857142857,3.4,2.9285714285714284,3.914285714285714,5.942857142857143,4.485714285714286,2.5714285714285716,2.5428571428571427,0.3587570621468927,0.2773109243697479,1.782857142857143,0.7571428571428572,1.0257142857142858,7,2.3547169811320754,0,8,6,2,23,11,9,7,7,20,22,-1,H
2023-05-02,Sociedad,Real Madrid,4,1.7142857142857142,0.21428571428571427,1.8529411764705883,1.1571428571428573,0.9428571428571428,2,2.2,1.2571428571428571,2.085714285714286,2.1285714285714286,0.8714285714285714,4.4,6.6,3.3857142857142857,3.4285714285714284,4.6,5.957142857142857,2.3142857142857145,1.9142857142857144,0.262987012987013,0.3225108225108225,1.1528571428571428,1.902857142857143,-0.7500000000000002,-2,0.6058558558558558,0,10,6,3,22,13,9,12,9,35,21,1,H
2023-05-03,Valencia,Villarreal,12,1.1571428571428573,-0.12857142857142856,1.4285714285714286,1.1857142857142857,1.3142857142857143,6,1.6,0.5571428571428572,1.2571428571428571,1.5571428571428572,1.0,3.8285714285714287,4.742857142857143,4.128571428571429,3.742857142857143,5.3,5.3,3.157142857142857,2.2857142857142856,0.30970149253731344,0.32831325301204817,0.7771428571428571,1.2785714285714287,-0.5014285714285716,-6,0.6078212290502792,0,6,6,7,19,14,9,12,9,36,24,-3,D
2023-05-03,Ath Madrid,Cadiz,3,1.957142857142857,0.7428571428571429,2.1142857142857143,1.7142857142857142,0.9714285714285714,14,1.0571428571428572,-0.5,1.0294117647058822,0.8571428571428571,1.3571428571428572,4.685714285714286,3.142857142857143,2.8857142857142857,5.0,5.1571428571428575,4.271428571428571,2.842857142857143,2.9714285714285715,0.36585365853658536,0.2727272727272727,1.5442857142857145,0.55,0.9942857142857144,11,2.807792207792208,0,12,12,6,29,15,7,4,4,17,27,5,H
2023-05-03,Getafe,Celta,16,1.0,-0.3,1.3714285714285714,0.8857142857142857,1.1857142857142857,10,1.2142857142857142,-0.1,1.0571428571428572,1.1571428571428573,1.2571428571428571,3.2,3.942857142857143,4.042857142857143,3.6,3.4285714285714284,4.614285714285714,3.3857142857142857,2.357142857142857,0.2767857142857143,0.29347826086956524,0.5871428571428572,0.8085714285714285,-0.2214285714285713,-6,0.7261484098939931,1,1,2,8,17,32,4,4,8,23,13,-3,H
2023-05-04,Sevilla,Espanol,7,1.5857142857142856,0.2,1.8285714285714285,1.3,1.1,16,1.042857142857143,-0.4,0.6571428571428571,1.1142857142857143,1.5142857142857142,3.8714285714285714,3.557142857142857,3.8,4.642857142857143,4.671428571428572,4.5285714285714285,3.1285714285714286,2.857142857142857,0.33579335793357934,0.3132530120481928,1.1128571428571428,0.6242857142857143,0.48857142857142843,9,1.7826086956521736,0,10,7,5,15,17,4,5,9,23,32,6,H
2023-05-04,Girona,Mallorca,18,1.375,0.15625,1.875,1.5625,1.40625,13,1.1428571428571428,-0.44285714285714284,0.7714285714285715,0.9571428571428572,1.4,4.40625,3.357142857142857,4.1875,3.942857142857143,3.625,3.9857142857142858,2.53125,3.3,0.3546099290780142,0.2851063829787234,1.046875,0.63,0.416875,-5,1.6617063492063493,0,10,8,3,18,22,8,9,8,16,25,2,H
2023-05-04,Vallecano,Valladolid,11,1.2142857142857142,-0.2,1.5714285714285714,1.1,1.3,22,1.09375,-0.8125,0.6875,0.90625,1.71875,3.8142857142857145,3.96875,4.171428571428572,5.375,5.071428571428571,4.46875,2.657142857142857,2.6875,0.2883895131086142,0.2283464566929134,0.7671428571428571,0.484375,0.2827678571428571,11,1.5837788018433179,0,6,6,10,17,23,7,9,11,27,30,-1,H
2023-05-04,Ath Bilbao,Betis,8,1.457142857142857,0.2571428571428571,1.6571428571428573,1.2285714285714286,0.9714285714285714,5,1.6285714285714286,0.34285714285714286,1.542857142857143,1.4428571428571428,1.1,4.257142857142857,4.571428571428571,3.3142857142857145,3.7714285714285714,6.057142857142857,4.3428571428571425,2.342857142857143,2.4857142857142858,0.28859060402684567,0.315625,1.0514285714285714,1.2057142857142857,-0.15428571428571436,-3,0.872037914691943,1,10,7,4,23,13,4,5,10,19,24,6,A
2023-05-12,Mallorca,Cadiz,13,1.1267605633802817,-0.4507042253521127,1.5142857142857142,0.9577464788732394,1.408450704225352,14,1.0422535211267605,-0.5492957746478874,1.0,0.8591549295774648,1.408450704225352,3.3380281690140845,3.112676056338028,3.9859154929577465,5.042253521126761,4.0,4.23943661971831,3.2535211267605635,2.9577464788732395,0.2869198312236287,0.27601809954751133,0.619718309859155,0.528169014084507,0.09154929577464799,1,1.1733333333333336,1,7,7,7,12,26,4,3,9,14,32,3,H
2023-05-13,Sociedad,Girona,4,1.732394366197183,0.23943661971830985,1.8857142857142857,1.1690140845070423,0.9295774647887324,18,1.4242424242424243,0.18181818181818182,0.875,1.5757575757575757,1.393939393939394,4.394366197183099,4.484848484848484,3.408450704225352,4.121212121212121,4.563380281690141,3.787878787878788,2.295774647887324,2.5757575757575757,0.266025641025641,0.35135135135135137,1.171830985915493,1.081818181818182,0.09001280409731094,14,1.0832051130311278,1,10,6,3,20,14,12,10,4,25,21,-2,D
2023-05-13,Osasuna,Almeria,9,1.2816901408450705,-0.28169014084507044,1.3428571428571427,0.9295774647887324,1.2112676056338028,20,1.0909090909090908,-0.48484848484848486,0.4375,1.2727272727272727,1.7575757575757576,3.380281690140845,4.212121212121212,3.915492957746479,5.696969696969697,4.422535211267606,4.03030303030303,2.5211267605633805,2.8484848484848486,0.275,0.302158273381295,0.7422535211267606,0.6545454545454545,0.08770806658130603,11,1.1339984350547732,1,6,5,7,16,25,6,8,10,22,32,0,H
2023-05-13,Villarreal,Ath Bilbao,7,1.591549295774648,0.5492957746478874,1.9428571428571428,1.5492957746478873,1.0,8,1.4366197183098592,0.23943661971830985,1.2571428571428571,1.2112676056338028,0.971830985915493,4.732394366197183,4.28169014084507,3.704225352112676,3.295774647887324,5.309859154929577,6.154929577464789,2.2816901408450705,2.3380281690140845,0.3273809523809524,0.28289473684210525,1.2704225352112677,1.0323943661971833,0.2380281690140844,1,1.2305593451568895,1,7,10,8,32,21,7,5,4,22,13,0,H
2023-05-13,Real Madrid,Getafe,2,2.1690140845070425,1.2112676056338028,2.3142857142857145,2.0985915492957745,0.8873239436619719,15,1.028169014084507,-0.28169014084507044,0.6285714285714286,0.8873239436619719,1.1690140845070423,6.577464788732394,3.211267605633803,3.436619718309859,4.0,5.957746478873239,3.3943661971830985,1.971830985915493,3.436619718309859,0.31905781584582443,0.27631578947368424,1.867605633802817,0.6070422535211267,1.2605633802816905,13,3.076566125290024,0,9,10,8,36,17,4,3,6,17,27,5,H
2023-05-14,Celta,Valencia,11,1.1971830985915493,-0.11267605633802817,1.3714285714285714,1.1408450704225352,1.2535211267605635,13,1.1549295774647887,-0.1267605633802817,0.8857142857142857,1.1830985915492958,1.3098591549295775,3.9014084507042255,3.788732394366197,3.6056338028169015,4.126760563380282,4.619718309859155,5.309859154929577,2.408450704225352,3.1690140845070425,0.2924187725631769,0.31226765799256506,0.7929577464788733,0.7760563380281691,0.016901408450704203,2,1.0217785843920144,1,3,2,7,20,15,7,6,6,16,14,-4,A
2023-05-14,Elche,Ath Madrid,17,0.8169014084507042,-0.7183098591549296,1.0571428571428572,0.9154929577464789,1.6338028169014085,3,1.971830985915493,0.7887323943661971,1.8,1.7605633802816902,0.971830985915493,3.0422535211267605,4.732394366197183,5.23943661971831,2.859154929577465,4.661971830985915,5.154929577464789,2.971830985915493,2.8450704225352115,0.30092592592592593,0.37202380952380953,0.376056338028169,1.5746478873239436,-1.1985915492957746,-14,0.23881932021466906,0,3,5,7,17,23,12,15,6,33,13,-9,H
2023-05-14,Valladolid,Sevilla,22,1.0606060606060606,-0.8181818181818182,1.5,0.9090909090909091,1.7272727272727273,7,1.6056338028169015,0.2112676056338028,1.3428571428571427,1.323943661971831,1.1126760563380282,3.9696969696969697,3.9014084507042255,5.393939393939394,3.788732394366197,4.454545454545454,4.732394366197183,2.606060606060606,3.0985915492957745,0.22900763358778625,0.33935018050541516,0.4666666666666666,1.1309859154929578,-0.6643192488262912,-15,0.4126193441261934,0,6,7,10,25,30,12,8,5,19,16,-6,A
2023-05-14,Espanol,Barcelona,16,1.028169014084507,-0.4084507042253521,1.4285714285714286,1.1267605633802817,1.5352112676056338,2,2.183098591549296,1.1126760563380282,2.057142857142857,1.8028169014084507,0.6901408450704225,3.5492957746478875,5.042253521126761,4.661971830985915,2.915492957746479,4.464788732394366,6.014084507042254,2.8450704225352115,2.535211267605634,0.31746031746031744,0.3575418994413408,0.6169014084507043,1.7859154929577465,-1.1690140845070423,-14,0.34542586750788645,0,4,6,10,24,31,10,7,2,24,13,-6,A
2023-05-15,Betis,Vallecano,5,1.647887323943662,0.352112676056338,1.7142857142857142,1.4366197183098592,1.0845070422535212,10,1.2394366197183098,-0.18309859154929578,0.8571428571428571,1.1126760563380282,1.295774647887324,4.535211267605634,3.8450704225352115,3.8028169014084505,4.169014084507042,4.309859154929577,5.042253521126761,2.492957746478873,2.619718309859155,0.3167701863354037,0.2893772893772894,1.2169014084507042,0.7873239436619718,0.4295774647887324,5,1.5456171735241502,0,7,6,8,18,26,9,7,9,20,23,-2,H
2023-05-19,Cadiz,Valladolid,14,1.0277777777777777,-0.5555555555555556,1.0833333333333333,0.8472222222222222,1.4027777777777777,22,1.0294117647058822,-0.8823529411764706,0.6470588235294118,0.8823529411764706,1.7647058823529411,3.125,4.029411764705882,5.013888888888889,5.382352941176471,4.277777777777778,4.5588235294117645,2.9583333333333335,2.588235294117647,0.27111111111111114,0.21897810218978103,0.5166666666666666,0.42647058823529405,0.09019607843137256,8,1.2114942528735633,1,4,3,8,15,24,3,5,12,24,28,1,H
2023-05-20,Girona,Villarreal,18,1.411764705882353,0.17647058823529413,1.9411764705882353,1.588235294117647,1.411764705882353,7,1.6111111111111112,0.5972222222222222,1.25,1.5972222222222223,1.0,4.529411764705882,4.819444444444445,4.176470588235294,3.7222222222222223,3.7941176470588234,5.333333333333333,2.6176470588235294,2.3055555555555554,0.35064935064935066,0.3314121037463977,1.0764705882352943,1.3041666666666667,-0.2276960784313724,-11,0.8254087577523023,1,10,10,6,27,22,10,14,7,36,19,0,A
2023-05-20,Ath Bilbao,Celta,8,1.4166666666666667,0.18055555555555555,1.6111111111111112,1.2083333333333333,1.0277777777777777,12,1.1805555555555556,-0.125,1.0277777777777777,1.1388888888888888,1.2638888888888888,4.291666666666667,3.9305555555555554,3.4027777777777777,3.625,6.138888888888889,4.625,2.3472222222222223,2.4166666666666665,0.2815533980582524,0.28975265017667845,1.0041666666666667,0.7805555555555556,0.2236111111111111,4,1.2864768683274022,1,4,4,9,22,20,3,3,8,23,18,1,H
2023-05-20,Almeria,Mallorca,20,1.0588235294117647,-0.5294117647058824,1.7058823529411764,1.2647058823529411,1.7941176470588236,13,1.1527777777777777,-0.4305555555555556,0.75,0.9583333333333334,1.3888888888888888,4.176470588235294,3.3333333333333335,5.735294117647059,3.986111111111111,3.9411764705882355,3.986111111111111,2.764705882352941,3.2777777777777777,0.3028169014084507,0.2875,0.6235294117647059,0.6388888888888888,-0.015359477124182952,-7,0.9759590792838876,1,6,8,11,25,32,7,7,7,13,27,-1,H
2023-05-20,Getafe,Elche,15,1.0138888888888888,-0.2916666666666667,1.4166666666666667,0.875,1.1666666666666667,17,0.8472222222222222,-0.6944444444444444,0.5833333333333334,0.9166666666666666,1.6111111111111112,3.1944444444444446,3.0555555555555554,3.986111111111111,5.222222222222222,3.388888888888889,4.638888888888889,3.4444444444444446,2.9583333333333335,0.27391304347826084,0.3,0.5944444444444444,0.39861111111111114,0.1958333333333333,2,1.4912891986062717,1,3,3,7,18,27,6,6,5,16,23,-3,D
2023-05-20,Barcelona,Sociedad,1,2.1944444444444446,1.125,2.3055555555555554,1.8333333333333333,0.7083333333333334,4,1.7222222222222223,0.2361111111111111,1.5833333333333333,1.1805555555555556,0.9444444444444444,5.041666666666667,4.416666666666667,2.9722222222222223,3.4444444444444446,5.972222222222222,4.597222222222222,2.5416666666666665,2.3333333333333335,0.36363636363636365,0.2672955974842767,1.801388888888889,1.1680555555555556,0.6333333333333333,3,1.5422116527942924,0,12,11,4,26,19,11,8,3,22,15,1,A
2023-05-21,Vallecano,Espanol,10,1.2222222222222223,-0.20833333333333334,1.6111111111111112,1.1111111111111112,1.3194444444444444,16,1.0138888888888888,-0.4305555555555556,0.6388888888888888,1.1388888888888888,1.5694444444444444,3.8472222222222223,3.5972222222222223,4.180555555555555,4.666666666666667,5.041666666666667,4.458333333333333,2.625,2.8194444444444446,0.2888086642599278,0.3166023166023166,0.7708333333333334,0.6055555555555555,0.16527777777777786,6,1.272935779816514,1,6,6,11,21,24,4,7,11,27,28,2,A
2023-05-21,Ath Madrid,Osasuna,3,1.9444444444444444,0.7638888888888888,2.138888888888889,1.7361111111111112,0.9722222222222222,9,1.3055555555555556,-0.25,1.2222222222222223,0.9583333333333334,1.2083333333333333,4.722222222222222,3.4305555555555554,2.875,3.9027777777777777,5.152777777777778,4.416666666666667,2.8055555555555554,2.486111111111111,0.36764705882352944,0.2793522267206478,1.5486111111111112,0.7694444444444445,0.7791666666666667,6,2.0126353790613716,0,9,13,6,30,17,9,7,6,19,25,0,H
2023-05-21,Valencia,Real Madrid,11,1.1805555555555556,-0.1111111111111111,1.4166666666666667,1.1944444444444444,1.3055555555555556,2,2.1805555555555554,1.2083333333333333,2.0277777777777777,2.0833333333333335,0.875,3.8055555555555554,6.527777777777778,4.152777777777778,3.4166666666666665,5.291666666666667,5.888888888888889,3.2083333333333335,1.9583333333333333,0.31386861313868614,0.3191489361702128,0.7958333333333334,1.8694444444444445,-1.073611111111111,-9,0.4257057949479941,0,10,8,5,18,17,9,9,8,28,16,1,H
2023-05-21,Sevilla,Betis,7,1.625,0.25,1.8611111111111112,1.3472222222222223,1.0972222222222223,5,1.6666666666666667,0.375,1.5833333333333333,1.4583333333333333,1.0833333333333333,3.9166666666666665,4.541666666666667,3.8194444444444446,3.8055555555555554,4.708333333333333,4.333333333333333,3.0694444444444446,2.5,0.34397163120567376,0.3211009174311927,1.1569444444444446,1.2375,-0.08055555555555549,-2,0.9349046015712683,1,12,9,5,21,19,7,6,8,15,26,5,D
2023-05-23,Celta,Girona,12,1.1643835616438356,-0.136986301369863,1.3333333333333333,1.1369863013698631,1.273972602739726,18,1.3714285714285714,0.14285714285714285,0.8823529411764706,1.5714285714285714,1.4285714285714286,3.9178082191780823,4.485714285714286,3.6164383561643834,4.2,4.63013698630137,3.7714285714285714,2.3972602739726026,2.6,0.2902097902097902,0.3503184713375796,0.7684931506849315,1.0428571428571427,-0.2743639921722112,6,0.7369112403828112,0,3,4,8,24,16,10,11,7,24,21,-7,D
2023-05-23,Sociedad,Almeria,4,1.7397260273972603,0.2465753424657534,1.8611111111111112,1.1917808219178083,0.9452054794520548,19,1.1142857142857143,-0.42857142857142855,0.4117647058823529,1.3142857142857143,1.7428571428571429,4.438356164383562,4.142857142857143,3.452054794520548,5.6571428571428575,4.561643835616438,3.942857142857143,2.356164383561644,2.7142857142857144,0.26851851851851855,0.31724137931034485,1.1821917808219178,0.6914285714285715,0.4907632093933463,15,1.7097815011887239,0,11,8,3,27,17,9,10,9,24,32,2,H
2023-05-23,Valladolid,Barcelona,22,1.0,-0.9142857142857143,1.411764705882353,0.8571428571428571,1.7714285714285714,1,2.164383561643836,1.095890410958904,2.0833333333333335,1.821917808219178,0.726027397260274,3.9714285714285715,5.027397260273973,5.3428571428571425,3.0136986301369864,4.514285714285714,6.0,2.657142857142857,2.5616438356164384,0.2158273381294964,0.36239782016348776,0.3971428571428572,1.7753424657534247,-1.3781996086105675,-21,0.22369929453262788,0,0,4,14,20,26,9,11,6,26,22,-9,H
2023-05-24,Elche,Sevilla,17,0.8493150684931506,-0.684931506849315,1.1111111111111112,0.9178082191780822,1.6027397260273972,7,1.6164383561643836,0.2465753424657534,1.3888888888888888,1.3287671232876712,1.082191780821918,3.0684931506849313,3.9178082191780823,5.219178082191781,3.767123287671233,4.657534246575342,4.698630136986301,2.9315068493150687,3.0547945205479454,0.29910714285714285,0.33916083916083917,0.40273972602739727,1.1479452054794521,-0.7452054794520548,-10,0.35083532219570407,0,7,7,4,19,25,10,7,4,21,14,-3,D
2023-05-24,Real Madrid,Vallecano,2,2.1506849315068495,1.178082191780822,2.3333333333333335,2.0547945205479454,0.8767123287671232,11,1.2054794520547945,-0.2191780821917808,0.8333333333333334,1.1095890410958904,1.3287671232876712,6.506849315068493,3.863013698630137,3.452054794520548,4.205479452054795,5.931506849315069,5.027397260273973,1.9726027397260273,2.6164383561643834,0.3157894736842105,0.2872340425531915,1.8397260273972604,0.7589041095890411,1.0808219178082195,9,2.424187725631769,0,6,7,9,28,20,6,6,11,24,29,0,H
2023-05-24,Villarreal,Cadiz,6,1.63013698630137,0.6027397260273972,1.9722222222222223,1.6027397260273972,1.0,14,1.0547945205479452,-0.5205479452054794,0.9722222222222222,0.863013698630137,1.3835616438356164,4.821917808219178,3.136986301369863,3.712328767123288,4.972602739726027,5.273972602739726,4.273972602739726,2.287671232876712,2.9726027397260273,0.33238636363636365,0.27510917030567683,1.3164383561643835,0.5438356164383562,0.7726027397260273,8,2.4206549118387906,0,13,15,6,36,18,6,5,8,17,21,7,H
2023-05-24,Betis,Getafe,6,1.6575342465753424,0.3698630136986301,1.75,1.4383561643835616,1.0684931506849316,16,1.0136986301369864,-0.2876712328767123,0.6111111111111112,0.8767123287671232,1.1643835616438356,4.47945205479452,3.219178082191781,3.808219178082192,3.9863013698630136,4.315068493150685,3.410958904109589,2.506849315068493,3.4383561643835616,0.3211009174311927,0.2723404255319149,1.2273972602739727,0.5958904109589042,0.6315068493150685,10,2.0597701149425287,0,8,4,5,9,25,4,3,5,22,27,4,A
2023-05-24,Espanol,Ath Madrid,16,1.0410958904109588,-0.410958904109589,1.3888888888888888,1.1506849315068493,1.5616438356164384,3,1.9589041095890412,0.7945205479452054,1.75,1.7534246575342465,0.958904109589041,3.6301369863013697,4.726027397260274,4.671232876712328,2.863013698630137,4.4520547945205475,5.191780821917808,2.808219178082192,2.767123287671233,0.3169811320754717,0.3710144927536232,0.6273972602739726,1.5684931506849313,-0.9410958904109588,-13,0.4,0,6,9,12,28,31,12,16,5,32,15,-6,D
2023-05-25,Mallorca,Valencia,13,1.1369863013698631,-0.4657534246575342,1.5555555555555556,0.9452054794520548,1.4109589041095891,10,1.2054794520547945,-0.0958904109589041,0.9444444444444444,1.1917808219178083,1.2876712328767124,3.328767123287671,3.835616438356164,3.9726027397260273,4.164383561643835,4.013698630136986,5.2465753424657535,3.26027397260274,3.219178082191781,0.2839506172839506,0.3107142857142857,0.6178082191780823,0.8123287671232876,-0.19452054794520535,-3,0.7605396290050591,1,4,4,9,12,29,10,7,5,21,21,-6,H
2023-05-25,Osasuna,Ath Bilbao,9,1.2876712328767124,-0.2876712328767123,1.3888888888888888,0.9452054794520548,1.2328767123287672,8,1.4383561643835616,0.1917808219178082,1.2222222222222223,1.2191780821917808,1.0273972602739727,3.410958904109589,4.273972602739726,3.9178082191780823,3.3972602739726026,4.493150684931507,6.164383561643835,2.4794520547945207,2.3698630136986303,0.27710843373493976,0.28525641025641024,0.7465753424657534,1.0205479452054793,-0.2739726027397259,-1,0.7315436241610739,0,6,4,7,16,24,4,4,9,22,19,2,H
2023-05-27,Sevilla,Real Madrid,7,1.6081081081081081,0.24324324324324326,1.837837837837838,1.3243243243243243,1.0810810810810811,1,2.1621621621621623,1.1756756756756757,1.972972972972973,2.054054054054054,0.8783783783783784,3.9054054054054053,6.45945945945946,3.810810810810811,3.4864864864864864,4.702702702702703,5.918918918918919,3.081081081081081,1.9594594594594594,0.3391003460207612,0.3179916317991632,1.1418918918918919,1.8445945945945947,-0.7027027027027029,-6,0.619047619047619,0,8,7,5,23,19,9,7,6,28,21,-1,A
2023-05-28,Almeria,Valladolid,19,1.0833333333333333,-0.4444444444444444,1.7777777777777777,1.2777777777777777,1.7222222222222223,21,1.0555555555555556,-0.8333333333333334,0.6111111111111112,0.9166666666666666,1.75,4.083333333333333,3.9722222222222223,5.555555555555555,5.361111111111111,3.888888888888889,4.444444444444445,2.6944444444444446,2.611111111111111,0.3129251700680272,0.23076923076923078,0.6638888888888889,0.46111111111111114,0.20277777777777772,2,1.4397590361445782,1,6,8,9,15,25,3,6,13,22,27,3,D
2023-05-28,Ath Bilbao,Elche,8,1.4189189189189189,0.16216216216216217,1.6486486486486487,1.2027027027027026,1.0405405405405406,17,0.8513513513513513,-0.6756756756756757,0.5945945945945946,0.918918918918919,1.5945945945945945,4.283783783783784,3.1216216216216215,3.391891891891892,5.1891891891891895,6.162162162162162,4.716216216216216,2.3783783783783785,2.9054054054054053,0.2807570977917981,0.2943722943722944,0.9986486486486486,0.40675675675675677,0.5918918918918918,9,2.455149501661129,0,4,4,10,25,21,8,8,4,25,19,-4,A
2023-05-28,Ath Madrid,Sociedad,3,1.945945945945946,0.7837837837837838,2.1621621621621623,1.7702702702702702,0.9864864864864865,4,1.7567567567567568,0.25675675675675674,1.6216216216216217,1.1891891891891893,0.9324324324324325,4.756756756756757,4.405405405405405,3.0,3.4324324324324325,5.135135135135135,4.635135135135135,2.77027027027027,2.324324324324324,0.3721590909090909,0.26993865030674846,1.5621621621621622,1.1932432432432432,0.36891891891891904,1,1.3091732729331824,0,10,16,7,30,26,13,9,3,26,18,-3,H
2023-05-28,Barcelona,Mallorca,2,2.135135135135135,1.054054054054054,2.2432432432432434,1.8108108108108107,0.7567567567567568,13,1.162162162162162,-0.44594594594594594,0.7297297297297297,0.9459459459459459,1.3918918918918919,5.04054054054054,3.324324324324324,3.027027027027027,3.9864864864864864,6.0,3.9864864864864864,2.527027027027027,3.27027027027027,0.35924932975871315,0.2845528455284553,1.7459459459459459,0.6364864864864865,1.1094594594594593,11,2.743099787685775,0,9,11,7,27,20,7,4,6,13,25,2,H
2023-05-28,Cadiz,Celta,16,1.0405405405405406,-0.5405405405405406,1.135135135135135,0.8513513513513513,1.3918918918918919,12,1.162162162162162,-0.13513513513513514,1.0,1.135135135135135,1.2702702702702702,3.2027027027027026,3.9594594594594597,5.0,3.6216216216216215,4.297297297297297,4.6891891891891895,2.9594594594594597,2.364864864864865,0.26582278481012656,0.28668941979522183,0.5283783783783784,0.7675675675675675,-0.23918918918918908,-4,0.688380281690141,1,6,5,9,21,24,1,4,9,22,19,5,H
2023-05-28,Getafe,Osasuna,15,1.0405405405405406,-0.2702702702702703,1.4054054054054055,0.8783783783783784,1.1486486486486487,9,1.3108108108108107,-0.25675675675675674,1.1891891891891893,0.9594594594594594,1.2162162162162162,3.2027027027027026,3.4054054054054053,3.9864864864864864,3.9324324324324325,3.4324324324324325,4.472972972972973,3.4594594594594597,2.4864864864864864,0.2742616033755274,0.28174603174603174,0.6148648648648649,0.7702702702702703,-0.15540540540540537,-6,0.7982456140350878,1,7,3,3,15,20,6,5,7,15,25,1,H
2023-05-28,Girona,Betis,18,1.3611111111111112,0.1388888888888889,1.8333333333333333,1.5555555555555556,1.4166666666666667,6,1.635135135135135,0.35135135135135137,1.5675675675675675,1.4189189189189189,1.0675675675675675,4.472222222222222,4.472972972972973,4.277777777777778,3.7837837837837838,3.75,4.283783783783784,2.5277777777777777,2.5135135135135136,0.34782608695652173,0.31722054380664655,1.0333333333333332,1.2067567567567568,-0.17342342342342354,-12,0.8562896603210152,1,8,8,6,23,25,7,4,6,12,24,1,A
2023-05-28,Valencia,Espanol,10,1.1891891891891893,-0.10810810810810811,1.4594594594594594,1.1756756756756757,1.2837837837837838,16,1.0405405405405406,-0.40540540540540543,0.7027027027027027,1.1756756756756757,1.5810810810810811,3.8513513513513513,3.7567567567567566,4.148648648648648,4.702702702702703,5.22972972972973,4.608108108108108,3.2027027027027026,2.7972972972972974,0.30526315789473685,0.3129496402877698,0.7972972972972974,0.6337837837837839,0.1635135135135135,6,1.2579957356076759,1,7,5,5,21,22,7,10,11,37,25,0,D
2023-05-28,Vallecano,Villarreal,11,1.1891891891891893,-0.22972972972972974,1.5675675675675675,1.1081081081081081,1.337837837837838,6,1.6486486486486487,0.6216216216216216,1.2972972972972974,1.6081081081081081,0.9864864864864865,3.891891891891892,4.851351351351352,4.1891891891891895,3.77027027027027,4.986486486486487,5.297297297297297,2.6216216216216215,2.27027027027027,0.2847222222222222,0.33147632311977715,0.7472972972972973,1.3324324324324324,-0.585135135135135,-5,0.5608519269776877,0,3,5,12,24,27,13,13,4,30,22,-10,H
2023-06-04,Sociedad,Sevilla,4,1.7333333333333334,0.24,1.8918918918918919,1.1866666666666668,0.9466666666666667,7,1.5866666666666667,0.22666666666666666,1.3783783783783783,1.32,1.0933333333333333,4.413333333333333,3.8666666666666667,3.453333333333333,3.8,4.626666666666667,4.653333333333333,2.32,3.08,0.2688821752265861,0.3413793103448276,1.176,1.1253333333333333,0.05066666666666664,3,1.0450236966824644,1,10,8,5,23,22,8,8,5,19,19,2,H
2023-06-04,Villarreal,Ath Madrid,6,1.6266666666666667,0.6,2.0,1.6,1.0,3,1.96,0.7866666666666666,1.7297297297297298,1.7733333333333334,0.9866666666666667,4.8133333333333335,4.76,3.7733333333333334,3.026666666666667,5.306666666666667,5.1466666666666665,2.3066666666666666,2.76,0.33240997229916897,0.37254901960784315,1.3133333333333335,1.5706666666666667,-0.2573333333333332,-3,0.83616298811545,0,10,11,5,29,21,10,13,6,29,25,0,D
2023-06-04,Osasuna,Girona,9,1.2933333333333332,-0.26666666666666666,1.4324324324324325,0.96,1.2266666666666666,18,1.3243243243243243,0.10810810810810811,0.8888888888888888,1.5405405405405406,1.4324324324324325,3.3866666666666667,4.4324324324324325,3.96,4.351351351351352,4.426666666666667,3.864864864864865,2.466666666666667,2.4594594594594597,0.28346456692913385,0.3475609756097561,0.7586666666666666,1.0027027027027027,-0.24403603603603607,9,0.7566217430368374,1,6,6,7,16,23,5,7,8,23,27,1,H
2023-06-04,Real Madrid,Ath Bilbao,1,2.1733333333333333,1.1733333333333333,2.3513513513513513,2.0533333333333332,0.88,8,1.4,0.14666666666666667,1.1891891891891893,1.1866666666666668,1.04,6.413333333333333,4.333333333333333,3.453333333333333,3.3733333333333335,5.8533333333333335,6.333333333333333,1.9866666666666666,2.36,0.3201663201663202,0.27384615384615385,1.8493333333333335,0.9813333333333334,0.8680000000000001,7,1.8845108695652175,0,9,5,5,19,19,3,3,10,27,21,6,D
2023-06-04,Mallorca,Vallecano,13,1.1466666666666667,-0.48,1.5945945945945945,0.9333333333333333,1.4133333333333333,10,1.2133333333333334,-0.21333333333333335,0.8108108108108109,1.12,1.3333333333333333,3.2933333333333334,3.8933333333333335,4.053333333333334,4.16,3.973333333333333,4.973333333333334,3.24,2.6266666666666665,0.2834008097165992,0.2876712328767123,0.616,0.7666666666666666,-0.15066666666666662,-3,0.8034782608695653,1,6,3,8,12,28,6,7,9,25,20,0,H
2023-06-04,Celta,Barcelona,13,1.1466666666666667,-0.14666666666666667,1.3243243243243243,1.12,1.2666666666666666,2,2.1466666666666665,1.08,2.027027027027027,1.8266666666666667,0.7466666666666667,3.96,5.093333333333334,3.6133333333333333,3.0,4.666666666666667,6.1066666666666665,2.4,2.493333333333333,0.2828282828282828,0.3586387434554974,0.7533333333333334,1.7626666666666666,-1.0093333333333332,-11,0.4273827534039335,0,1,3,7,21,19,9,10,7,28,20,-8,H
2023-06-04,Elche,Cadiz,17,0.88,-0.6533333333333333,1.1081081081081081,0.92,1.5733333333333333,15,1.0666666666666667,-0.52,0.9459459459459459,0.8533333333333334,1.3733333333333333,3.1066666666666665,3.2,5.226666666666667,4.986666666666666,4.693333333333333,4.28,2.88,3.04,0.296137339055794,0.26666666666666666,0.42800000000000005,0.548,-0.12,-2,0.781021897810219,1,8,5,4,18,24,6,4,8,20,24,2,D
2023-06-04,Espanol,Almeria,16,1.04,-0.4,1.3783783783783783,1.1866666666666668,1.5866666666666667,19,1.0810810810810811,-0.43243243243243246,0.3888888888888889,1.2432432432432432,1.6756756756756757,3.7733333333333334,4.162162162162162,4.693333333333333,5.45945945945946,4.586666666666667,3.8378378378378377,2.8133333333333335,2.6216216216216215,0.31448763250883394,0.2987012987012987,0.6373333333333334,0.6594594594594595,-0.022126126126126078,3,0.9664480874316941,1,5,11,13,34,27,7,6,5,19,15,-2,D
2023-06-04,Valladolid,Getafe,20,1.054054054054054,-0.8108108108108109,1.5,0.8918918918918919,1.7027027027027026,15,1.0666666666666667,-0.25333333333333335,0.6756756756756757,0.8933333333333333,1.1466666666666667,3.918918918918919,3.24,5.405405405405405,3.96,4.4324324324324325,3.4,2.6486486486486487,3.453333333333333,0.22758620689655173,0.2757201646090535,0.4621621621621621,0.636,-0.1738378378378379,-5,0.7266700662927077,1,4,4,8,18,28,10,5,3,19,14,-6,D
2023-06-04,Betis,Valencia,5,1.6533333333333333,0.36,1.7027027027027026,1.4266666666666667,1.0666666666666667,11,1.1866666666666668,-0.10666666666666667,0.918918918918919,1.1866666666666668,1.2933333333333332,4.506666666666667,3.8533333333333335,3.7733333333333334,4.16,4.293333333333333,5.293333333333333,2.493333333333333,3.16,0.3165680473372781,0.3079584775086505,1.22,0.7986666666666667,0.4213333333333332,6,1.5275459098497495,0,10,6,3,18,19,8,6,5,21,23,2,D
2023-08-11,Almeria,Vallecano,19,1.0789473684210527,-0.42105263157894735,1.736842105263158,1.2894736842105263,1.7105263157894737,10,1.1973684210526316,-0.25,0.7894736842105263,1.105263157894737,1.355263157894737,4.157894736842105,3.8947368421052633,5.526315789473684,4.157894736842105,3.8947368421052633,4.9868421052631575,2.6315789473684212,2.5921052631578947,0.310126582278481,0.28378378378378377,0.6710526315789475,0.7447368421052633,-0.0736842105263158,-9,0.901060070671378,1,5,7,7,19,22,3,5,11,23,20,2,A
2023-08-11,Sevilla,Valencia,7,1.5657894736842106,0.21052631578947367,1.7894736842105263,1.3157894736842106,1.105263157894737,11,1.1842105263157894,-0.10526315789473684,0.9210526315789473,1.1842105263157894,1.2894736842105263,3.8684210526315788,3.8421052631578947,3.8289473684210527,4.144736842105263,4.618421052631579,5.276315789473684,3.0526315789473686,3.1315789473684212,0.3401360544217687,0.3082191780821918,1.1092105263157896,0.7973684210526315,0.31184210526315814,4,1.3910891089108914,0,5,6,5,17,22,8,6,5,23,22,-3,A
2023-08-12,Sociedad,Girona,4,1.75,0.25,1.9210526315789473,1.1973684210526316,0.9473684210526315,18,1.2894736842105263,0.07894736842105263,0.8421052631578947,1.5263157894736843,1.4473684210526316,4.434210526315789,4.473684210526316,3.460526315789474,4.421052631578948,4.631578947368421,3.8157894736842106,2.289473684210526,2.526315789473684,0.27002967359050445,0.3411764705882353,1.1894736842105262,0.9736842105263158,0.21578947368421042,14,1.2216216216216216,1,10,8,6,25,21,2,6,9,22,32,8,D
2023-08-12,Ath Bilbao,Real Madrid,8,1.394736842105263,0.14473684210526316,1.605263157894737,1.1842105263157894,1.0394736842105263,1,2.1578947368421053,1.1578947368421053,2.0,2.039473684210526,0.881578947368421,4.394736842105263,6.355263157894737,3.3552631578947367,3.526315789473684,6.328947368421052,5.842105263157895,2.3552631578947367,1.986842105263158,0.2694610778443114,0.32091097308488614,0.9776315789473683,1.8342105263157895,-0.8565789473684212,-7,0.5329985652797704,0,4,4,10,30,21,10,6,4,16,24,-6,A
2023-08-13,Celta,Osasuna,13,1.1710526315789473,-0.13157894736842105,1.368421052631579,1.131578947368421,1.263157894736842,9,1.3157894736842106,-0.25,1.1578947368421053,0.9736842105263158,1.2236842105263157,4.026315789473684,3.4342105263157894,3.5921052631578947,3.986842105263158,4.631578947368421,4.434210526315789,2.3947368421052633,2.4473684210526314,0.28104575163398693,0.2835249042145594,0.7723684210526316,0.7776315789473686,-0.0052631578947369695,-4,0.9932318104906935,1,4,5,7,29,17,9,8,7,21,25,-5,A
2023-08-13,Villarreal,Betis,6,1.618421052631579,0.5921052631578947,1.9736842105263157,1.605263157894737,1.013157894736842,5,1.644736842105263,0.35526315789473684,1.605263157894737,1.4210526315789473,1.0657894736842106,4.842105263157895,4.4868421052631575,3.763157894736842,3.763157894736842,5.394736842105263,4.302631578947368,2.3157894736842106,2.5,0.33152173913043476,0.31671554252199413,1.3078947368421052,1.213157894736842,0.09473684210526323,-1,1.0780911062906726,1,10,12,6,32,23,8,6,4,19,16,2,A
2023-08-13,Getafe,Barcelona,14,1.0657894736842106,-0.25,1.4473684210526316,0.881578947368421,1.131578947368421,2,2.1184210526315788,1.0526315789473684,1.9736842105263157,1.8157894736842106,0.7631578947368421,3.210526315789474,5.052631578947368,3.9078947368421053,3.0789473684210527,3.3684210526315788,6.078947368421052,3.4473684210526314,2.486842105263158,0.27459016393442626,0.359375,0.6342105263157896,1.7381578947368421,-1.1039473684210526,-12,0.36487509462528395,0,8,4,3,16,13,6,10,9,26,27,2,D
2023-08-14,Cadiz,Alaves,15,1.0657894736842106,-0.5131578947368421,1.1842105263157894,0.8552631578947368,1.368421052631579,23,0.8157894736842105,-0.8947368421052632,0.3157894736842105,0.8157894736842105,1.7105263157894737,3.1973684210526314,3.1578947368421053,4.9868421052631575,4.473684210526316,4.276315789473684,3.6578947368421053,3.039473684210526,2.5,0.2674897119341564,0.25833333333333336,0.55,0.3026315789473684,0.24736842105263163,8,1.8173913043478263,1,7,4,4,22,21,6,5,10,19,27,1,H
2023-08-14,Ath Madrid,Granada,3,1.9473684210526316,0.7763157894736842,2.1842105263157894,1.7763157894736843,1.0,21,1.0,-0.4473684210526316,0.8421052631578947,1.1578947368421053,1.605263157894737,4.7368421052631575,3.5789473684210527,3.0789473684210527,5.2368421052631575,5.092105263157895,4.2105263157894735,2.763157894736842,2.8421052631578947,0.375,0.3235294117647059,1.561842105263158,0.5973684210526317,0.9644736842105263,18,2.6145374449339203,0,8,10,7,24,31,8,8,5,24,24,0,H
2023-08-18,Mallorca,Villarreal,12,1.1688311688311688,-0.42857142857142855,1.631578947368421,0.961038961038961,1.3896103896103895,6,1.5974025974025974,0.5714285714285714,1.263157894736842,1.5974025974025974,1.025974025974026,3.2857142857142856,4.8441558441558445,4.025974025974026,3.779220779220779,3.9740259740259742,5.441558441558442,3.1818181818181817,2.2987012987012987,0.2924901185770751,0.3297587131367292,0.648051948051948,1.2896103896103894,-0.6415584415584414,-6,0.5025176233635449,0,7,5,7,13,23,7,8,7,26,23,0,A
2023-08-19,Sociedad,Celta,4,1.7402597402597402,0.24675324675324675,1.8974358974358974,1.1948051948051948,0.948051948051948,13,1.155844155844156,-0.15584415584415584,0.9736842105263158,1.1168831168831168,1.2727272727272727,4.402597402597403,3.987012987012987,3.4285714285714284,3.6103896103896105,4.623376623376624,4.662337662337662,2.2857142857142856,2.3766233766233764,0.2713864306784661,0.28013029315960913,1.183116883116883,0.7545454545454545,0.4285714285714285,9,1.567986230636833,0,10,7,5,21,16,4,4,7,24,17,6,D
2023-08-19,Almeria,Real Madrid,19,1.0512820512820513,-0.46153846153846156,1.65,1.2564102564102564,1.7179487179487178,1,2.168831168831169,1.1688311688311688,2.0256410256410255,2.038961038961039,0.8701298701298701,4.17948717948718,6.376623376623376,5.487179487179487,3.4935064935064934,4.0,5.8311688311688314,2.58974358974359,1.974025974025974,0.3006134969325153,0.319755600814664,0.6384615384615384,1.842857142857143,-1.2043956043956046,-18,0.3464519976147883,0,5,6,6,21,19,10,7,4,21,23,-5,A
2023-08-19,Osasuna,Ath Bilbao,9,1.3376623376623376,-0.22077922077922077,1.4736842105263157,0.987012987012987,1.2077922077922079,8,1.3766233766233766,0.11688311688311688,1.1842105263157894,1.1688311688311688,1.051948051948052,3.4545454545454546,4.35064935064935,3.948051948051948,3.4155844155844157,4.402597402597403,6.337662337662338,2.4285714285714284,2.3636363636363638,0.2857142857142857,0.26865671641791045,0.8,0.9571428571428571,-0.15714285714285703,-1,0.8358208955223881,1,9,7,6,19,23,4,3,7,26,18,5,A
2023-08-20,Girona,Getafe,18,1.2820512820512822,0.07692307692307693,1.736842105263158,1.5128205128205128,1.435897435897436,15,1.0649350649350648,-0.24675324675324675,0.6842105263157895,0.8701298701298701,1.1168831168831168,4.384615384615385,3.1948051948051948,4.358974358974359,3.909090909090909,3.7435897435897436,3.3636363636363638,2.58974358974359,3.5194805194805197,0.34502923976608185,0.27235772357723576,0.9666666666666668,0.6324675324675324,0.3341991341991344,-3,1.528405201916496,0,2,5,8,17,28,9,4,2,16,14,-7,H
2023-08-20,Barcelona,Cadiz,2,2.103896103896104,1.0389610389610389,2.263157894736842,1.7922077922077921,0.7532467532467533,14,1.0909090909090908,-0.4935064935064935,0.9473684210526315,0.8571428571428571,1.3506493506493507,5.038961038961039,3.1948051948051948,3.064935064935065,4.9480519480519485,6.0519480519480515,4.246753246753247,2.4935064935064934,3.051948051948052,0.3556701030927835,0.2682926829268293,1.722077922077922,0.5688311688311688,1.1532467532467532,12,3.0273972602739727,0,4,6,7,25,22,10,5,3,21,20,-6,H
2023-08-20,Betis,Ath Madrid,5,1.6623376623376624,0.36363636363636365,1.6842105263157894,1.4285714285714286,1.0649350649350648,3,1.9610389610389611,0.7922077922077922,1.7105263157894737,1.7922077922077921,1.0,4.4935064935064934,4.753246753246753,3.779220779220779,3.090909090909091,4.298701298701299,5.064935064935065,2.5064935064935066,2.7662337662337664,0.3179190751445087,0.3770491803278688,1.2259740259740262,1.5766233766233766,-0.35064935064935043,-2,0.7775947281713346,0,8,5,4,19,17,11,13,7,26,31,-3,D
2023-08-21,Alaves,Sevilla,23,0.7948717948717948,-0.8974358974358975,1.3157894736842106,0.7948717948717948,1.6923076923076923,7,1.5454545454545454,0.19480519480519481,1.3421052631578947,1.3116883116883118,1.1168831168831168,3.128205128205128,3.857142857142857,4.435897435897436,3.8181818181818183,3.6666666666666665,4.662337662337662,2.4871794871794872,3.064935064935065,0.2540983606557377,0.3400673400673401,0.28717948717948716,1.0935064935064935,-0.8063270063270064,-16,0.26262257141116996,0,3,3,10,16,24,2,4,7,15,19,1,H
2023-08-21,Granada,Vallecano,21,0.9743589743589743,-0.48717948717948717,1.1578947368421053,1.1538461538461537,1.641025641025641,11,1.2207792207792207,-0.22077922077922077,0.8461538461538461,1.1168831168831168,1.3376623376623376,3.58974358974359,3.896103896103896,5.256410256410256,4.1688311688311686,4.17948717948718,4.961038961038961,2.7948717948717947,2.5974025974025974,0.32142857142857145,0.2866666666666667,0.5717948717948718,0.7675324675324675,-0.19573759573759575,-10,0.7449780901557551,1,7,8,7,22,24,6,6,8,23,20,1,A
2023-08-25,Celta,Real Madrid,12,1.1538461538461537,-0.15384615384615385,1.3333333333333333,1.1153846153846154,1.2692307692307692,1,2.1794871794871793,1.1794871794871795,2.05,2.051282051282051,0.8717948717948718,4.012820512820513,6.410256410256411,3.58974358974359,3.551282051282051,4.6923076923076925,5.82051282051282,2.358974358974359,1.9487179487179487,0.2779552715654952,0.32,0.7538461538461537,1.853846153846154,-1.1,-11,0.40663900414937754,0,5,4,6,27,16,13,10,4,25,25,-8,A
2023-08-26,Cadiz,Almeria,14,1.0769230769230769,-0.5128205128205128,1.2307692307692308,0.8461538461538461,1.358974358974359,19,1.025,-0.5,0.42105263157894735,1.25,1.75,3.1666666666666665,4.275,5.012820512820513,5.575,4.217948717948718,4.0,3.051282051282051,2.55,0.26720647773279355,0.29239766081871343,0.5538461538461539,0.6124999999999999,-0.058653846153846056,5,0.904238618524333,1,7,3,5,18,28,2,4,9,26,25,5,D
2023-08-26,Granada,Mallorca,21,0.95,-0.525,1.1,1.125,1.65,13,1.1538461538461537,-0.4358974358974359,0.717948717948718,0.9487179487179487,1.3846153846153846,3.675,3.2564102564102564,5.35,4.012820512820513,4.2,4.0,2.8,3.1666666666666665,0.30612244897959184,0.29133858267716534,0.5425,0.6358974358974359,-0.09339743589743588,-8,0.853125,1,4,2,7,22,25,7,5,5,11,23,-3,H
2023-08-26,Sevilla,Girona,7,1.5256410256410255,0.1794871794871795,1.7435897435897436,1.3333333333333333,1.1538461538461537,18,1.325,0.15,0.85,1.55,1.4,3.8333333333333335,4.425,3.858974358974359,4.3,4.653846153846154,3.725,3.051282051282051,2.575,0.34782608695652173,0.3502824858757062,1.0833333333333333,1.0175,0.06583333333333319,11,1.0647010647010646,1,1,7,11,13,26,5,7,6,20,25,-4,A
2023-08-27,Villarreal,Barcelona,6,1.6153846153846154,0.5769230769230769,1.9230769230769231,1.5897435897435896,1.0128205128205128,2,2.1153846153846154,1.0512820512820513,1.9487179487179487,1.794871794871795,0.7435897435897436,4.82051282051282,5.102564102564102,3.7435897435897436,3.0384615384615383,5.435897435897436,6.102564102564102,2.3205128205128207,2.5128205128205128,0.32978723404255317,0.35175879396984927,1.2987179487179485,1.7320512820512821,-0.43333333333333357,-4,0.7498149518874906,0,7,7,6,24,21,7,7,5,31,17,0,A
2023-08-27,Valencia,Osasuna,11,1.2307692307692308,-0.07692307692307693,1.4871794871794872,1.1923076923076923,1.2692307692307692,9,1.3205128205128205,-0.24358974358974358,1.205128205128205,0.9743589743589743,1.2179487179487178,3.8333333333333335,3.5,4.089743589743589,3.923076923076923,5.230769230769231,4.410256410256411,3.076923076923077,2.423076923076923,0.3110367892976589,0.2783882783882784,0.8307692307692308,0.782051282051282,0.04871794871794877,-2,1.0622950819672132,1,8,6,5,19,15,9,7,5,24,20,-1,A
2023-08-27,Ath Bilbao,Betis,8,1.3974358974358974,0.14102564102564102,1.564102564102564,1.1794871794871795,1.0384615384615385,5,1.6538461538461537,0.358974358974359,1.641025641025641,1.4102564102564104,1.0512820512820513,4.32051282051282,4.435897435897436,3.4615384615384617,3.7435897435897436,6.294871794871795,4.269230769230769,2.41025641025641,2.5,0.27299703264094954,0.3179190751445087,0.9769230769230769,1.2166666666666666,-0.23974358974358967,-3,0.802950474183351,1,4,3,6,25,22,8,5,4,19,14,-4,H
2023-08-28,Getafe,Alaves,15,1.0512820512820513,-0.28205128205128205,1.435897435897436,0.8589743589743589,1.141025641025641,23,0.85,-0.85,0.3,0.875,1.725,3.1794871794871793,3.225,3.9358974358974357,4.375,3.3461538461538463,3.675,3.5384615384615383,2.45,0.2701612903225806,0.2713178294573643,0.6128205128205129,0.345,0.2678205128205129,8,1.7762913415087331,0,8,3,4,13,16,6,7,9,22,19,2,H
2023-08-28,Vallecano,Ath Madrid,10,1.2435897435897436,-0.19230769230769232,1.605263157894737,1.1282051282051282,1.3205128205128205,3,1.9487179487179487,0.782051282051282,1.6923076923076923,1.7692307692307692,0.9871794871794872,3.9615384615384617,4.705128205128205,4.205128205128205,3.051282051282051,4.9743589743589745,5.089743589743589,2.576923076923077,2.7435897435897436,0.284789644012945,0.3760217983651226,0.7897435897435897,1.5628205128205128,-0.7730769230769231,-7,0.505332239540607,0,9,7,6,27,21,9,10,7,22,29,0,A
2023-09-01,Cadiz,Villarreal,15,1.0759493670886076,-0.5063291139240507,1.225,0.8481012658227848,1.3544303797468353,6,1.5949367088607596,0.5569620253164557,1.3076923076923077,1.6075949367088607,1.0506329113924051,3.1645569620253164,4.8354430379746836,4.974683544303797,3.8354430379746836,4.253164556962025,5.3924050632911396,3.0253164556962027,2.329113924050633,0.268,0.3324607329842932,0.5556962025316455,1.2860759493670886,-0.730379746835443,-9,0.4320866141732283,0,8,4,4,13,23,4,8,10,23,24,4,H
2023-09-01,Almeria,Celta,19,1.024390243902439,-0.4878048780487805,1.5714285714285714,1.2439024390243902,1.7317073170731707,12,1.139240506329114,-0.16455696202531644,0.9743589743589743,1.1012658227848102,1.2658227848101267,4.219512195121951,4.012658227848101,5.512195121951219,3.5822784810126582,3.975609756097561,4.670886075949367,2.6341463414634148,2.3544303797468356,0.2947976878612717,0.2744479495268139,0.6146341463414634,0.7405063291139241,-0.1258721827724607,-7,0.8300187617260787,1,3,5,9,26,26,4,3,6,24,15,-1,A
2023-09-02,Real Madrid,Getafe,1,2.189873417721519,1.1772151898734178,2.3157894736842106,2.037974683544304,0.8607594936708861,15,1.0759493670886076,-0.26582278481012656,0.6666666666666666,0.8607594936708861,1.1265822784810127,6.367088607594937,3.189873417721519,3.5569620253164556,3.911392405063291,5.810126582278481,3.3544303797468356,1.9620253164556962,3.5063291139240507,0.32007952286282304,0.2698412698412698,1.8556962025316457,0.6303797468354431,1.2253164556962026,14,2.9437751004016066,0,13,9,3,25,23,8,3,4,15,14,5,H
2023-09-02,Sociedad,Granada,4,1.7215189873417722,0.24050632911392406,1.875,1.1772151898734178,0.9367088607594937,20,1.0,-0.4878048780487805,0.8,1.170731707317073,1.6585365853658536,4.329113924050633,3.682926829268293,3.481012658227848,5.341463414634147,4.708860759493671,4.219512195121951,2.3037974683544302,2.7804878048780486,0.2719298245614035,0.31788079470198677,1.1683544303797468,0.5878048780487805,0.5805495523309664,16,1.9876569147539263,0,6,5,5,16,21,4,4,9,24,29,2,H
2023-09-02,Betis,Vallecano,5,1.6329113924050633,0.3291139240506329,1.6666666666666667,1.4177215189873418,1.0886075949367089,10,1.2278481012658229,-0.27848101265822783,0.9,1.1139240506329113,1.3924050632911393,4.417721518987341,3.949367088607595,3.7721518987341773,4.2784810126582276,4.253164556962025,5.012658227848101,2.4936708860759493,2.5949367088607596,0.3209169054441261,0.28205128205128205,1.1987341772151898,0.7531645569620253,0.4455696202531645,5,1.591596638655462,0,8,7,7,18,18,9,6,11,24,28,-1,H
2023-09-02,Alaves,Valencia,23,0.8292682926829268,-0.8536585365853658,1.4,0.8536585365853658,1.7073170731707317,11,1.2151898734177216,-0.08860759493670886,0.9743589743589743,1.1898734177215189,1.2784810126582278,3.1951219512195124,3.8354430379746836,4.365853658536586,4.063291139240507,3.707317073170732,5.2405063291139244,2.4390243902439024,3.0759493670886076,0.26717557251908397,0.3102310231023102,0.3292682926829268,0.8189873417721518,-0.48971904908922503,-12,0.402043201266634,0,3,5,9,15,20,8,7,6,18,14,-5,H
2023-09-03,Girona,Las Palmas,18,1.3658536585365855,0.17073170731707318,1.8,1.5609756097560976,1.3902439024390243,24,0.6666666666666666,-0.3333333333333333,0.0,0.3333333333333333,0.6666666666666666,4.390243902439025,2.6666666666666665,4.2926829268292686,2.3333333333333335,3.7804878048780486,4.0,2.5365853658536586,1.3333333333333333,0.35555555555555557,0.125,1.0463414634146342,0.3,0.7463414634146341,6,3.487804878048781,0,7,8,6,19,22,2,1,2,8,7,5,H
2023-09-03,Mallorca,Ath Bilbao,13,1.139240506329114,-0.4430379746835443,1.5897435897435896,0.9620253164556962,1.4050632911392404,8,1.4177215189873418,0.16455696202531644,1.2307692307692308,1.2151898734177216,1.0506329113924051,3.278481012658228,4.341772151898734,4.012658227848101,3.4556962025316458,3.9873417721518987,6.2784810126582276,3.2151898734177213,2.430379746835443,0.29343629343629346,0.27988338192419826,0.6291139240506329,1.0012658227848101,-0.3721518987341772,-5,0.6283185840707964,0,4,6,8,13,22,7,7,6,26,22,-3,D
2023-09-03,Osasuna,Barcelona,9,1.3417721518987342,-0.22784810126582278,1.435897435897436,0.9873417721518988,1.2151898734177216,2,2.1265822784810124,1.0506329113924051,1.975,1.8227848101265822,0.7721518987341772,3.481012658227848,5.177215189873418,3.9240506329113924,3.0759493670886076,4.3924050632911396,6.10126582278481,2.4430379746835444,2.518987341772152,0.28363636363636363,0.35207823960880197,0.8,1.743037974683544,-0.943037974683544,-7,0.458968772694263,0,9,7,6,23,19,10,10,5,36,19,-1,A
2023-09-15,Vallecano,Alaves,10,1.2125,-0.2875,1.564102564102564,1.1,1.3875,22,0.8809523809523809,-0.8095238095238095,0.2857142857142857,0.8571428571428571,1.6666666666666667,3.975,3.142857142857143,4.2875,4.357142857142857,4.9875,3.642857142857143,2.625,2.4761904761904763,0.27672955974842767,0.2727272727272727,0.74,0.36904761904761907,0.3709523809523809,12,2.0051612903225804,0,6,4,11,26,31,6,5,6,14,19,0,H
2023-09-16,Ath Bilbao,Cadiz,8,1.4125,0.1625,1.6,1.2,1.0375,14,1.1,-0.475,0.9230769230769231,0.875,1.35,4.325,3.175,3.4375,4.95,6.2625,4.2875,2.4125,3.05,0.2774566473988439,0.2755905511811024,0.995,0.5825000000000001,0.41249999999999987,6,1.708154506437768,0,8,7,5,21,22,8,6,5,14,22,0,H
2023-09-16,Valencia,Ath Madrid,11,1.2,-0.1,1.45,1.175,1.275,3,1.9620253164556962,0.8607594936708861,1.725,1.8354430379746836,0.9746835443037974,3.8375,4.772151898734177,4.025,3.050632911392405,5.2,5.063291139240507,3.0625,2.7468354430379747,0.30618892508143325,0.38461538461538464,0.8049999999999999,1.6063291139240505,-0.8013291139240506,-8,0.5011426319936958,0,7,5,5,18,10,11,14,4,25,19,-4,H
2023-09-16,Celta,Mallorca,12,1.1625,-0.15,1.3,1.125,1.275,13,1.1375,-0.4375,0.7,0.95,1.3875,4.0625,3.2625,3.6,4.0,4.675,3.975,2.3375,3.175,0.27692307692307694,0.29118773946360155,0.76125,0.6275,0.13375000000000004,1,1.2131474103585658,1,7,6,7,28,17,5,6,5,14,16,2,A
2023-09-16,Barcelona,Betis,2,2.1375,1.05,2.282051282051282,1.825,0.775,5,1.65,0.3375,1.6,1.4125,1.075,5.1625,4.425,3.075,3.8,6.0875,4.225,2.525,2.5,0.35351089588377727,0.3192090395480226,1.74875,1.20875,0.54,3,1.4467425025853153,0,10,9,6,31,21,8,6,6,16,21,2,H
2023-09-17,Villarreal,Almeria,6,1.575,0.525,1.875,1.6,1.075,19,1.0,-0.5,0.45,1.2619047619047619,1.7619047619047619,4.8125,4.238095238095238,3.8375,5.571428571428571,5.3625,4.023809523809524,2.3625,2.5952380952380953,0.33246753246753247,0.29775280898876405,1.2650000000000001,0.6023809523809524,0.6626190476190478,13,2.1000000000000005,0,4,8,11,24,24,2,7,12,24,32,2,H
2023-09-17,Getafe,Osasuna,15,1.0625,-0.275,1.475,0.8625,1.1375,9,1.325,-0.2375,1.25,0.9875,1.225,3.175,3.475,4.0125,3.925,3.325,4.4375,3.5375,2.4375,0.27165354330708663,0.2841726618705036,0.62125,0.78875,-0.16749999999999998,-6,0.7876386687797148,1,5,2,5,11,24,9,7,6,24,17,-4,H
2023-09-17,Real Madrid,Sociedad,1,2.2,1.175,2.3333333333333335,2.0375,0.8625,4,1.7375,0.2625,1.564102564102564,1.225,0.9625,6.4375,4.35,3.5375,3.5,5.875,4.675,1.9625,2.2875,0.31650485436893205,0.28160919540229884,1.86,1.1925000000000001,0.6675,3,1.5597484276729559,0,13,9,3,34,24,9,9,6,17,21,4,H
2023-09-17,Sevilla,Las Palmas,7,1.5063291139240507,0.16455696202531644,1.7,1.3291139240506329,1.1645569620253164,24,0.5,-0.5,0.0,0.25,0.75,3.8354430379746836,3.25,3.848101265822785,3.25,4.670886075949367,4.25,3.037974683544304,1.75,0.3465346534653465,0.07692307692307693,1.068354430379747,0.15000000000000002,0.918354430379747,17,7.122362869198312,0,0,7,12,14,22,2,1,3,13,13,-2,H
2023-09-18,Granada,Girona,20,0.9761904761904762,-0.5238095238095238,1.1904761904761905,1.2142857142857142,1.7380952380952381,18,1.4047619047619047,0.19047619047619047,0.9523809523809523,1.5476190476190477,1.3571428571428572,3.7142857142857144,4.428571428571429,5.357142857142857,4.309523809523809,4.238095238095238,3.761904761904762,2.8333333333333335,2.5476190476190474,0.3269230769230769,0.34946236559139787,0.5738095238095238,1.069047619047619,-0.49523809523809526,-2,0.5367483296213809,0,4,7,12,25,31,10,8,4,22,20,-6,A
2023-09-22,Alaves,Ath Bilbao,22,0.8604651162790697,-0.8372093023255814,1.4761904761904763,0.8372093023255814,1.6744186046511629,8,1.4320987654320987,0.19753086419753085,1.225,1.2222222222222223,1.0246913580246915,3.0930232558139537,4.382716049382716,4.511627906976744,3.4444444444444446,3.627906976744186,6.246913580246914,2.488372093023256,2.3950617283950617,0.2706766917293233,0.27887323943661974,0.34651162790697676,1.019753086419753,-0.6732414585127763,-14,0.3397995382622896,0,6,5,7,13,24,10,9,4,21,24,-4,A
2023-09-23,Girona,Mallorca,18,1.441860465116279,0.23255813953488372,1.8571428571428572,1.6046511627906976,1.372093023255814,12,1.1604938271604939,-0.41975308641975306,0.7560975609756098,0.9506172839506173,1.3703703703703705,4.488372093023256,3.271604938271605,4.325581395348837,4.0,3.7906976744186047,3.9382716049382718,2.558139534883721,3.1728395061728394,0.35751295336787564,0.29056603773584905,1.1116279069767443,0.6444444444444445,0.4671834625322998,-6,1.7249398556535687,0,13,11,4,23,18,5,4,5,14,16,8,H
2023-09-23,Osasuna,Sevilla,9,1.308641975308642,-0.24691358024691357,1.4,1.0,1.2469135802469136,7,1.525,0.175,1.3076923076923077,1.325,1.15,3.4691358024691357,3.9,3.950617283950617,3.825,4.419753086419753,4.7,2.432098765432099,3.0375,0.28825622775800713,0.33974358974358976,0.780246913580247,1.08,-0.29975308641975307,-2,0.7224508459076361,0,6,7,8,20,17,3,7,10,22,21,3,D
2023-09-23,Barcelona,Celta,2,2.1481481481481484,1.0987654320987654,2.3,1.8641975308641976,0.7654320987654321,13,1.1481481481481481,-0.16049382716049382,1.025,1.1111111111111112,1.271604938271605,5.209876543209877,4.061728395061729,3.0617283950617282,3.6049382716049383,6.1234567901234565,4.7407407407407405,2.506172839506173,2.3209876543209877,0.3578199052132701,0.2735562310030395,1.7765432098765435,0.7481481481481481,1.0283950617283955,11,2.374587458745875,0,13,13,4,38,14,4,4,7,23,19,9,H
2023-09-23,Almeria,Valencia,19,0.9767441860465116,-0.5116279069767442,1.5,1.255813953488372,1.7674418604651163,11,1.2222222222222223,-0.06172839506172839,0.95,1.1975308641975309,1.2592592592592593,4.3023255813953485,3.888888888888889,5.534883720930233,4.012345679012346,4.069767441860465,5.197530864197531,2.604651162790698,3.037037037037037,0.2918918918918919,0.30793650793650795,0.586046511627907,0.8320987654320988,-0.24605225380419182,-8,0.7042992202056448,1,1,5,11,27,28,9,7,4,23,10,-8,D
2023-09-24,Vallecano,Villarreal,11,1.2345679012345678,-0.25925925925925924,1.6,1.1111111111111112,1.3703703703703705,6,1.5925925925925926,0.5308641975308642,1.275,1.6049382716049383,1.0740740740740742,4.061728395061729,4.802469135802469,4.246913580246914,3.876543209876543,4.987654320987654,5.382716049382716,2.617283950617284,2.3580246913580245,0.2735562310030395,0.3341902313624679,0.7617283950617284,1.2765432098765432,-0.5148148148148148,-5,0.5967117988394584,0,9,6,8,33,28,6,8,10,21,28,3,D
2023-09-24,Las Palmas,Granada,24,0.4,-0.6,1.0,0.2,0.8,20,0.9534883720930233,-0.5581395348837209,0.7619047619047619,1.2325581395348837,1.7906976744186047,3.0,3.744186046511628,4.4,5.395348837209302,4.0,4.232558139534884,2.4,2.8372093023255816,0.06666666666666667,0.32919254658385094,0.060000000000000026,0.5558139534883721,-0.4958139534883721,-4,0.10794979079497911,0,2,1,4,15,22,3,9,16,25,33,-1,H
2023-09-24,Sociedad,Getafe,4,1.7160493827160495,0.24691358024691357,1.9024390243902438,1.2222222222222223,0.9753086419753086,14,1.0864197530864197,-0.25925925925925924,0.65,0.8888888888888888,1.1481481481481481,4.3580246913580245,3.2098765432098766,3.5555555555555554,4.0,4.654320987654321,3.3580246913580245,2.2839506172839505,3.567901234567901,0.2804532577903683,0.27692307692307694,1.1765432098765434,0.6432098765432098,0.5333333333333335,10,1.829174664107486,0,6,8,7,16,25,7,5,7,16,27,-1,H
2023-09-24,Ath Madrid,Real Madrid,3,1.9375,0.8125,2.2051282051282053,1.8125,1.0,1,2.2098765432098766,1.1728395061728396,2.073170731707317,2.037037037037037,0.8641975308641975,4.75,6.45679012345679,3.1125,3.5555555555555554,5.1,5.851851851851852,2.775,1.9753086419753085,0.3815789473684211,0.3154875717017208,1.575,1.8641975308641976,-0.28919753086419764,-2,0.8448675496688741,0,8,12,6,23,22,15,10,3,40,20,-7,H
2023-09-24,Betis,Cadiz,5,1.6296296296296295,0.2716049382716049,1.7,1.3950617283950617,1.123456790123457,15,1.0864197530864197,-0.5061728395061729,0.9,0.8641975308641975,1.3703703703703705,4.395061728395062,3.185185185185185,3.8641975308641974,5.0,4.234567901234568,4.283950617283951,2.493827160493827,3.0617283950617282,0.31741573033707865,0.2713178294573643,1.1753086419753087,0.5641975308641975,0.6111111111111112,10,2.0831509846827134,0,7,5,10,15,27,7,5,7,15,26,0,D
2023-09-26,Sevilla,Almeria,7,1.5185185185185186,0.1728395061728395,1.7317073170731707,1.308641975308642,1.1358024691358024,19,0.9772727272727273,-0.5,0.42857142857142855,1.2727272727272727,1.7727272727272727,3.888888888888889,4.431818181818182,3.802469135802469,5.5227272727272725,4.691358024691358,4.159090909090909,3.037037037037037,2.6363636363636362,0.33650793650793653,0.28717948717948716,1.0728395061728395,0.5931818181818183,0.47965768799102126,12,1.8086183245825644,0,4,6,8,21,17,2,7,11,32,29,2,H
2023-09-26,Mallorca,Barcelona,12,1.146341463414634,-0.43902439024390244,1.575,0.975609756097561,1.4146341463414633,2,2.158536585365854,1.0975609756097562,2.0,1.8780487804878048,0.7804878048780488,3.292682926829268,5.219512195121951,4.073170731707317,3.1097560975609757,3.951219512195122,6.073170731707317,3.1951219512195124,2.5,0.2962962962962963,0.3598130841121495,0.6365853658536584,1.7841463414634147,-1.1475609756097562,-10,0.35680109364319884,0,4,6,9,17,24,15,16,6,40,19,-11,D
2023-09-27,Ath Bilbao,Getafe,8,1.451219512195122,0.21951219512195122,1.6341463414634145,1.2317073170731707,1.0121951219512195,15,1.0731707317073171,-0.2682926829268293,0.6341463414634146,0.9146341463414634,1.1829268292682926,4.365853658536586,3.2560975609756095,3.4634146341463414,4.024390243902439,6.219512195121951,3.3292682926829267,2.3902439024390243,3.548780487804878,0.28212290502793297,0.2808988764044944,1.0378048780487805,0.6390243902439025,0.39878048780487807,7,1.6240458015267176,0,13,11,2,23,21,6,8,11,21,29,7,D
2023-09-27,Real Madrid,Las Palmas,1,2.182926829268293,1.1341463414634145,2.35,2.024390243902439,0.8902439024390244,24,0.8333333333333334,-0.3333333333333333,0.0,0.3333333333333333,0.6666666666666666,6.439024390243903,3.0,3.5609756097560976,3.8333333333333335,5.914634146341464,4.333333333333333,1.9878048780487805,3.1666666666666665,0.3143939393939394,0.1111111111111111,1.8365853658536584,0.38333333333333336,1.453252032520325,23,4.791092258748674,0,12,9,6,37,23,4,1,3,16,21,8,H
2023-09-27,Villarreal,Girona,6,1.5853658536585367,0.524390243902439,1.9024390243902438,1.5975609756097562,1.0731707317073171,18,1.4772727272727273,0.2727272727272727,1.0454545454545454,1.6818181818181819,1.4090909090909092,4.817073170731708,4.613636363636363,3.902439024390244,4.340909090909091,5.414634146341464,3.840909090909091,2.3780487804878048,2.522727272727273,0.33164556962025316,0.3645320197044335,1.2695121951219512,1.1568181818181817,0.11269401330376949,12,1.0974172217164215,1,7,8,9,22,29,15,15,6,32,21,-8,A
2023-09-27,Cadiz,Vallecano,15,1.0853658536585367,-0.5,1.2682926829268293,0.8658536585365854,1.3658536585365855,10,1.2317073170731707,-0.25609756097560976,0.8780487804878049,1.1097560975609757,1.3658536585365855,3.158536585365854,4.085365853658536,5.024390243902439,4.2682926829268295,4.329268292682927,4.951219512195122,3.0609756097560976,2.6097560975609757,0.27413127413127414,0.2716417910447761,0.5658536585365854,0.7609756097560976,-0.19512195121951215,-5,0.7435897435897436,1,5,5,8,13,31,7,5,9,35,29,-2,D
2023-09-27,Valencia,Sociedad,11,1.2195121951219512,-0.06097560975609756,1.4878048780487805,1.2073170731707317,1.2682926829268293,4,1.7317073170731707,0.25609756097560976,1.525,1.2560975609756098,1.0,3.902439024390244,4.378048780487805,4.085365853658536,3.597560975609756,5.170731707317073,4.621951219512195,3.024390243902439,2.292682926829268,0.309375,0.28690807799442897,0.8329268292682926,1.1939024390243902,-0.36097560975609755,-7,0.6976506639427987,0,7,7,5,25,17,8,11,9,20,31,-1,A
2023-09-28,Celta,Alaves,13,1.1341463414634145,-0.17073170731707318,1.2682926829268293,1.1219512195121952,1.2926829268292683,22,0.8409090909090909,-0.8636363636363636,0.2727272727272727,0.8181818181818182,1.6818181818181819,4.097560975609756,3.1363636363636362,3.6341463414634148,4.4772727272727275,4.719512195121951,3.6136363636363638,2.3048780487804876,2.477272727272727,0.27380952380952384,0.2608695652173913,0.7402439024390244,0.32500000000000007,0.4152439024390243,9,2.2776735459662283,0,4,6,8,29,20,6,5,8,16,24,-2,D
2023-09-28,Granada,Betis,20,0.9318181818181818,-0.5681818181818182,1.1363636363636365,1.2045454545454546,1.7727272727272727,5,1.6219512195121952,0.2682926829268293,1.5609756097560976,1.3902439024390243,1.1219512195121952,3.6818181818181817,4.426829268292683,5.340909090909091,3.8292682926829267,4.295454545454546,4.317073170731708,2.8636363636363638,2.4878048780487805,0.3271604938271605,0.3140495867768595,0.5363636363636364,1.1695121951219511,-0.6331485587583148,-15,0.45862167030050244,0,3,8,14,22,30,5,4,10,17,23,-2,D
2023-09-28,Osasuna,Ath Madrid,9,1.3048780487804879,-0.24390243902439024,1.3902439024390243,0.9878048780487805,1.2317073170731707,3,1.9506172839506173,0.8271604938271605,1.6829268292682926,1.8271604938271604,1.0,3.451219512195122,4.7407407407407405,3.9390243902439024,3.1358024691358026,4.451219512195122,5.111111111111111,2.426829268292683,2.753086419753086,0.2862190812720848,0.3854166666666667,0.776829268292683,1.5888888888888888,-0.8120596205962058,-6,0.4889135254988914,0,4,5,8,17,19,10,13,5,24,20,-6,A
2023-09-29,Barcelona,Sevilla,2,2.144578313253012,1.0843373493975903,2.317073170731707,1.8795180722891567,0.7951807228915663,7,1.5365853658536586,0.21951219512195122,1.3,1.353658536585366,1.1341463414634145,5.204819277108434,3.951219512195122,3.1325301204819276,3.768292682926829,6.024096385542169,4.7439024390243905,2.4819277108433737,3.0365853658536586,0.3611111111111111,0.3425925925925926,1.7734939759036146,1.104878048780488,0.6686159271231267,5,1.6051490731136466,0,13,16,8,34,23,7,10,7,27,15,6,H
2023-09-30,Vallecano,Mallorca,10,1.2289156626506024,-0.25301204819277107,1.5853658536585367,1.0963855421686748,1.3493975903614457,12,1.144578313253012,-0.43373493975903615,0.7380952380952381,0.9879518072289156,1.4216867469879517,4.0843373493975905,3.3132530120481927,4.240963855421687,4.072289156626506,4.9156626506024095,3.9879518072289155,2.6626506024096384,3.216867469879518,0.26843657817109146,0.29818181818181816,0.7578313253012048,0.6397590361445783,0.11807228915662649,2,1.1845574387947269,1,5,3,9,30,24,5,8,10,21,25,0,D
2023-09-30,Getafe,Villarreal,15,1.072289156626506,-0.26506024096385544,1.5121951219512195,0.927710843373494,1.1927710843373494,6,1.5662650602409638,0.5060240963855421,1.2682926829268293,1.5903614457831325,1.0843373493975903,3.2771084337349397,4.795180722891566,4.024096385542169,3.9156626506024095,3.3373493975903616,5.409638554216867,3.5783132530120483,2.3855421686746987,0.28308823529411764,0.3316582914572864,0.6421686746987951,1.2530120481927711,-0.610843373493976,-9,0.5125,0,7,10,10,24,27,4,8,11,22,33,3,D
2023-09-30,Sociedad,Ath Bilbao,4,1.7469879518072289,0.26506024096385544,1.9285714285714286,1.2530120481927711,0.9879518072289156,8,1.4457831325301205,0.21686746987951808,1.2682926829268293,1.2409638554216869,1.0240963855421688,4.337349397590361,4.36144578313253,3.5783132530120483,3.4819277108433737,4.590361445783133,6.204819277108434,2.3493975903614457,2.433734939759036,0.28888888888888886,0.2845303867403315,1.2036144578313253,1.036144578313253,0.16746987951807224,4,1.1616279069767441,1,10,11,8,19,27,11,11,4,25,19,-1,H
2023-09-30,Girona,Real Madrid,17,1.511111111111111,0.28888888888888886,1.9090909090909092,1.6888888888888889,1.4,1,2.1927710843373496,1.144578313253012,2.0238095238095237,2.0240963855421685,0.8795180722891566,4.622222222222222,6.469879518072289,4.311111111111111,3.5421686746987953,3.888888888888889,5.927710843373494,2.511111111111111,1.963855421686747,0.36538461538461536,0.3128491620111732,1.18,1.8445783132530122,-0.6645783132530123,-16,0.6397126061397779,0,15,14,7,31,22,12,8,5,37,17,3,A
2023-10-01,Almeria,Granada,19,0.9555555555555556,-0.5777777777777777,1.4782608695652173,1.2666666666666666,1.8444444444444446,20,0.9333333333333333,-0.5555555555555556,0.7272727272727273,1.2,1.7555555555555555,4.355555555555555,3.7555555555555555,5.6,5.288888888888889,4.155555555555556,4.311111111111111,2.6222222222222222,2.8444444444444446,0.29081632653061223,0.31952662721893493,0.5577777777777779,0.54,0.017777777777777892,1,1.0329218106995888,1,2,7,13,25,29,4,9,13,22,24,-2,D
2023-10-01,Alaves,Osasuna,22,0.8444444444444444,-0.8444444444444444,1.4090909090909092,0.8222222222222222,1.6666666666666667,9,1.2891566265060241,-0.26506024096385544,1.2195121951219512,0.9759036144578314,1.2409638554216869,3.311111111111111,3.433734939759036,4.377777777777778,3.927710843373494,3.7111111111111112,4.481927710843373,2.488888888888889,2.4457831325301207,0.2483221476510067,0.28421052631578947,0.33333333333333337,0.7602409638554217,-0.42690763052208835,-13,0.43845747490755416,0,4,2,6,20,22,4,5,8,12,20,0,A
2023-10-01,Ath Madrid,Cadiz,3,1.9634146341463414,0.8414634146341463,2.225,1.829268292682927,0.9878048780487805,15,1.0843373493975903,-0.4939759036144578,0.9024390243902439,0.8554216867469879,1.3493975903614457,4.719512195121951,3.144578313253012,3.1219512195121952,5.0120481927710845,5.073170731707317,4.289156626506024,2.768292682926829,3.0843373493975905,0.3875968992248062,0.2720306513409962,1.6,0.5650602409638554,1.0349397590361447,12,2.8315565031982945,0,10,12,4,21,18,6,5,6,14,25,4,H
2023-10-01,Betis,Valencia,5,1.6144578313253013,0.26506024096385544,1.6829268292682926,1.3855421686746987,1.1204819277108433,11,1.2048192771084338,-0.07228915662650602,0.9512195121951219,1.1927710843373494,1.2650602409638554,4.409638554216867,3.8795180722891565,3.8674698795180724,4.048192771084337,4.349397590361446,5.108433734939759,2.4698795180722892,3.0481927710843375,0.31420765027322406,0.30745341614906835,1.1638554216867472,0.819277108433735,0.34457831325301214,6,1.4205882352941177,0,5,5,11,20,29,4,6,6,23,17,1,H
2023-10-02,Las Palmas,Celta,24,0.7142857142857143,-0.5714285714285714,1.6666666666666667,0.2857142857142857,0.8571428571428571,13,1.1325301204819278,-0.1686746987951807,1.0,1.1204819277108433,1.2891566265060241,2.857142857142857,4.048192771084337,4.571428571428571,3.7228915662650603,4.0,4.686746987951807,2.857142857142857,2.3493975903614457,0.1,0.2767857142857143,0.24285714285714288,0.7397590361445784,-0.4969018932874355,-11,0.32829222894369475,0,4,1,4,17,26,4,6,8,23,29,0,H
2023-10-06,Ath Bilbao,Almeria,8,1.4285714285714286,0.17857142857142858,1.619047619047619,1.2261904761904763,1.0476190476190477,19,0.9565217391304348,-0.5652173913043478,0.4090909090909091,1.3043478260869565,1.8695652173913044,4.345238095238095,4.369565217391305,3.5,5.565217391304348,6.214285714285714,4.086956521739131,2.4285714285714284,2.608695652173913,0.2821917808219178,0.29850746268656714,1.013095238095238,0.5695652173913044,0.44353002070393366,11,1.7787168302435477,0,8,7,5,22,21,2,9,15,28,30,6,H
2023-10-07,Mallorca,Valencia,12,1.1428571428571428,-0.42857142857142855,1.5609756097560976,1.0,1.4285714285714286,11,1.1904761904761905,-0.10714285714285714,0.9285714285714286,1.1785714285714286,1.2857142857142858,3.3214285714285716,3.857142857142857,4.083333333333333,4.083333333333333,3.9404761904761907,5.083333333333333,3.238095238095238,3.0357142857142856,0.3010752688172043,0.3055555555555556,0.6428571428571428,0.7988095238095239,-0.15595238095238106,-1,0.8047690014903128,1,6,8,9,20,26,4,5,7,21,22,2,D
2023-10-07,Sevilla,Vallecano,7,1.5180722891566265,0.20481927710843373,1.7619047619047619,1.3373493975903614,1.1325301204819278,10,1.2261904761904763,-0.25,0.8809523809523809,1.1071428571428572,1.3571428571428572,3.9397590361445785,4.095238095238095,3.783132530120482,4.238095238095238,4.72289156626506,4.916666666666667,3.036144578313253,2.6547619047619047,0.3394495412844037,0.2703488372093023,1.0879518072289156,0.7595238095238096,0.328427997705106,3,1.4324130377308606,0,7,7,4,28,13,6,5,4,32,18,1,D
2023-10-07,Cadiz,Girona,15,1.0714285714285714,-0.5,1.2619047619047619,0.8690476190476191,1.369047619047619,17,1.4782608695652173,0.21739130434782608,1.1304347826086956,1.6521739130434783,1.434782608695652,3.1547619047619047,4.586956521739131,5.059523809523809,4.369565217391305,4.273809523809524,3.8260869565217392,3.0833333333333335,2.5,0.27547169811320754,0.36018957345971564,0.5595238095238095,1.134782608695652,-0.5752587991718425,2,0.4930669585842,0,5,6,8,15,32,12,12,9,31,25,-7,A
2023-10-07,Real Madrid,Osasuna,1,2.2023809523809526,1.1666666666666667,2.3658536585365852,2.0357142857142856,0.8690476190476191,9,1.3095238095238095,-0.23809523809523808,1.2619047619047619,0.9880952380952381,1.2261904761904763,6.476190476190476,3.4285714285714284,3.5357142857142856,3.9166666666666665,5.904761904761905,4.4523809523809526,1.9761904761904763,2.4523809523809526,0.31433823529411764,0.2881944444444444,1.8583333333333334,0.7809523809523811,1.0773809523809523,8,2.379573170731707,0,12,10,5,41,16,4,5,7,13,19,8,H
2023-10-08,Alaves,Betis,22,0.8260869565217391,-0.8695652173913043,1.3478260869565217,0.8043478260869565,1.673913043478261,5,1.630952380952381,0.2976190476190476,1.5476190476190477,1.4047619047619047,1.1071428571428572,3.3043478260869565,4.440476190476191,4.3478260869565215,3.8452380952380953,3.717391304347826,4.357142857142857,2.5,2.4642857142857144,0.24342105263157895,0.3163538873994638,0.3130434782608696,1.1857142857142857,-0.8726708074534162,-17,0.26401257202723943,0,4,2,7,21,21,8,6,7,24,25,-4,D
2023-10-08,Ath Madrid,Sociedad,3,1.9759036144578312,0.8433734939759037,2.2439024390243905,1.8433734939759037,1.0,4,1.7619047619047619,0.2976190476190476,1.5609756097560976,1.2738095238095237,0.9761904761904762,4.771084337349397,4.345238095238095,3.1325301204819276,3.5714285714285716,5.072289156626506,4.595238095238095,2.746987951807229,2.3452380952380953,0.38636363636363635,0.29315068493150687,1.6096385542168674,1.225,0.3846385542168673,1,1.313990656503565,0,12,15,6,29,22,12,14,8,23,25,0,H
2023-10-08,Granada,Barcelona,20,0.9347826086956522,-0.5434782608695652,1.1304347826086956,1.2391304347826086,1.7826086956521738,2,2.1547619047619047,1.0833333333333333,1.9761904761904763,1.869047619047619,0.7857142857142857,3.760869565217391,5.2023809523809526,5.282608695652174,3.130952380952381,4.326086956521739,6.107142857142857,2.8043478260869565,2.4761904761904763,0.32947976878612717,0.35926773455377575,0.5521739130434783,1.776190476190476,-1.2240165631469977,-18,0.3108753934024945,0,2,9,14,22,24,13,13,5,28,20,-11,D
2023-10-08,Celta,Getafe,13,1.119047619047619,-0.17857142857142858,1.2619047619047619,1.119047619047619,1.2976190476190477,14,1.0714285714285714,-0.2619047619047619,0.6428571428571429,0.9166666666666666,1.1785714285714286,4.035714285714286,3.3452380952380953,3.738095238095238,3.9761904761904763,4.690476190476191,3.369047619047619,2.3333333333333335,3.5595238095238093,0.27728613569321536,0.27402135231316727,0.7297619047619047,0.6404761904761904,0.0892857142857143,1,1.1394052044609666,1,4,7,9,22,31,5,9,10,29,25,-1,D
2023-10-08,Villarreal,Las Palmas,6,1.5595238095238095,0.5,1.8571428571428572,1.5714285714285714,1.0714285714285714,24,1.0,-0.375,0.0,0.5,0.875,4.738095238095238,3.125,3.9761904761904763,4.375,5.392857142857143,4.0,2.4166666666666665,2.75,0.3316582914572864,0.16,1.244047619047619,0.48750000000000004,0.756547619047619,18,2.5518925518925517,0,5,5,7,16,31,6,3,5,17,28,-1,A
2023-10-20,Osasuna,Granada,9,1.2941176470588236,-0.2823529411764706,1.3571428571428572,0.9764705882352941,1.2588235294117647,19,0.9361702127659575,-0.5319148936170213,0.7391304347826086,1.2553191489361701,1.7872340425531914,3.4,3.723404255319149,3.976470588235294,5.382978723404255,4.447058823529412,4.25531914893617,2.447058823529412,2.8297872340425534,0.28719723183391005,0.33714285714285713,0.7576470588235295,0.5595744680851065,0.19807259073842298,10,1.353970029076269,1,4,4,9,11,24,3,8,11,19,28,1,H
2023-10-21,Sevilla,Real Madrid,7,1.5119047619047619,0.20238095238095238,1.744186046511628,1.3452380952380953,1.1428571428571428,1,2.211764705882353,1.2,2.046511627906977,2.0588235294117645,0.8588235294117647,3.9642857142857144,6.5058823529411764,3.7857142857142856,3.5058823529411764,4.809523809523809,5.894117647058824,3.0595238095238093,1.9764705882352942,0.33933933933933935,0.31645569620253167,1.0857142857142859,1.8776470588235292,-0.7919327731092434,-6,0.5782312925170069,0,8,8,4,30,14,12,12,4,38,15,-4,D
2023-10-21,Celta,Ath Madrid,13,1.1176470588235294,-0.17647058823529413,1.255813953488372,1.1294117647058823,1.3058823529411765,3,1.9880952380952381,0.8452380952380952,1.7142857142857142,1.8452380952380953,1.0,4.117647058823529,4.773809523809524,3.7176470588235295,3.142857142857143,4.788235294117647,5.023809523809524,2.3176470588235296,2.75,0.2742857142857143,0.3865336658354115,0.7317647058823529,1.6166666666666667,-0.8849019607843138,-10,0.4526379624014554,0,2,6,9,25,28,12,10,7,24,23,-10,A
2023-10-21,Sociedad,Mallorca,4,1.7411764705882353,0.2823529411764706,1.9534883720930232,1.2705882352941176,0.9882352941176471,12,1.1411764705882352,-0.4235294117647059,0.7441860465116279,1.0,1.423529411764706,4.341176470588235,3.3411764705882354,3.588235294117647,4.070588235294117,4.588235294117647,3.929411764705882,2.3529411764705883,3.223529411764706,0.2926829268292683,0.2992957746478873,1.2094117647058824,0.6435294117647059,0.5658823529411765,8,1.8793418647166362,0,9,10,7,21,25,6,9,10,23,26,3,H
2023-10-21,Getafe,Betis,14,1.0705882352941176,-0.25882352941176473,1.5,0.9294117647058824,1.188235294117647,5,1.6235294117647059,0.29411764705882354,1.5348837209302326,1.4,1.1058823529411765,3.3294117647058825,4.411764705882353,4.0588235294117645,3.8588235294117648,3.3411764705882354,4.341176470588235,3.623529411764706,2.4823529411764707,0.2791519434628975,0.31733333333333336,0.6435294117647059,1.18,-0.536470588235294,-9,0.5453639082751746,0,6,10,10,29,24,6,6,8,21,24,0,D
2023-10-22,Villarreal,Alaves,6,1.5411764705882354,0.4823529411764706,1.813953488372093,1.5647058823529412,1.0823529411764705,22,0.8297872340425532,-0.851063829787234,0.30434782608695654,0.8085106382978723,1.6595744680851063,4.729411764705882,3.3404255319148937,3.988235294117647,4.297872340425532,5.411764705882353,3.74468085106383,2.4352941176470586,2.5106382978723403,0.3308457711442786,0.24203821656050956,1.228235294117647,0.32127659574468087,0.9069586983729663,16,3.8229840280483054,0,5,5,6,17,32,2,2,8,25,19,3,D
2023-10-22,Las Palmas,Vallecano,24,1.2222222222222223,-0.2222222222222222,2.0,0.6666666666666666,0.8888888888888888,10,1.223529411764706,-0.24705882352941178,0.8837209302325582,1.1176470588235294,1.3647058823529412,3.3333333333333335,4.094117647058823,4.333333333333333,4.258823529411765,3.7777777777777777,4.882352941176471,2.888888888888889,2.6470588235294117,0.2,0.27298850574712646,0.6777777777777778,0.7611764705882353,-0.08339869281045753,-14,0.8904344839429847,1,9,5,5,17,26,7,7,5,30,19,2,A
2023-10-22,Girona,Almeria,17,1.5106382978723405,0.23404255319148937,1.826086956521739,1.6382978723404256,1.4042553191489362,20,0.9361702127659575,-0.6170212765957447,0.391304347826087,1.2765957446808511,1.8936170212765957,4.595744680851064,4.297872340425532,4.319148936170213,5.638297872340425,3.851063829787234,4.042553191489362,2.5106382978723403,2.5531914893617023,0.35648148148148145,0.297029702970297,1.1531914893617023,0.5382978723404256,0.6148936170212768,3,2.142292490118577,0,12,12,9,30,22,2,7,15,24,31,10,H
2023-10-22,Barcelona,Ath Bilbao,2,2.1411764705882352,1.0705882352941176,2.3333333333333335,1.8705882352941177,0.8,8,1.4470588235294117,0.21176470588235294,1.2380952380952381,1.2470588235294118,1.035294117647059,5.258823529411765,4.4,3.1176470588235294,3.4705882352941178,6.1647058823529415,6.211764705882353,2.458823529411765,2.4235294117647057,0.35570469798657717,0.28342245989304815,1.7658823529411762,1.036470588235294,0.7294117647058822,6,1.7037457434733256,0,11,13,6,34,19,10,10,5,28,20,1,H
2023-10-23,Valencia,Cadiz,11,1.188235294117647,-0.10588235294117647,1.4523809523809523,1.1764705882352942,1.2823529411764707,15,1.0588235294117647,-0.5058823529411764,0.8809523809523809,0.8588235294117647,1.3647058823529412,3.847058823529412,3.1411764705882352,4.094117647058823,5.0588235294117645,5.094117647058823,4.2823529411764705,3.011764705882353,3.070588235294118,0.3058103975535168,0.27340823970037453,0.7976470588235295,0.5494117647058824,0.2482352941176471,4,1.4518201284796575,1,5,6,7,20,26,2,3,8,13,34,3,H
2023-10-27,Girona,Celta,17,1.5416666666666667,0.2916666666666667,1.875,1.7083333333333333,1.4166666666666667,13,1.1046511627906976,-0.20930232558139536,0.9761904761904762,1.1162790697674418,1.3255813953488371,4.666666666666667,4.104651162790698,4.333333333333333,3.755813953488372,3.9583333333333335,4.813953488372093,2.4791666666666665,2.3372093023255816,0.36607142857142855,0.2719546742209632,1.2000000000000002,0.7127906976744186,0.4872093023255816,-4,1.6835236541598697,0,12,13,9,31,22,2,6,11,24,31,10,H
2023-10-28,Almeria,Las Palmas,20,0.9166666666666666,-0.6666666666666666,1.4583333333333333,1.2916666666666667,1.9583333333333333,24,1.1,-0.3,0.6,0.6,0.9,4.3125,3.6,5.6875,4.3,4.083333333333333,4.4,2.5416666666666665,3.0,0.2995169082125604,0.16666666666666666,0.5166666666666666,0.5800000000000001,-0.06333333333333346,4,0.8908045977011492,1,2,8,18,22,35,9,5,5,21,21,-7,A
2023-10-28,Barcelona,Real Madrid,2,2.1511627906976742,1.069767441860465,2.3488372093023258,1.8604651162790697,0.7906976744186046,1,2.197674418604651,1.186046511627907,2.022727272727273,2.046511627906977,0.8604651162790697,5.27906976744186,6.488372093023256,3.116279069767442,3.546511627906977,6.1395348837209305,5.895348837209302,2.4651162790697674,1.9767441860465116,0.3524229074889868,0.3154121863799283,1.7686046511627906,1.8639534883720932,-0.09534883720930254,-1,0.948845913911416,1,11,9,6,32,20,10,11,4,35,17,1,A
2023-10-28,Mallorca,Getafe,12,1.127906976744186,-0.43023255813953487,1.5476190476190477,0.9883720930232558,1.4186046511627908,14,1.069767441860465,-0.2558139534883721,0.6511627906976745,0.9302325581395349,1.186046511627907,3.383720930232558,3.3372093023255816,4.093023255813954,4.046511627906977,3.941860465116279,3.3488372093023258,3.2209302325581395,3.63953488372093,0.2920962199312715,0.2787456445993031,0.6325581395348837,0.6441860465116278,-0.011627906976744096,2,0.9819494584837547,1,3,8,11,26,28,4,8,9,27,24,-1,D
2023-10-28,Cadiz,Sevilla,15,1.0465116279069768,-0.5232558139534884,1.2325581395348837,0.8488372093023255,1.372093023255814,7,1.5058823529411764,0.2,1.2682926829268293,1.3411764705882352,1.1411764705882352,3.1511627906976742,4.0,5.046511627906977,3.8,4.3023255813953485,4.8,3.0813953488372094,3.0823529411764707,0.2693726937269373,0.3352941176470588,0.536046511627907,1.0811764705882354,-0.5451299589603285,-8,0.4957992762608497,0,2,3,7,13,29,6,8,5,28,17,-4,D
2023-10-29,Betis,Osasuna,5,1.6162790697674418,0.29069767441860467,1.7142857142857142,1.3953488372093024,1.1046511627906976,9,1.313953488372093,-0.2558139534883721,1.2325581395348837,0.9883720930232558,1.244186046511628,4.395348837209302,3.4302325581395348,3.86046511627907,3.9651162790697674,4.383720930232558,4.406976744186046,2.4767441860465116,2.453488372093023,0.31746031746031744,0.288135593220339,1.1744186046511629,0.777906976744186,0.3965116279069769,4,1.509715994020927,0,7,7,4,22,19,7,4,6,14,21,0,H
2023-10-29,Vallecano,Sociedad,10,1.244186046511628,-0.23255813953488372,1.5714285714285714,1.1162790697674418,1.3488372093023255,4,1.755813953488372,0.29069767441860467,1.5238095238095237,1.2674418604651163,0.9767441860465116,4.093023255813954,4.3604651162790695,4.27906976744186,3.627906976744186,4.883720930232558,4.558139534883721,2.6627906976744184,2.36046511627907,0.2727272727272727,0.2906666666666667,0.7755813953488372,1.2186046511627908,-0.44302325581395363,-6,0.6364503816793893,0,7,6,5,23,24,12,10,5,22,24,-5,D
2023-10-29,Ath Bilbao,Valencia,8,1.430232558139535,0.19767441860465115,1.6511627906976745,1.2325581395348837,1.0348837209302326,11,1.2093023255813953,-0.08139534883720931,0.9302325581395349,1.186046511627907,1.2674418604651163,4.383720930232558,3.8488372093023258,3.511627906976744,4.093023255813954,6.22093023255814,5.0813953488372094,2.4302325581395348,2.9767441860465116,0.28116710875331563,0.3081570996978852,1.0209302325581395,0.8174418604651164,0.20348837209302317,3,1.2489331436699858,1,7,7,6,22,23,5,5,7,16,27,2,D
2023-10-29,Ath Madrid,Alaves,3,2.0,0.8705882352941177,2.261904761904762,1.8588235294117648,0.9882352941176471,22,0.8333333333333334,-0.8333333333333334,0.3333333333333333,0.8125,1.6458333333333333,4.8,3.4166666666666665,3.1411764705882352,4.270833333333333,5.023529411764706,3.7291666666666665,2.7411764705882353,2.5208333333333335,0.3872549019607843,0.23780487804878048,1.6329411764705883,0.3291666666666667,1.3037745098039215,19,4.960833953834698,0,15,13,4,28,18,3,3,7,31,11,12,H
2023-10-30,Granada,Villarreal,19,0.9166666666666666,-0.5625,1.125,1.2291666666666667,1.7916666666666667,6,1.5348837209302326,0.47674418604651164,1.2619047619047619,1.558139534883721,1.0813953488372092,3.7083333333333335,4.709302325581396,5.395833333333333,4.023255813953488,4.3125,5.453488372093023,2.875,2.453488372093023,0.33146067415730335,0.3308641975308642,0.5354166666666667,1.222093023255814,-0.6866763565891474,-13,0.4381144941325721,0,3,6,9,17,27,3,4,6,16,32,0,A
2023-11-03,Las Palmas,Ath Madrid,24,1.2727272727272727,-0.18181818181818182,1.6,0.7272727272727273,0.9090909090909091,3,2.011627906976744,0.872093023255814,1.744186046511628,1.8604651162790697,0.9883720930232558,3.5454545454545454,4.825581395348837,4.2727272727272725,3.116279069767442,4.181818181818182,5.011627906976744,2.8181818181818183,2.744186046511628,0.20512820512820512,0.3855421686746988,0.7272727272727273,1.6395348837209303,-0.912262156448203,-21,0.4435847840103159,0,9,6,6,21,24,15,12,4,31,14,-6,H
2023-11-04,Betis,Mallorca,5,1.632183908045977,0.2988505747126437,1.744186046511628,1.4022988505747127,1.103448275862069,12,1.1264367816091954,-0.42528735632183906,0.7272727272727273,0.9770114942528736,1.4022988505747127,4.367816091954023,3.3908045977011496,3.8275862068965516,4.045977011494253,4.402298850574713,3.9885057471264367,2.4827586206896552,3.1839080459770117,0.32105263157894737,0.288135593220339,1.186206896551724,0.6310344827586207,0.5551724137931033,7,1.8797814207650272,0,9,8,4,17,19,4,5,6,25,18,5,H
2023-11-04,Osasuna,Girona,9,1.2988505747126438,-0.26436781609195403,1.3953488372093024,0.9885057471264368,1.2528735632183907,17,1.5714285714285714,0.30612244897959184,1.2083333333333333,1.6938775510204083,1.3877551020408163,3.4022988505747125,4.612244897959184,3.942528735632184,4.285714285714286,4.390804597701149,4.081632653061225,2.471264367816092,2.489795918367347,0.2905405405405405,0.3672566371681416,0.767816091954023,1.2163265306122448,-0.4485104386582218,8,0.6312581964051531,0,6,5,8,13,20,12,9,6,23,19,-6,A
2023-11-04,Sociedad,Barcelona,4,1.7471264367816093,0.28735632183908044,1.9772727272727273,1.2758620689655173,0.9885057471264368,2,2.1264367816091956,1.0459770114942528,1.9534883720930232,1.8505747126436782,0.8045977011494253,4.344827586206897,5.252873563218391,3.6666666666666665,3.1264367816091956,4.563218390804598,6.137931034482759,2.3563218390804597,2.4597701149425286,0.29365079365079366,0.3522975929978118,1.2149425287356321,1.7471264367816093,-0.5321839080459771,-2,0.6953947368421052,0,10,8,4,19,24,8,7,6,29,17,2,A
2023-11-04,Celta,Sevilla,13,1.0919540229885059,-0.21839080459770116,1.2272727272727273,1.103448275862069,1.3218390804597702,7,1.5,0.19767441860465115,1.2619047619047619,1.3488372093023255,1.1511627906976745,4.080459770114943,4.069767441860465,3.735632183908046,3.813953488372093,4.7701149425287355,4.790697674418604,2.3333333333333335,3.0930232558139537,0.2704225352112676,0.3314285714285714,0.7011494252873564,1.0790697674418606,-0.3779203421545042,-6,0.6497720967102655,0,2,4,9,19,27,6,10,7,35,20,-4,D
2023-11-05,Alaves,Almeria,22,0.8163265306122449,-0.8367346938775511,1.3333333333333333,0.8163265306122449,1.653061224489796,20,0.8979591836734694,-0.673469387755102,0.375,1.2857142857142858,1.9591836734693877,3.36734693877551,4.3061224489795915,4.326530612244898,5.63265306122449,3.7346938775510203,4.061224489795919,2.510204081632653,2.5510204081632653,0.24242424242424243,0.2985781990521327,0.32040816326530613,0.5040816326530613,-0.18367346938775514,-2,0.6356275303643725,1,3,4,7,27,15,1,7,18,16,33,2,H
2023-11-05,Valencia,Granada,11,1.206896551724138,-0.08045977011494253,1.4883720930232558,1.1954022988505748,1.2758620689655173,19,0.8979591836734694,-0.5714285714285714,0.7083333333333334,1.2448979591836735,1.816326530612245,3.8620689655172415,3.795918367346939,4.126436781609195,5.387755102040816,5.068965517241379,4.3061224489795915,2.954022988505747,2.816326530612245,0.30952380952380953,0.3279569892473118,0.8183908045977011,0.5265306122448979,0.29186019235280314,8,1.5543081172591997,0,5,5,7,16,24,3,8,11,24,29,2,H
2023-11-05,Villarreal,Ath Bilbao,6,1.5517241379310345,0.4827586206896552,1.7954545454545454,1.5747126436781609,1.0919540229885059,8,1.4252873563218391,0.19540229885057472,1.2093023255813953,1.2413793103448276,1.0459770114942528,4.712643678160919,4.413793103448276,4.068965517241379,3.528735632183908,5.402298850574713,6.264367816091954,2.471264367816092,2.4367816091954024,0.33414634146341465,0.28125,1.235632183908046,1.0195402298850575,0.21609195402298842,2,1.2119503945885004,1,5,6,7,15,34,5,7,8,26,23,0,A
2023-11-05,Real Madrid,Vallecano,1,2.206896551724138,1.1839080459770115,2.380952380952381,2.045977011494253,0.8620689655172413,11,1.2413793103448276,-0.22988505747126436,0.9318181818181818,1.1264367816091954,1.3563218390804597,6.459770114942529,4.126436781609195,3.5402298850574714,4.264367816091954,5.862068965517241,4.873563218390805,1.9655172413793103,2.6666666666666665,0.3167259786476868,0.27298050139275765,1.867816091954023,0.7770114942528735,1.0908045977011493,10,2.4038461538461537,0,13,12,2,34,16,7,7,6,24,21,6,D
2023-11-06,Getafe,Cadiz,14,1.0689655172413792,-0.25287356321839083,1.4883720930232558,0.9195402298850575,1.1724137931034482,15,1.0459770114942528,-0.5172413793103449,0.8604651162790697,0.8620689655172413,1.3793103448275863,3.2988505747126435,3.1724137931034484,4.045977011494253,5.103448275862069,3.3448275862068964,4.275862068965517,3.6091954022988504,3.1149425287356323,0.2787456445993031,0.2717391304347826,0.6425287356321838,0.5402298850574713,0.10229885057471255,1,1.1893617021276595,1,5,5,5,20,22,2,4,8,17,32,3,H
2023-11-10,Ath Bilbao,Celta,8,1.4431818181818181,0.20454545454545456,1.6363636363636365,1.2613636363636365,1.0568181818181819,13,1.0909090909090908,-0.2159090909090909,0.9534883720930233,1.1022727272727273,1.3181818181818181,4.443181818181818,4.068181818181818,3.5568181818181817,3.75,6.2272727272727275,4.761363636363637,2.4545454545454546,2.340909090909091,0.28388746803069054,0.2709497206703911,1.0352272727272727,0.7011363636363637,0.334090909090909,5,1.4764991896272284,0,7,8,8,29,24,2,4,9,22,21,5,H
2023-11-11,Vallecano,Girona,10,1.2386363636363635,-0.22727272727272727,1.558139534883721,1.1136363636363635,1.3409090909090908,16,1.6,0.34,1.28,1.74,1.4,4.079545454545454,4.6,4.2727272727272725,4.26,4.829545454545454,4.14,2.6931818181818183,2.5,0.27298050139275765,0.3782608695652174,0.7738636363636362,1.25,-0.4761363636363638,6,0.6190909090909089,0,7,7,6,20,24,12,11,7,22,19,-5,A
2023-11-11,Real Madrid,Valencia,1,2.1931818181818183,1.1704545454545454,2.3488372093023258,2.022727272727273,0.8522727272727273,11,1.2272727272727273,-0.06818181818181818,0.9318181818181818,1.1931818181818181,1.2613636363636365,6.443181818181818,3.840909090909091,3.5,4.090909090909091,5.920454545454546,5.011363636363637,1.9772727272727273,2.9545454545454546,0.31393298059964725,0.3106508875739645,1.8522727272727273,0.8318181818181818,1.0204545454545455,10,2.226775956284153,0,11,10,2,30,14,8,6,6,16,24,3,H
2023-11-11,Almeria,Sociedad,20,0.88,-0.68,1.4,1.26,1.94,4,1.7272727272727273,0.2727272727272727,1.5116279069767442,1.2613636363636365,0.9886363636363636,4.28,4.363636363636363,5.58,3.6704545454545454,4.1,4.6022727272727275,2.56,2.3636363636363638,0.29439252336448596,0.2890625,0.488,1.1977272727272728,-0.7097272727272728,-16,0.40743833017077796,0,1,6,14,18,27,7,7,5,24,26,-6,A
2023-11-11,Osasuna,Las Palmas,9,1.2840909090909092,-0.2840909090909091,1.3636363636363635,1.0,1.2840909090909092,24,1.4166666666666667,-0.08333333333333333,1.0,0.8333333333333334,0.9166666666666666,3.397727272727273,3.5,3.9431818181818183,4.333333333333333,4.363636363636363,4.083333333333333,2.5,2.5833333333333335,0.29431438127090304,0.23809523809523808,0.7568181818181818,0.8500000000000001,-0.09318181818181825,15,0.890374331550802,1,6,7,10,14,21,12,8,5,22,20,-6,D
2023-11-11,Granada,Getafe,19,0.88,-0.58,1.08,1.22,1.8,14,1.0909090909090908,-0.23863636363636365,0.6590909090909091,0.9204545454545454,1.1590909090909092,3.74,3.2954545454545454,5.32,4.0227272727272725,4.3,3.375,2.86,3.659090909090909,0.32620320855614976,0.2793103448275862,0.51,0.6579545454545455,-0.14795454545454545,-5,0.7751295336787565,1,2,7,11,18,28,7,4,3,18,20,-5,D
2023-11-12,Ath Madrid,Villarreal,3,1.9885057471264367,0.8505747126436781,2.2790697674418605,1.8505747126436782,1.0,6,1.5340909090909092,0.4659090909090909,1.302325581395349,1.5795454545454546,1.1136363636363635,4.827586206896552,4.7272727272727275,3.1149425287356323,4.1022727272727275,5.0,5.443181818181818,2.7471264367816093,2.4886363636363638,0.38333333333333336,0.33413461538461536,1.6195402298850574,1.2227272727272727,0.39681295715778475,3,1.3245310430286716,0,12,11,6,33,15,5,7,8,18,36,7,H
2023-11-12,Barcelona,Alaves,2,2.1363636363636362,1.0454545454545454,2.2954545454545454,1.8409090909090908,0.7954545454545454,21,0.86,-0.8,0.32,0.82,1.62,5.238636363636363,3.36,3.159090909090909,4.3,6.1022727272727275,3.9,2.465909090909091,2.5,0.351409978308026,0.24404761904761904,1.75,0.354,1.396,19,4.943502824858757,0,10,6,4,29,18,5,4,6,19,18,5,H
2023-11-12,Sevilla,Betis,8,1.4942528735632183,0.19540229885057472,1.7272727272727273,1.3448275862068966,1.1494252873563218,5,1.6477272727272727,0.3181818181818182,1.5227272727272727,1.4090909090909092,1.0909090909090908,4.080459770114943,4.3522727272727275,3.8045977011494254,3.7954545454545454,4.804597701149425,4.420454545454546,3.1149425287356323,2.465909090909091,0.3295774647887324,0.3237597911227154,1.0747126436781609,1.2011363636363637,-0.12642371995820278,-3,0.894746571841799,1,4,6,7,31,22,11,9,3,17,13,-7,D
2023-11-24,Alaves,Granada,21,0.8431372549019608,-0.803921568627451,1.4,0.8235294117647058,1.6274509803921569,19,0.8823529411764706,-0.5686274509803921,0.68,1.2156862745098038,1.7843137254901962,3.3137254901960786,3.784313725490196,4.333333333333333,5.333333333333333,3.843137254901961,4.2745098039215685,2.4705882352941178,2.8823529411764706,0.2485207100591716,0.32124352331606215,0.34509803921568627,0.5137254901960785,-0.16862745098039222,-2,0.6717557251908396,1,5,5,6,17,21,2,5,9,20,29,3,H
2023-11-25,Valencia,Celta,11,1.2134831460674158,-0.11235955056179775,1.5227272727272727,1.1910112359550562,1.303370786516854,14,1.0786516853932584,-0.2247191011235955,0.9318181818181818,1.1235955056179776,1.348314606741573,3.842696629213483,4.078651685393258,4.123595505617978,3.842696629213483,5.0,4.730337078651686,2.955056179775281,2.337078651685393,0.30994152046783624,0.27548209366391185,0.8112359550561798,0.6966292134831461,0.11460674157303374,3,1.164516129032258,1,8,7,8,18,24,2,6,11,24,28,6,D
2023-11-25,Vallecano,Barcelona,11,1.2247191011235956,-0.23595505617977527,1.5227272727272727,1.1123595505617978,1.348314606741573,2,2.146067415730337,1.0449438202247192,1.9772727272727273,1.8426966292134832,0.797752808988764,4.134831460674158,5.247191011235955,4.303370786516854,3.134831460674157,4.865168539325842,6.056179775280899,2.6741573033707864,2.460674157303371,0.26902173913043476,0.3511777301927195,0.7640449438202248,1.755056179775281,-0.9910112359550562,-9,0.4353393085787452,0,6,6,6,24,27,10,7,5,30,16,-4,D
2023-11-25,Ath Madrid,Mallorca,3,2.0,0.8636363636363636,2.2954545454545454,1.8636363636363635,1.0,12,1.1136363636363635,-0.4431818181818182,0.7111111111111111,0.9659090909090909,1.4090909090909092,4.886363636363637,3.3636363636363638,3.159090909090909,4.034090909090909,5.011363636363637,3.9545454545454546,2.715909090909091,3.2045454545454546,0.3813953488372093,0.28716216216216217,1.6318181818181818,0.6170454545454546,1.0147727272727272,9,2.6445672191528544,0,12,11,5,34,18,3,3,6,21,17,9,H
2023-11-25,Getafe,Almeria,14,1.0898876404494382,-0.23595505617977527,1.5227272727272727,0.9213483146067416,1.1573033707865168,21,0.8627450980392157,-0.7058823529411765,0.36,1.2549019607843137,1.9607843137254901,3.3258426966292136,4.235294117647059,4.044943820224719,5.588235294117647,3.393258426966292,4.117647058823529,3.640449438202247,2.549019607843137,0.27702702702702703,0.2962962962962963,0.6584269662921349,0.47058823529411764,0.1878387309980173,7,1.3991573033707867,1,7,5,4,15,26,0,4,14,15,29,7,H
2023-11-26,Villarreal,Osasuna,6,1.5168539325842696,0.43820224719101125,1.7555555555555555,1.5730337078651686,1.1348314606741574,9,1.2808988764044944,-0.2808988764044944,1.2045454545454546,1.0,1.2808988764044944,4.752808988764045,3.393258426966292,4.168539325842697,3.9101123595505616,5.415730337078652,4.404494382022472,2.4831460674157304,2.4831460674157304,0.3309692671394799,0.2947019867549669,1.2044943820224718,0.756179775280899,0.44831460674157286,3,1.592867756315007,0,4,8,11,25,37,4,6,11,14,19,0,H
2023-11-26,Sociedad,Sevilla,4,1.7415730337078652,0.29213483146067415,1.9333333333333333,1.2808988764044944,0.9887640449438202,7,1.4886363636363635,0.19318181818181818,1.255813953488372,1.3409090909090908,1.1477272727272727,4.382022471910112,4.079545454545454,3.651685393258427,3.8295454545454546,4.606741573033708,4.8522727272727275,2.359550561797753,3.090909090909091,0.2923076923076923,0.3286908077994429,1.2146067415730337,1.0704545454545453,0.1441521961184884,3,1.1346644719578236,1,7,7,6,25,25,5,7,7,32,23,2,H
2023-11-26,Cadiz,Real Madrid,15,1.0340909090909092,-0.5227272727272727,1.2272727272727273,0.8522727272727273,1.375,1,2.202247191011236,1.202247191011236,2.0444444444444443,2.056179775280899,0.8539325842696629,3.159090909090909,6.449438202247191,5.079545454545454,3.50561797752809,4.261363636363637,5.898876404494382,3.090909090909091,1.9662921348314606,0.2697841726618705,0.31881533101045295,0.5306818181818183,1.8730337078651684,-1.3423518896833502,-14,0.2833274254240062,0,1,4,9,17,31,11,12,3,30,15,-10,A
2023-11-26,Betis,Las Palmas,5,1.6404494382022472,0.3146067415730337,1.7727272727272727,1.404494382022472,1.0898876404494382,24,1.3846153846153846,-0.07692307692307693,1.0,0.8461538461538461,0.9230769230769231,4.370786516853933,3.3076923076923075,3.797752808988764,4.230769230769231,4.426966292134831,4.0,2.449438202247191,2.4615384615384617,0.3213367609254499,0.2558139534883721,1.195505617977528,0.8384615384615384,0.3570440795159897,19,1.4258323884135657,0,9,7,4,16,15,10,7,5,18,20,-1,H
2023-11-27,Girona,Ath Bilbao,16,1.6274509803921569,0.35294117647058826,1.92,1.7450980392156863,1.392156862745098,8,1.4606741573033708,0.21348314606741572,1.25,1.2921348314606742,1.0786516853932584,4.647058823529412,4.52808988764045,4.352941176470588,3.5730337078651684,4.117647058823529,6.235955056179775,2.4901960784313726,2.449438202247191,0.3755274261603376,0.2853598014888337,1.268627450980392,1.052808988764045,0.21581846221634704,-8,1.204992989725239,1,15,13,5,26,21,10,12,8,38,24,5,D
2023-11-29,Mallorca,Cadiz,13,1.101123595505618,-0.449438202247191,1.5348837209302326,0.9550561797752809,1.404494382022472,15,1.0224719101123596,-0.550561797752809,0.8409090909090909,0.8426966292134831,1.3932584269662922,3.337078651685393,3.168539325842697,4.022471910112359,5.078651685393258,3.943820224719101,4.258426966292135,3.168539325842697,3.0898876404494384,0.28619528619528617,0.26595744680851063,0.6067415730337079,0.5146067415730338,0.09213483146067414,2,1.1790393013100435,1,2,1,5,18,15,1,2,9,17,27,1,D
2023-12-01,Las Palmas,Getafe,24,1.2857142857142858,-0.14285714285714285,1.8333333333333333,0.7857142857142857,0.9285714285714286,12,1.1111111111111112,-0.2222222222222222,0.6666666666666666,0.9333333333333333,1.1555555555555554,3.357142857142857,3.3444444444444446,4.357142857142857,4.044444444444444,4.142857142857143,3.388888888888889,2.4285714285714284,3.6222222222222222,0.23404255319148937,0.27906976744186046,0.7571428571428572,0.6755555555555556,0.08158730158730165,-12,1.1207706766917294,1,7,5,5,17,22,9,5,3,18,19,-2,H
2023-12-02,Girona,Valencia,16,1.6153846153846154,0.34615384615384615,1.8846153846153846,1.7307692307692308,1.3846153846153846,11,1.211111111111111,-0.1111111111111111,0.9111111111111111,1.1777777777777778,1.288888888888889,4.596153846153846,3.8,4.384615384615385,4.088888888888889,4.076923076923077,5.0,2.4615384615384617,2.9555555555555557,0.37656903765690375,0.30994152046783624,1.2576923076923077,0.8077777777777777,0.44991452991452996,-5,1.5569780975558143,0,13,13,6,23,25,8,6,7,15,20,5,H
2023-12-02,Ath Bilbao,Vallecano,7,1.4555555555555555,0.2111111111111111,1.6666666666666667,1.288888888888889,1.0777777777777777,10,1.2222222222222223,-0.23333333333333334,0.9333333333333333,1.1111111111111112,1.3444444444444446,4.544444444444444,4.133333333333334,3.5555555555555554,4.3,6.233333333333333,4.822222222222222,2.433333333333333,2.6777777777777776,0.28361858190709044,0.26881720430107525,1.048888888888889,0.7633333333333334,0.28555555555555556,3,1.3740902474526928,0,8,10,9,35,25,6,5,5,24,25,2,H
2023-12-02,Real Madrid,Granada,1,2.2111111111111112,1.2222222222222223,2.3636363636363638,2.066666666666667,0.8444444444444444,20,0.8653846153846154,-0.5961538461538461,0.6538461538461539,1.2115384615384615,1.8076923076923077,6.433333333333334,3.7884615384615383,3.511111111111111,5.326923076923077,5.877777777777778,4.230769230769231,1.9777777777777779,2.8846153846153846,0.32124352331606215,0.3197969543147208,1.8855555555555557,0.49615384615384617,1.3894017094017095,19,3.800344530577089,0,11,11,3,26,18,1,4,10,22,24,10,H
2023-12-02,Osasuna,Sociedad,9,1.2666666666666666,-0.3,1.3555555555555556,1.0,1.3,4,1.7555555555555555,0.3,1.5454545454545454,1.288888888888889,0.9888888888888889,3.433333333333333,4.4222222222222225,3.9,3.6333333333333333,4.4,4.6,2.4555555555555557,2.3555555555555556,0.2912621359223301,0.2914572864321608,0.7433333333333334,1.2255555555555555,-0.4822222222222221,-5,0.6065276518585676,0,4,7,10,20,13,10,8,5,29,22,-6,D
2023-12-03,Almeria,Betis,21,0.8461538461538461,-0.7115384615384616,1.3461538461538463,1.25,1.9615384615384615,5,1.6555555555555554,0.32222222222222224,1.511111111111111,1.4,1.0777777777777777,4.230769230769231,4.388888888888889,5.576923076923077,3.8,4.153846153846154,4.455555555555556,2.576923076923077,2.433333333333333,0.29545454545454547,0.3189873417721519,0.45961538461538465,1.2044444444444444,-0.7448290598290598,-16,0.38159948907181385,0,0,5,13,18,25,11,7,3,20,14,-11,D
2023-12-03,Mallorca,Alaves,13,1.1,-0.4444444444444444,1.5227272727272727,0.9555555555555556,1.4,19,0.8846153846153846,-0.75,0.3076923076923077,0.8653846153846154,1.6153846153846154,3.3333333333333335,3.3461538461538463,4.011111111111111,4.326923076923077,3.977777777777778,3.8846153846153846,3.1555555555555554,2.4423076923076925,0.2866666666666667,0.25862068965517243,0.6077777777777779,0.39038461538461544,0.21739316239316242,6,1.5568691844553912,1,2,1,5,16,15,7,7,6,17,23,-5,D
2023-12-03,Barcelona,Ath Madrid,2,2.1333333333333333,1.0333333333333334,2.311111111111111,1.8333333333333333,0.8,3,2.0112359550561796,0.8651685393258427,1.7045454545454546,1.853932584269663,0.9887640449438202,5.233333333333333,4.865168539325842,3.1444444444444444,3.134831460674157,6.033333333333333,5.033707865168539,2.477777777777778,2.6853932584269664,0.3503184713375796,0.3810623556581986,1.7433333333333334,1.6359550561797753,0.10737827715355808,1,1.065636446886447,1,10,6,4,24,18,12,10,4,32,15,-2,H
2023-12-03,Sevilla,Villarreal,8,1.4719101123595506,0.1797752808988764,1.711111111111111,1.3370786516853932,1.1573033707865168,6,1.5333333333333334,0.45555555555555555,1.2727272727272727,1.5888888888888888,1.1333333333333333,4.056179775280899,4.733333333333333,3.8764044943820224,4.2,4.842696629213483,5.377777777777778,3.0898876404494384,2.4555555555555557,0.3296398891966759,0.33568075117370894,1.057303370786517,1.221111111111111,-0.1638077403245941,-2,0.8658535338561104,1,4,6,7,28,27,7,10,10,24,39,-3,D
2023-12-04,Celta,Cadiz,14,1.0777777777777777,-0.2222222222222222,1.2222222222222223,1.1111111111111112,1.3333333333333333,15,1.0222222222222221,-0.5444444444444444,0.8444444444444444,0.8444444444444444,1.3888888888888888,4.044444444444444,3.1666666666666665,3.8,5.055555555555555,4.7555555555555555,4.211111111111111,2.3333333333333335,3.088888888888889,0.27472527472527475,0.26666666666666666,0.6944444444444444,0.5166666666666666,0.1777777777777778,1,1.3440860215053765,1,2,4,9,14,26,2,3,9,18,25,0,D
2023-12-08,Getafe,Valencia,12,1.098901098901099,-0.24175824175824176,1.5555555555555556,0.9230769230769231,1.164835164835165,11,1.1978021978021978,-0.12087912087912088,0.8913043478260869,1.1758241758241759,1.2967032967032968,3.3516483516483517,3.791208791208791,4.065934065934066,4.0989010989010985,3.3956043956043955,4.967032967032967,3.6483516483516483,2.956043956043956,0.2754098360655738,0.3101449275362319,0.6615384615384616,0.7978021978021979,-0.13626373626373622,-1,0.8292011019283747,1,8,4,4,18,22,5,5,9,14,21,3,H
2023-12-09,Alaves,Las Palmas,19,0.8867924528301887,-0.7358490566037735,1.4615384615384615,0.8490566037735849,1.5849056603773586,24,1.4,0.0,0.875,0.8666666666666667,0.8666666666666667,3.358490566037736,3.533333333333333,4.30188679245283,4.333333333333333,3.8867924528301887,4.133333333333334,2.4339622641509435,2.2666666666666666,0.25280898876404495,0.24528301886792453,0.39245283018867927,0.8733333333333333,-0.480880503144654,5,0.44937346968169384,0,7,6,5,14,23,10,7,4,17,22,-3,A
2023-12-09,Betis,Real Madrid,5,1.6483516483516483,0.31868131868131866,1.8,1.3846153846153846,1.065934065934066,1,2.21978021978022,1.2307692307692308,2.0652173913043477,2.065934065934066,0.8351648351648352,4.362637362637362,6.406593406593407,3.8461538461538463,3.4725274725274726,4.472527472527473,5.8791208791208796,2.4505494505494507,1.978021978021978,0.31738035264483627,0.32246998284734135,1.1967032967032967,1.8923076923076925,-0.6956043956043958,-4,0.6324041811846689,0,11,6,2,19,18,13,12,2,25,11,-2,D
2023-12-09,Villarreal,Sociedad,6,1.5274725274725274,0.45054945054945056,1.7826086956521738,1.5824175824175823,1.1318681318681318,4,1.7472527472527473,0.2967032967032967,1.5333333333333334,1.2857142857142858,0.989010989010989,4.725274725274725,4.428571428571429,4.197802197802198,3.6263736263736264,5.362637362637362,4.637362637362638,2.4505494505494507,2.3626373626373627,0.33488372093023255,0.2903225806451613,1.2153846153846153,1.2197802197802199,-0.004395604395604602,-2,0.9963963963963962,1,7,10,10,25,36,8,8,6,28,18,-1,A
2023-12-09,Mallorca,Sevilla,13,1.098901098901099,-0.43956043956043955,1.511111111111111,0.945054945054945,1.3846153846153846,8,1.4666666666666666,0.17777777777777778,1.2272727272727273,1.3333333333333333,1.1555555555555554,3.32967032967033,4.055555555555555,4.010989010989011,3.8777777777777778,3.989010989010989,4.877777777777778,3.1648351648351647,3.088888888888889,0.2838283828382838,0.3287671232876712,0.6065934065934067,1.0533333333333332,-0.4467399267399266,-5,0.5758798163861456,0,3,1,4,12,13,4,6,7,25,26,-1,H
2023-12-10,Cadiz,Osasuna,15,1.021978021978022,-0.5384615384615384,1.2,0.8461538461538461,1.3846153846153846,9,1.2637362637362637,-0.2967032967032967,1.1777777777777778,1.0,1.2967032967032968,3.142857142857143,3.4285714285714284,5.076923076923077,3.912087912087912,4.175824175824176,4.362637362637362,3.131868131868132,2.4615384615384617,0.2692307692307692,0.2916666666666667,0.5186813186813186,0.7428571428571429,-0.22417582417582427,-6,0.6982248520710058,1,3,4,8,15,28,2,6,11,17,15,1,D
2023-12-10,Barcelona,Girona,2,2.142857142857143,1.032967032967033,2.3260869565217392,1.8241758241758241,0.7912087912087912,16,1.6415094339622642,0.3584905660377358,1.3461538461538463,1.7358490566037736,1.3773584905660377,5.197802197802198,4.60377358490566,3.1538461538461537,4.3584905660377355,6.043956043956044,4.056603773584905,2.5054945054945055,2.452830188679245,0.35095137420718814,0.3770491803278688,1.7461538461538462,1.2754716981132077,0.47068214804063846,14,1.3690259444697312,0,10,6,4,19,19,13,10,5,20,23,-3,A
2023-12-10,Ath Madrid,Almeria,3,1.988888888888889,0.8444444444444444,2.311111111111111,1.8333333333333333,0.9888888888888889,21,0.8490566037735849,-0.6981132075471698,0.34615384615384615,1.2264150943396226,1.9245283018867925,4.855555555555555,4.30188679245283,3.1222222222222222,5.509433962264151,5.0,4.150943396226415,2.7,2.5283018867924527,0.37757437070938216,0.2850877192982456,1.6144444444444446,0.46037735849056605,1.1540670859538786,18,3.506785063752277,0,9,7,5,29,14,1,3,8,21,19,8,H
2023-12-11,Granada,Ath Bilbao,20,0.8490566037735849,-0.6226415094339622,1.0769230769230769,1.1886792452830188,1.8113207547169812,7,1.4725274725274726,0.25274725274725274,1.2444444444444445,1.3186813186813187,1.065934065934066,3.7169811320754715,4.538461538461538,5.30188679245283,3.5494505494505493,4.150943396226415,6.241758241758242,2.849056603773585,2.4175824175824174,0.3197969543147208,0.29055690072639223,0.47547169811320755,1.0758241758241758,-0.6003524777109682,-13,0.4419604139765259,0,1,4,10,19,22,11,14,8,36,21,-10,D
2023-12-11,Vallecano,Celta,10,1.2087912087912087,-0.27472527472527475,1.511111111111111,1.098901098901099,1.3736263736263736,14,1.0769230769230769,-0.21978021978021978,0.9333333333333333,1.10989010989011,1.3296703296703296,4.1208791208791204,4.076923076923077,4.2967032967032965,3.769230769230769,4.791208791208791,4.835164835164835,2.67032967032967,2.318681318681319,0.26666666666666666,0.2722371967654987,0.7417582417582417,0.6945054945054945,0.047252747252747196,4,1.0680379746835442,1,3,4,9,23,23,3,5,7,18,20,0,D
2023-12-15,Osasuna,Vallecano,9,1.2608695652173914,-0.29347826086956524,1.3478260869565217,1.0,1.2934782608695652,10,1.2065217391304348,-0.2717391304347826,0.9130434782608695,1.0869565217391304,1.358695652173913,3.4456521739130435,4.119565217391305,3.9239130434782608,4.271739130434782,4.358695652173913,4.826086956521739,2.4565217391304346,2.6739130434782608,0.2902208201892745,0.2638522427440633,0.7423913043478261,0.7391304347826086,0.003260869565217428,1,1.0044117647058823,1,3,6,10,21,18,3,2,7,20,22,0,H
2023-12-16,Celta,Granada,14,1.076086956521739,-0.21739130434782608,1.2173913043478262,1.0978260869565217,1.315217391304348,20,0.8518518518518519,-0.6111111111111112,0.6296296296296297,1.1851851851851851,1.7962962962962963,4.054347826086956,3.7222222222222223,3.7717391304347827,5.277777777777778,4.793478260869565,4.092592592592593,2.2934782608695654,2.7962962962962963,0.2707774798927614,0.31840796019900497,0.692391304347826,0.47962962962962963,0.2127616747181964,6,1.4435957696827262,1,4,5,6,18,22,2,3,8,15,21,2,H
2023-12-16,Ath Bilbao,Ath Madrid,7,1.4673913043478262,0.25,1.6956521739130435,1.315217391304348,1.065217391304348,3,2.0,0.8461538461538461,1.6666666666666667,1.835164835164835,0.989010989010989,4.532608695652174,4.846153846153846,3.5543478260869565,3.142857142857143,6.260869565217392,4.978021978021978,2.4130434782608696,2.681318681318681,0.290167865707434,0.3786848072562358,1.0717391304347825,1.620879120879121,-0.5491399904443384,-4,0.6612085482682387,0,11,13,7,33,20,9,7,5,26,18,2,H
2023-12-16,Sevilla,Getafe,8,1.4505494505494505,0.16483516483516483,1.6956521739130435,1.3186813186813187,1.1538461538461537,12,1.1195652173913044,-0.22826086956521738,0.6521739130434783,0.9239130434782609,1.1521739130434783,4.065934065934066,3.380434782608696,3.868131868131868,4.021739130434782,4.956043956043956,3.4347826086956523,3.076923076923077,3.641304347826087,0.32432432432432434,0.2733118971061093,1.0384615384615385,0.6760869565217392,0.3623745819397993,4,1.535988127627999,0,3,4,6,20,24,10,5,4,24,18,-7,A
2023-12-16,Valencia,Barcelona,11,1.184782608695652,-0.13043478260869565,1.511111111111111,1.1630434782608696,1.2934782608695652,2,2.119565217391304,1.0,1.9555555555555555,1.826086956521739,0.8260869565217391,3.75,5.260869565217392,4.119565217391305,3.1956521739130435,4.913043478260869,6.065217391304348,2.989130434782609,2.489130434782609,0.3101449275362319,0.34710743801652894,0.7858695652173913,1.725,-0.9391304347826088,-9,0.45557655954631376,0,4,3,8,9,20,10,7,6,27,22,-6,D
2023-12-17,Almeria,Mallorca,21,0.8333333333333334,-0.7037037037037037,1.3333333333333333,1.2222222222222223,1.9259259259259258,13,1.1195652173913044,-0.42391304347826086,0.6956521739130435,0.9456521739130435,1.3695652173913044,4.314814814814815,3.3260869565217392,5.481481481481482,4.021739130434782,4.351851851851852,3.989130434782609,2.4814814814814814,3.152173913043478,0.2832618025751073,0.28431372549019607,0.45000000000000007,0.6217391304347827,-0.17173913043478262,-8,0.7237762237762237,1,1,3,8,22,20,5,2,4,11,18,-4,D
2023-12-17,Sociedad,Betis,4,1.7608695652173914,0.32608695652173914,1.9565217391304348,1.3043478260869565,0.9782608695652174,5,1.641304347826087,0.31521739130434784,1.5,1.3804347826086956,1.065217391304348,4.434782608695652,4.380434782608695,3.630434782608696,3.8260869565217392,4.619565217391305,4.510869565217392,2.347826086956522,2.4456521739130435,0.29411764705882354,0.315136476426799,1.2391304347826086,1.191304347826087,0.047826086956521685,1,1.0401459854014599,1,10,9,4,30,15,9,5,2,23,19,1,D
2023-12-17,Las Palmas,Cadiz,24,1.5,0.0625,2.0,0.875,0.8125,15,1.0217391304347827,-0.532608695652174,0.8478260869565217,0.8478260869565217,1.3804347826086956,3.4375,3.1630434782608696,4.375,5.076086956521739,4.0625,4.1521739130434785,2.375,3.108695652173913,0.2545454545454545,0.26804123711340205,0.9437500000000001,0.5206521739130435,0.42309782608695656,-9,1.8126304801670146,0,10,6,3,16,23,3,3,7,15,23,7,D
2023-12-17,Real Madrid,Villarreal,1,2.2065217391304346,1.2173913043478262,2.3777777777777778,2.0543478260869565,0.8369565217391305,6,1.5108695652173914,0.41304347826086957,1.2666666666666666,1.565217391304348,1.1521739130434783,6.358695652173913,4.717391304347826,3.5,4.206521739130435,5.880434782608695,5.358695652173913,1.9673913043478262,2.4456521739130435,0.3230769230769231,0.3317972350230415,1.8793478260869565,1.192391304347826,0.6869565217391305,5,1.5761166818596173,0,11,11,2,23,14,4,7,11,24,33,7,H
2023-12-18,Girona,Alaves,16,1.6666666666666667,0.3888888888888889,1.9259259259259258,1.7777777777777777,1.3888888888888888,19,0.8703703703703703,-0.7407407407407407,0.3333333333333333,0.8333333333333334,1.5740740740740742,4.648148148148148,3.388888888888889,4.481481481481482,4.2592592592592595,4.037037037037037,4.037037037037037,2.4444444444444446,2.4444444444444446,0.38247011952191234,0.2459016393442623,1.3055555555555556,0.37962962962962965,0.9259259259259259,3,3.4390243902439024,0,13,13,7,25,32,7,5,4,18,18,6,H
2023-12-19,Granada,Sevilla,20,0.8363636363636363,-0.6181818181818182,1.0740740740740742,1.1636363636363636,1.7818181818181817,8,1.434782608695652,0.13043478260869565,1.2,1.3043478260869565,1.173913043478261,3.690909090909091,4.065217391304348,5.254545454545455,3.902173913043478,4.036363636363636,4.945652173913044,2.7818181818181817,3.0760869565217392,0.31527093596059114,0.32085561497326204,0.46545454545454545,1.017391304347826,-0.5519367588932805,-12,0.45749805749805755,0,2,3,8,16,23,2,3,8,19,28,0,A
2023-12-19,Vallecano,Valencia,10,1.1935483870967742,-0.27956989247311825,1.5,1.075268817204301,1.3548387096774193,11,1.1827956989247312,-0.12903225806451613,0.8723404255319149,1.1612903225806452,1.2903225806451613,4.10752688172043,3.752688172043011,4.268817204301075,4.161290322580645,4.78494623655914,4.903225806451613,2.6774193548387095,2.967741935483871,0.2617801047120419,0.30945558739255014,0.7279569892473119,0.7849462365591399,-0.05698924731182797,1,0.9273972602739726,1,2,2,8,23,21,2,3,9,11,27,0,A
2023-12-19,Ath Madrid,Getafe,3,1.9782608695652173,0.8152173913043478,2.3260869565217392,1.815217391304348,1.0,12,1.1397849462365592,-0.1935483870967742,0.7021276595744681,0.946236559139785,1.1397849462365592,4.826086956521739,3.4193548387096775,3.1847826086956523,4.021505376344086,5.0,3.4193548387096775,2.6630434782608696,3.6344086021505375,0.3761261261261261,0.27672955974842767,1.5967391304347827,0.7010752688172044,0.8956638616175783,9,2.2775573486263,0,9,6,5,24,22,10,7,4,28,20,-1,D
2023-12-20,Barcelona,Almeria,2,2.10752688172043,0.989247311827957,2.276595744680851,1.8172043010752688,0.8279569892473119,21,0.8363636363636363,-0.6909090909090909,0.3333333333333333,1.2,1.8909090909090909,5.290322580645161,4.254545454545455,3.204301075268817,5.418181818181818,6.064516129032258,4.345454545454546,2.4838709677419355,2.4727272727272727,0.3434959349593496,0.28205128205128205,1.713978494623656,0.45090909090909087,1.263069403714565,19,3.801161984044399,0,8,7,7,31,20,2,3,7,20,19,6,H
2023-12-20,Ath Bilbao,Las Palmas,7,1.4838709677419355,0.26881720430107525,1.7234042553191489,1.3225806451612903,1.053763440860215,24,1.4705882352941178,0.058823529411764705,1.1111111111111112,0.8823529411764706,0.8235294117647058,4.559139784946237,3.3529411764705883,3.5483870967741935,4.411764705882353,6.225806451612903,4.0588235294117645,2.3870967741935485,2.2941176470588234,0.29009433962264153,0.2631578947368421,1.0870967741935484,0.9294117647058825,0.15768500948766595,17,1.1696610861576153,1,11,12,5,33,17,8,5,3,15,23,3,H
2023-12-20,Villarreal,Celta,7,1.4946236559139785,0.3763440860215054,1.7446808510638299,1.5591397849462365,1.1827956989247312,14,1.096774193548387,-0.20430107526881722,0.9347826086956522,1.096774193548387,1.3010752688172043,4.67741935483871,4.053763440860215,4.258064516129032,3.752688172043011,5.301075268817204,4.817204301075269,2.4516129032258065,2.3440860215053765,0.3333333333333333,0.27055702917771884,1.1720430107526882,0.7064516129032258,0.46559139784946246,7,1.6590563165905634,0,4,6,12,19,35,6,5,5,19,19,-2,H
2023-12-21,Betis,Girona,5,1.6344086021505377,0.3118279569892473,1.7826086956521738,1.3655913978494623,1.053763440860215,16,1.690909090909091,0.43636363636363634,1.4074074074074074,1.8,1.3636363636363635,4.365591397849462,4.636363636363637,3.827956989247312,4.4363636363636365,4.537634408602151,4.0181818181818185,2.4623655913978495,2.4,0.312807881773399,0.38823529411764707,1.1838709677419355,1.3363636363636364,-0.15249266862170097,11,0.8858898398068904,1,7,3,2,23,22,13,12,5,25,31,-6,D
2023-12-21,Cadiz,Sociedad,15,1.021505376344086,-0.5268817204301075,1.1956521739130435,0.8494623655913979,1.3763440860215055,4,1.7526881720430108,0.3225806451612903,1.565217391304348,1.2903225806451613,0.967741935483871,3.182795698924731,4.43010752688172,5.043010752688172,3.6236559139784945,4.172043010752688,4.602150537634409,3.10752688172043,2.3548387096774195,0.2668918918918919,0.2912621359223301,0.5225806451612903,1.2311827956989247,-0.7086021505376344,-11,0.4244541484716157,0,4,4,7,18,22,11,9,3,28,14,-7,D
2023-12-21,Alaves,Real Madrid,19,0.8545454545454545,-0.7818181818181819,1.4074074074074074,0.8181818181818182,1.6,1,2.21505376344086,1.2365591397849462,2.0425531914893615,2.075268817204301,0.8387096774193549,3.3636363636363638,6.387096774193548,4.254545454545455,3.4731182795698925,4.0,5.935483870967742,2.418181818181818,1.967741935483871,0.24324324324324326,0.32491582491582494,0.3563636363636363,1.8935483870967742,-1.5371847507331378,-18,0.18819885395694594,0,4,4,7,17,19,13,15,3,27,15,-9,A
2023-12-21,Mallorca,Osasuna,13,1.118279569892473,-0.41935483870967744,1.5434782608695652,0.9354838709677419,1.3548387096774193,9,1.2795698924731183,-0.27956989247311825,1.173913043478261,1.0,1.2795698924731183,3.3118279569892475,3.4516129032258065,3.989247311827957,3.913978494623656,3.989247311827957,4.408602150537634,3.129032258064516,2.4516129032258065,0.2824675324675325,0.2897196261682243,0.6204301075268817,0.7559139784946236,-0.13548387096774195,-4,0.8207681365576102,1,6,2,2,12,16,6,5,6,22,17,0,H
2023-12-23,Ath Madrid,Sevilla,3,1.967741935483871,0.8064516129032258,2.297872340425532,1.8279569892473118,1.021505376344086,8,1.4516129032258065,0.16129032258064516,1.2391304347826086,1.3225806451612903,1.1612903225806452,4.817204301075269,4.075268817204301,3.247311827956989,3.89247311827957,4.956989247311828,4.935483870967742,2.6774193548387095,3.053763440860215,0.3794642857142857,0.3245382585751979,1.5913978494623655,1.0387096774193547,0.5526881720430108,5,1.5320910973084887,0,7,6,7,18,24,4,5,7,20,25,3,H
2024-01-02,Sociedad,Alaves,4,1.7446808510638299,0.3191489361702128,1.9361702127659575,1.2765957446808511,0.9574468085106383,19,0.8392857142857143,-0.7857142857142857,0.32142857142857145,0.8035714285714286,1.5892857142857142,4.3936170212765955,3.3392857142857144,3.606382978723404,4.25,4.6063829787234045,3.982142857142857,2.3404255319148937,2.4285714285714284,0.29055690072639223,0.24064171122994651,1.2234042553191489,0.34464285714285714,0.8787613981762917,15,3.5497740050711055,0,9,6,2,23,14,4,3,6,18,17,5,D
2024-01-02,Valencia,Villarreal,10,1.202127659574468,-0.11702127659574468,1.5,1.1595744680851063,1.2765957446808511,6,1.5106382978723405,0.3829787234042553,1.2391304347826086,1.574468085106383,1.1914893617021276,3.74468085106383,4.712765957446808,4.127659574468085,4.26595744680851,4.861702127659575,5.287234042553192,3.0,2.4468085106382977,0.3096590909090909,0.3340857787810384,0.7978723404255319,1.1851063829787234,-0.3872340425531915,-4,0.6732495511669658,0,5,3,4,10,21,7,8,11,20,30,-2,H
2024-01-02,Getafe,Vallecano,12,1.1382978723404256,-0.19148936170212766,1.5869565217391304,0.9680851063829787,1.1595744680851063,11,1.1808510638297873,-0.2872340425531915,0.8936170212765957,1.0638297872340425,1.351063829787234,3.478723404255319,4.074468085106383,4.0212765957446805,4.25531914893617,3.5106382978723403,4.819148936170213,3.627659574468085,2.6595744680851063,0.2782874617737003,0.26109660574412535,0.7053191489361702,0.7170212765957447,-0.011702127659574457,-1,0.983679525222552,1,10,9,6,31,18,2,1,7,15,17,8,A
2024-01-03,Granada,Cadiz,20,0.8214285714285714,-0.6607142857142857,1.0357142857142858,1.1428571428571428,1.8035714285714286,15,1.0212765957446808,-0.5212765957446809,0.851063829787234,0.8404255319148937,1.3617021276595744,3.6785714285714284,3.1702127659574466,5.25,5.0,4.071428571428571,4.202127659574468,2.767857142857143,3.106382978723404,0.3106796116504854,0.2651006711409396,0.44107142857142856,0.5223404255319148,-0.08126899696048628,-5,0.8444137329066047,1,1,2,10,13,22,5,4,4,16,18,-4,H
2024-01-03,Celta,Betis,14,1.0851063829787233,-0.2127659574468085,1.2553191489361701,1.1063829787234043,1.3191489361702127,5,1.627659574468085,0.30851063829787234,1.4893617021276595,1.3617021276595744,1.053191489361702,4.0638297872340425,4.361702127659575,3.797872340425532,3.8297872340425534,4.840425531914893,4.5638297872340425,2.3617021276595747,2.4574468085106385,0.27225130890052357,0.3121951219512195,0.7,1.1787234042553192,-0.47872340425531923,-9,0.5938628158844764,0,6,4,4,19,15,7,3,2,21,22,-1,H
2024-01-03,Real Madrid,Mallorca,1,2.223404255319149,1.2340425531914894,2.391304347826087,2.0638297872340425,0.8297872340425532,13,1.1382978723404256,-0.40425531914893614,0.7021276595744681,0.9574468085106383,1.3617021276595744,6.361702127659575,3.3617021276595747,3.4574468085106385,4.0212765957446805,5.904255319148936,4.01063829787234,1.9680851063829787,3.127659574468085,0.32441471571906355,0.2848101265822785,1.8946808510638298,0.6393617021276596,1.2553191489361701,12,2.963394342762063,0,13,11,2,24,13,9,5,3,19,20,4,H
2024-01-03,Girona,Ath Madrid,16,1.6785714285714286,0.42857142857142855,1.9642857142857142,1.7857142857142858,1.3571428571428572,3,1.9787234042553192,0.8085106382978723,1.6304347826086956,1.8191489361702127,1.0106382978723405,4.625,4.808510638297872,4.428571428571429,3.234042553191489,4.053571428571429,4.968085106382978,2.392857142857143,2.734042553191489,0.3861003861003861,0.37831858407079644,1.3250000000000002,1.5957446808510638,-0.2707446808510636,-13,0.8303333333333335,0,11,11,5,22,26,7,6,7,19,25,4,H
2024-01-04,Osasuna,Almeria,9,1.2659574468085106,-0.2872340425531915,1.3829787234042554,1.0106382978723405,1.297872340425532,21,0.8214285714285714,-0.6964285714285714,0.32142857142857145,1.2142857142857142,1.9107142857142858,3.4893617021276597,4.267857142857143,3.9574468085106385,5.517857142857143,4.361702127659575,4.267857142857143,2.4361702127659575,2.482142857142857,0.2896341463414634,0.28451882845188287,0.7489361702127659,0.4446428571428571,0.3042933130699088,12,1.6843544390327267,0,5,6,8,26,24,2,4,7,23,24,3,H
2024-01-04,Sevilla,Ath Bilbao,8,1.4361702127659575,0.14893617021276595,1.6595744680851063,1.3085106382978724,1.1595744680851063,7,1.5,0.2765957446808511,1.2391304347826086,1.3191489361702127,1.0425531914893618,4.053191489361702,4.617021276595745,3.893617021276596,3.521276595744681,4.9361702127659575,6.212765957446808,3.0531914893617023,2.372340425531915,0.3228346456692913,0.2857142857142857,1.024468085106383,1.0968085106382979,-0.07234042553191489,-1,0.9340446168768186,1,4,4,6,20,21,11,9,2,31,13,-7,A
2024-01-04,Las Palmas,Barcelona,24,1.3888888888888888,0.0,1.875,0.8333333333333334,0.8333333333333334,2,2.117021276595745,0.9893617021276596,1.934782608695652,1.8297872340425532,0.8404255319148937,3.2222222222222223,5.351063829787234,4.722222222222222,3.223404255319149,3.9444444444444446,6.127659574468085,2.3333333333333335,2.4893617021276597,0.25862068965517243,0.341948310139165,0.8611111111111112,1.721276595744681,-0.8601654846335698,-22,0.5002746875429199,0,7,4,3,15,30,8,8,8,36,24,-1,A
2024-01-12,Sevilla,Alaves,8,1.4210526315789473,0.12631578947368421,1.625,1.2947368421052632,1.168421052631579,20,0.8421052631578947,-0.7719298245614035,0.3448275862068966,0.8070175438596491,1.5789473684210527,4.031578947368421,3.3157894736842106,3.9157894736842107,4.280701754385965,4.936842105263158,3.982456140350877,3.0526315789473686,2.456140350877193,0.32114882506527415,0.24338624338624337,1.0073684210526317,0.3508771929824561,0.6564912280701756,12,2.8710000000000004,0,3,3,7,18,23,2,1,6,15,19,1,A
2024-01-13,Las Palmas,Villarreal,24,1.3157894736842106,-0.05263157894736842,1.6666666666666667,0.8421052631578947,0.8947368421052632,7,1.4947368421052631,0.35789473684210527,1.2127659574468086,1.568421052631579,1.2105263157894737,3.210526315789474,4.705263157894737,4.7368421052631575,4.3052631578947365,4.0,5.2631578947368425,2.526315789473684,2.473684210526316,0.26229508196721313,0.3333333333333333,0.8105263157894737,1.168421052631579,-0.3578947368421054,-17,0.6936936936936936,0,7,5,4,14,29,4,6,13,21,31,3,H
2024-01-13,Mallorca,Celta,13,1.1263157894736842,-0.4105263157894737,1.574468085106383,0.9473684210526315,1.3578947368421053,14,1.105263157894737,-0.2,0.9148936170212766,1.1157894736842104,1.3157894736842106,3.3263157894736843,4.08421052631579,4.031578947368421,3.789473684210526,4.010526315789473,4.873684210526315,3.126315789473684,2.336842105263158,0.2848101265822785,0.27319587628865977,0.6294736842105263,0.7157894736842105,-0.08631578947368423,1,0.8794117647058823,1,8,4,3,16,22,8,6,5,24,18,0,D
2024-01-13,Ath Bilbao,Sociedad,6,1.5157894736842106,0.29473684210526313,1.75,1.3263157894736841,1.0315789473684212,4,1.736842105263158,0.3157894736842105,1.553191489361702,1.2736842105263158,0.9578947368421052,4.631578947368421,4.410526315789474,3.5052631578947366,3.5894736842105264,6.189473684210526,4.621052631578947,2.357894736842105,2.3684210526315788,0.2863636363636364,0.28878281622911695,1.111578947368421,1.2178947368421054,-0.10631578947368436,-2,0.912705272255834,1,13,10,1,31,13,7,5,2,21,14,6,H
2024-01-13,Betis,Granada,5,1.6105263157894736,0.29473684210526313,1.7659574468085106,1.3578947368421053,1.063157894736842,20,0.8596491228070176,-0.6140350877192983,0.6071428571428571,1.1578947368421053,1.7719298245614035,4.347368421052631,3.754385964912281,3.8526315789473684,5.192982456140351,4.589473684210526,4.087719298245614,2.4526315789473685,2.7719298245614037,0.31234866828087166,0.308411214953271,1.1652631578947368,0.4771929824561404,0.6880701754385964,15,2.441911764705882,0,4,3,4,18,24,4,3,7,17,19,0,H
2024-01-14,Almeria,Girona,21,0.8070175438596491,-0.7017543859649122,1.3214285714285714,1.1929824561403508,1.894736842105263,15,1.7017543859649122,0.43859649122807015,1.3928571428571428,1.8245614035087718,1.3859649122807018,4.192982456140351,4.701754385964913,5.456140350877193,4.56140350877193,4.2631578947368425,4.105263157894737,2.473684210526316,2.3508771929824563,0.28451882845188287,0.3880597014925373,0.43157894736842106,1.3473684210526315,-0.9157894736842105,-6,0.3203125,0,2,3,6,19,21,13,14,7,29,32,-11,D
2024-01-14,Cadiz,Valencia,16,1.0105263157894737,-0.5368421052631579,1.1914893617021276,0.8315789473684211,1.368421052631579,10,1.2210526315789474,-0.09473684210526316,0.9166666666666666,1.1789473684210525,1.2736842105263158,3.1578947368421053,3.789473684210526,5.031578947368421,4.126315789473685,4.221052631578948,4.852631578947369,3.126315789473684,2.9894736842105263,0.2633333333333333,0.3111111111111111,0.5105263157894737,0.8178947368421053,-0.3073684210526316,-6,0.6241956241956241,0,4,3,5,15,23,7,6,5,18,24,-3,A
2024-01-19,Alaves,Cadiz,19,0.8793103448275862,-0.7413793103448276,1.3571428571428572,0.8448275862068966,1.5862068965517242,16,1.0,-0.5625,0.8333333333333334,0.8333333333333334,1.3958333333333333,3.396551724137931,3.1458333333333335,4.275862068965517,5.03125,3.9827586206896552,4.208333333333333,2.4655172413793105,3.1354166666666665,0.24873096446700507,0.26490066225165565,0.38620689655172413,0.49791666666666673,-0.1117097701149426,-3,0.7756456499783579,1,4,4,8,19,20,3,3,8,16,21,1,H
2024-01-20,Villarreal,Mallorca,7,1.4791666666666667,0.3229166666666667,1.7708333333333333,1.5520833333333333,1.2291666666666667,12,1.125,-0.40625,0.6875,0.9479166666666666,1.3541666666666667,4.6875,3.3541666666666665,4.291666666666667,4.010416666666667,5.270833333333333,4.072916666666667,2.4791666666666665,3.1354166666666665,0.33111111111111113,0.2826086956521739,1.146875,0.6302083333333333,0.5166666666666668,5,1.819834710743802,0,3,5,15,20,30,8,5,4,19,20,-5,D
2024-01-20,Vallecano,Las Palmas,11,1.2,-0.2631578947368421,1.4680851063829787,1.0736842105263158,1.3368421052631578,24,1.4,0.1,1.0,0.95,0.85,4.11578947368421,3.2,4.2105263157894735,4.65,4.8,4.0,2.663157894736842,2.6,0.2608695652173913,0.296875,0.7357894736842105,0.9199999999999999,-0.18421052631578938,13,0.799771167048055,1,4,2,6,19,13,7,6,4,11,28,-3,A
2024-01-20,Celta,Sociedad,14,1.1041666666666667,-0.19791666666666666,1.2916666666666667,1.1145833333333333,1.3125,4,1.71875,0.3020833333333333,1.5208333333333333,1.2708333333333333,0.96875,4.0625,4.375,3.8125,3.5833333333333335,4.833333333333333,4.625,2.3229166666666665,2.3854166666666665,0.2743589743589744,0.2904761904761905,0.715625,1.2041666666666666,-0.48854166666666665,-10,0.5942906574394463,0,8,6,5,19,23,6,5,3,17,14,2,A
2024-01-20,Valencia,Ath Bilbao,10,1.2395833333333333,-0.0625,1.5319148936170213,1.2083333333333333,1.2708333333333333,6,1.53125,0.3020833333333333,1.2765957446808511,1.3333333333333333,1.03125,3.8020833333333335,4.614583333333333,4.104166666666667,3.4791666666666665,4.8125,6.177083333333333,2.9791666666666665,2.34375,0.3178082191780822,0.28893905191873587,0.8427083333333333,1.1229166666666666,-0.2802083333333333,-4,0.7504638218923934,0,10,9,4,20,21,13,8,2,30,11,-3,H
2024-01-21,Osasuna,Getafe,10,1.2842105263157895,-0.2736842105263158,1.4166666666666667,1.0105263157894737,1.2842105263157895,13,1.1263157894736842,-0.21052631578947367,0.7083333333333334,0.9578947368421052,1.168421052631579,3.473684210526316,3.442105263157895,3.9157894736842107,4.063157894736842,4.368421052631579,3.4947368421052634,2.4210526315789473,3.6736842105263157,0.2909090909090909,0.2782874617737003,0.7621052631578948,0.6915789473684211,0.07052631578947377,3,1.101978691019787,1,8,6,5,21,21,7,7,7,26,22,1,H
2024-01-21,Real Madrid,Almeria,1,2.231578947368421,1.231578947368421,2.404255319148936,2.0526315789473686,0.8210526315789474,21,0.8103448275862069,-0.6896551724137931,0.3103448275862069,1.1724137931034482,1.8620689655172413,6.347368421052631,4.172413793103448,3.4210526315789473,5.379310344827586,5.894736842105263,4.258620689655173,1.9684210526315788,2.5,0.32338308457711445,0.2809917355371901,1.8957894736842107,0.43275862068965515,1.4630308529945555,20,4.380708743971483,0,13,9,2,24,9,2,3,6,14,20,11,H
2024-01-21,Betis,Barcelona,5,1.625,0.3020833333333333,1.7916666666666667,1.3541666666666667,1.0520833333333333,2,2.126315789473684,0.9894736842105263,1.9574468085106382,1.831578947368421,0.8421052631578947,4.364583333333333,5.347368421052631,3.8333333333333335,3.221052631578947,4.677083333333333,6.168421052631579,2.4583333333333335,2.4842105263157896,0.31026252983293556,0.3425196850393701,1.1739583333333332,1.726315789473684,-0.5523574561403508,-3,0.6800368394308943,0,6,4,4,22,18,10,9,8,37,23,-4,A
2024-01-21,Girona,Sevilla,15,1.6896551724137931,0.43103448275862066,2.0,1.793103448275862,1.3620689655172413,8,1.40625,0.11458333333333333,1.2127659574468086,1.3020833333333333,1.1875,4.637931034482759,4.03125,4.5344827586206895,3.9583333333333335,4.086206896551724,4.9375,2.396551724137931,3.0625,0.38661710037174724,0.32299741602067183,1.3327586206896553,0.9979166666666668,0.33484195402298855,-7,1.3355409977683392,0,11,12,6,25,32,3,5,9,17,28,8,H
2024-01-22,Granada,Ath Madrid,20,0.8448275862068966,-0.6206896551724138,1.103448275862069,1.1379310344827587,1.7586206896551724,3,1.9578947368421054,0.7894736842105263,1.5957446808510638,1.831578947368421,1.0421052631578946,3.7241379310344827,4.88421052631579,5.206896551724138,3.294736842105263,4.0344827586206895,5.0,2.793103448275862,2.7157894736842105,0.3055555555555556,0.375,0.46379310344827585,1.5821052631578947,-1.1183121597096188,-17,0.2931493335168743,0,4,3,6,19,21,7,9,10,27,32,-3,A
2024-01-26,Almeria,Alaves,21,0.7966101694915254,-0.6949152542372882,1.3103448275862069,1.1864406779661016,1.88135593220339,19,0.9152542372881356,-0.711864406779661,0.43333333333333335,0.847457627118644,1.5593220338983051,4.135593220338983,3.389830508474576,5.389830508474576,4.220338983050848,4.237288135593221,3.983050847457627,2.542372881355932,2.4237288135593222,0.28688524590163933,0.25,0.4271186440677966,0.41355932203389834,0.013559322033898258,-2,1.0327868852459015,1,2,4,7,11,22,7,5,7,17,19,-5,A
2024-01-27,Sociedad,Vallecano,4,1.731958762886598,0.30927835051546393,1.9166666666666667,1.268041237113402,0.9587628865979382,11,1.1875,-0.28125,0.9375,1.0625,1.34375,4.350515463917525,4.104166666666667,3.5670103092783507,4.21875,4.608247422680412,4.875,2.381443298969072,2.6770833333333335,0.2914691943127962,0.25888324873096447,1.2123711340206187,0.721875,0.49049613402061865,7,1.6794751640112466,0,6,3,3,14,12,4,2,4,19,14,2,D
2024-01-27,Las Palmas,Real Madrid,24,1.4761904761904763,0.19047619047619047,1.8,1.0,0.8095238095238095,1,2.2395833333333335,1.2291666666666667,2.0625,2.0625,0.8333333333333334,3.2857142857142856,6.34375,4.571428571428571,3.40625,3.8095238095238093,5.895833333333333,2.5238095238095237,1.9791666666666667,0.30434782608695654,0.3251231527093596,0.9952380952380953,1.901041666666667,-0.9058035714285717,-23,0.5235225048923678,0,7,7,4,14,26,13,10,4,26,11,-6,A
2024-01-27,Barcelona,Villarreal,2,2.1354166666666665,1.0,2.2916666666666665,1.8541666666666667,0.8541666666666666,7,1.4742268041237114,0.31958762886597936,1.1875,1.5463917525773196,1.2268041237113403,5.333333333333333,4.690721649484536,3.2395833333333335,4.268041237113402,6.145833333333333,5.257731958762887,2.4791666666666665,2.484536082474227,0.34765625,0.32967032967032966,1.7385416666666667,1.1422680412371133,0.5962736254295533,5,1.5220084987966307,0,10,12,10,39,24,4,6,13,21,27,6,A
2024-01-27,Mallorca,Betis,12,1.1237113402061856,-0.4020618556701031,1.5625,0.9484536082474226,1.3505154639175259,5,1.6082474226804124,0.27835051546391754,1.4583333333333333,1.3608247422680413,1.0824742268041236,3.3402061855670104,4.371134020618556,4.020618556701031,3.8350515463917527,4.092783505154639,4.65979381443299,3.1237113402061856,2.443298969072165,0.2839506172839506,0.3113207547169811,0.6309278350515464,1.1597938144329898,-0.5288659793814434,-7,0.5439999999999999,0,6,5,5,18,20,5,5,7,21,20,1,A
2024-01-28,Celta,Girona,14,1.092783505154639,-0.20618556701030927,1.2653061224489797,1.1030927835051547,1.309278350515464,15,1.7118644067796611,0.4915254237288136,1.3793103448275863,1.847457627118644,1.3559322033898304,4.041237113402062,4.694915254237288,3.7938144329896906,4.508474576271187,4.845360824742268,4.084745762711864,2.3092783505154637,2.3559322033898304,0.2729591836734694,0.3935018050541516,0.7051546391752577,1.3728813559322035,-0.6677267167569458,1,0.513631156930126,0,7,6,6,19,21,11,13,5,26,24,-4,A
2024-01-28,Cadiz,Ath Bilbao,16,0.9896907216494846,-0.5670103092783505,1.1666666666666667,0.8247422680412371,1.3917525773195876,6,1.5154639175257731,0.28865979381443296,1.25,1.3195876288659794,1.0309278350515463,3.1237113402061856,4.597938144329897,5.010309278350515,3.4536082474226806,4.206185567010309,6.134020618556701,3.1443298969072164,2.350515463917526,0.264026402640264,0.28699551569506726,0.4896907216494846,1.1082474226804124,-0.6185567010309279,-10,0.4418604651162791,0,2,2,8,12,19,12,7,2,29,8,-10,D
2024-01-28,Sevilla,Osasuna,8,1.3917525773195876,0.07216494845360824,1.5918367346938775,1.2989690721649485,1.2268041237113403,9,1.3020833333333333,-0.2604166666666667,1.148936170212766,1.03125,1.2916666666666667,4.020618556701031,3.5104166666666665,4.0,3.9479166666666665,4.938144329896907,4.333333333333333,3.051546391752577,2.4375,0.3230769230769231,0.29376854599406527,0.9773195876288661,0.7791666666666667,0.19815292096219939,1,1.2543139092562987,1,3,6,11,16,29,10,8,6,25,23,-7,D
2024-01-28,Ath Madrid,Valencia,3,1.96875,0.7916666666666666,2.3125,1.8229166666666667,1.03125,10,1.2577319587628866,-0.05154639175257732,0.9591836734693877,1.2061855670103092,1.2577319587628866,4.885416666666667,3.7731958762886597,3.28125,4.092783505154639,4.96875,4.804123711340206,2.7083333333333335,2.948453608247423,0.373134328358209,0.319672131147541,1.5864583333333333,0.854639175257732,0.7318191580756013,7,1.8562902090872535,0,7,8,9,28,29,13,10,3,21,18,-6,H
2024-01-29,Getafe,Granada,13,1.1145833333333333,-0.21875,1.553191489361702,0.96875,1.1875,20,0.8305084745762712,-0.6271186440677966,0.5862068965517241,1.11864406779661,1.7457627118644068,3.4791666666666665,3.694915254237288,4.09375,5.203389830508475,3.5,4.067796610169491,3.6770833333333335,2.7966101694915255,0.27844311377245506,0.30275229357798167,0.6854166666666667,0.45084745762711864,0.23456920903954803,7,1.5202850877192984,1,7,9,8,29,23,3,2,6,17,22,4,H
2024-01-31,Barcelona,Osasuna,2,2.11340206185567,0.9690721649484536,2.2448979591836733,1.865979381443299,0.8969072164948454,9,1.2989690721649485,-0.25773195876288657,1.1458333333333333,1.0309278350515463,1.288659793814433,5.381443298969073,3.515463917525773,3.268041237113402,3.9587628865979383,6.185567010309279,4.329896907216495,2.484536082474227,2.4123711340206184,0.34674329501915707,0.2932551319648094,1.720618556701031,0.7783505154639176,0.9422680412371134,7,2.210596026490066,0,10,13,11,38,23,10,8,6,24,23,0,H
2024-01-31,Ath Madrid,Vallecano,3,1.9793814432989691,0.8041237113402062,2.326530612244898,1.824742268041237,1.0206185567010309,11,1.1855670103092784,-0.27835051546391754,0.9387755102040817,1.0515463917525774,1.3298969072164948,4.917525773195877,4.061855670103093,3.2783505154639174,4.206185567010309,4.948453608247423,4.845360824742268,2.7010309278350517,2.6907216494845363,0.3710691823899371,0.25888324873096447,1.595876288659794,0.7195876288659794,0.8762886597938145,8,2.2177650429799427,0,10,10,7,33,25,4,2,4,15,15,6,H
2024-02-01,Getafe,Real Madrid,12,1.134020618556701,-0.1958762886597938,1.5833333333333333,0.979381443298969,1.175257731958763,1,2.247422680412371,1.2268041237113403,2.0816326530612246,2.0618556701030926,0.8350515463917526,3.484536082474227,6.329896907216495,4.082474226804123,3.3917525773195876,3.5051546391752577,5.896907216494846,3.6597938144329896,1.9896907216494846,0.28106508875739644,0.3257328990228013,0.7041237113402061,1.904123711340206,-1.2,-11,0.36978884677855983,0,7,10,8,27,26,15,11,4,29,7,-8,A
2024-02-02,Ath Bilbao,Mallorca,6,1.510204081632653,0.2857142857142857,1.7755102040816326,1.3061224489795917,1.0204081632653061,13,1.1122448979591837,-0.40816326530612246,0.6938775510204082,0.9387755102040817,1.346938775510204,4.551020408163265,3.316326530612245,3.438775510204082,4.0,6.153061224489796,4.1020408163265305,2.3469387755102042,3.1122448979591835,0.28699551569506726,0.28307692307692306,1.1020408163265305,0.6214285714285714,0.48061224489795906,7,1.773399014778325,0,10,5,2,22,7,5,5,6,17,21,5,H
2024-02-03,Valencia,Almeria,10,1.2448979591836735,-0.07142857142857142,1.5625,1.1938775510204083,1.2653061224489797,21,0.7833333333333333,-0.7333333333333333,0.3,1.1666666666666667,1.9,3.7653061224489797,4.183333333333334,4.13265306122449,5.35,4.816326530612245,4.35,2.9183673469387754,2.5166666666666666,0.3170731707317073,0.2788844621513944,0.8397959183673469,0.405,0.4347959183673469,11,2.073570168808264,0,12,9,4,20,18,1,4,10,17,23,11,H
2024-02-03,Granada,Las Palmas,20,0.8166666666666667,-0.65,1.0666666666666667,1.1,1.75,24,1.4090909090909092,0.13636363636363635,1.1818181818181819,1.0,0.8636363636363636,3.683333333333333,3.227272727272727,5.183333333333334,4.590909090909091,4.05,3.6818181818181817,2.7666666666666666,2.5454545454545454,0.2986425339366516,0.30985915492957744,0.43333333333333335,0.9454545454545455,-0.5121212121212122,4,0.4583333333333333,0,3,2,7,18,22,6,7,5,14,26,-3,D
2024-02-03,Alaves,Barcelona,19,0.95,-0.65,1.4137931034482758,0.8833333333333333,1.5333333333333334,2,2.122448979591837,0.9693877551020408,1.9791666666666667,1.8571428571428572,0.8877551020408163,3.3833333333333333,5.36734693877551,4.266666666666667,3.2448979591836733,3.966666666666667,6.183673469387755,2.4166666666666665,2.4693877551020407,0.26108374384236455,0.34600760456273766,0.45666666666666667,1.7234693877551022,-1.2668027210884354,-17,0.26496940990724294,0,10,8,4,18,22,12,13,10,34,20,-2,A
2024-02-03,Girona,Sociedad,15,1.7333333333333334,0.5,2.033333333333333,1.8333333333333333,1.3333333333333333,4,1.7244897959183674,0.30612244897959184,1.5510204081632653,1.2551020408163265,0.9489795918367347,4.716666666666667,4.336734693877551,4.516666666666667,3.5306122448979593,4.133333333333334,4.581632653061225,2.3333333333333335,2.377551020408163,0.38869257950530034,0.28941176470588237,1.3833333333333333,1.2051020408163264,0.17823129251700687,-11,1.147897262207169,1,11,11,5,28,27,6,3,3,13,9,5,D
2024-02-04,Osasuna,Celta,9,1.2857142857142858,-0.2653061224489796,1.4489795918367347,1.0204081632653061,1.2857142857142858,14,1.0816326530612246,-0.21428571428571427,0.9166666666666666,1.0918367346938775,1.3061224489795917,3.489795918367347,4.051020408163265,3.9591836734693877,3.816326530612245,4.346938775510204,4.846938775510204,2.4183673469387754,2.295918367346939,0.29239766081871343,0.2695214105793451,0.7673469387755103,0.6948979591836735,0.07244897959183683,5,1.104258443465492,1,7,7,7,21,24,4,5,7,20,25,3,A
2024-02-04,Villarreal,Cadiz,7,1.489795918367347,0.336734693877551,1.7551020408163265,1.5816326530612246,1.2448979591836735,16,0.9897959183673469,-0.5612244897959183,0.8163265306122449,0.8163265306122449,1.3775510204081634,4.704081632653061,3.1122448979591835,4.326530612244898,4.959183673469388,5.204081632653061,4.224489795918367,2.5,3.1530612244897958,0.3362255965292842,0.26229508196721313,1.1622448979591837,0.489795918367347,0.6724489795918367,9,2.372916666666667,0,7,10,12,26,28,2,1,7,9,17,5,D
2024-02-04,Real Madrid,Ath Madrid,1,2.2551020408163267,1.2346938775510203,2.4166666666666665,2.061224489795918,0.826530612244898,3,1.989795918367347,0.8061224489795918,1.625,1.8265306122448979,1.0204081632653061,6.357142857142857,4.8979591836734695,3.377551020408163,3.2653061224489797,5.8979591836734695,4.948979591836735,1.989795918367347,2.673469387755102,0.32423756019261635,0.3729166666666667,1.910204081632653,1.6020408163265305,0.3081632653061226,2,1.1923566878980894,0,15,9,3,29,8,12,9,5,32,18,3,D
2024-02-04,Betis,Getafe,5,1.6224489795918366,0.2857142857142857,1.7551020408163265,1.3571428571428572,1.0714285714285714,12,1.1224489795918366,-0.21428571428571427,0.6938775510204082,0.9693877551020408,1.183673469387755,4.346938775510204,3.4693877551020407,3.806122448979592,4.13265306122449,4.653061224489796,3.489795918367347,2.4285714285714284,3.63265306122449,0.31220657276995306,0.27941176470588236,1.1683673469387754,0.6908163265306122,0.4775510204081632,7,1.691285081240768,0,7,6,7,20,17,4,7,10,22,31,3,D
2024-02-05,Vallecano,Sevilla,11,1.1734693877551021,-0.2857142857142857,1.4375,1.0510204081632653,1.336734693877551,8,1.3877551020408163,0.07142857142857142,1.1875,1.2959183673469388,1.2244897959183674,4.040816326530612,4.030612244897959,4.1938775510204085,4.0,4.857142857142857,4.908163265306122,2.693877551020408,3.061224489795918,0.2601010101010101,0.32151898734177214,0.7112244897959183,0.9744897959183674,-0.263265306122449,-3,0.7298429319371728,0,4,3,5,14,14,1,4,12,16,30,3,A
2024-02-09,Cadiz,Betis,16,0.98989898989899,-0.5555555555555556,1.163265306122449,0.8080808080808081,1.3636363636363635,5,1.6161616161616161,0.2828282828282828,1.489795918367347,1.3535353535353536,1.0707070707070707,3.101010101010101,4.333333333333333,4.94949494949495,3.787878787878788,4.202020202020202,4.636363636363637,3.1313131313131315,2.474747474747475,0.26058631921824105,0.3123543123543124,0.48989898989898994,1.1636363636363636,-0.6737373737373736,-11,0.42100694444444453,0,2,1,7,9,20,7,6,7,19,15,-5,A
2024-02-10,Alaves,Villarreal,19,0.9344262295081968,-0.6721311475409836,1.3666666666666667,0.8852459016393442,1.5573770491803278,7,1.4848484848484849,0.3333333333333333,1.2244897959183674,1.5656565656565657,1.2323232323232323,3.360655737704918,4.696969696969697,4.278688524590164,4.303030303030303,4.131147540983607,5.282828282828283,2.4098360655737703,2.505050505050505,0.2634146341463415,0.3333333333333333,0.4426229508196722,1.1555555555555554,-0.7129326047358833,-12,0.3830390920554856,0,10,9,6,18,23,5,7,10,22,25,5,D
2024-02-10,Sociedad,Osasuna,4,1.7171717171717171,0.30303030303030304,1.8979591836734695,1.2424242424242424,0.9393939393939394,9,1.2727272727272727,-0.29292929292929293,1.1224489795918366,1.0101010101010102,1.303030303030303,4.313131313131313,3.4646464646464645,3.525252525252525,3.9696969696969697,4.575757575757576,4.393939393939394,2.3838383838383836,2.414141414141414,0.28805620608899296,0.2915451895043732,1.197979797979798,0.7505050505050506,0.44747474747474736,5,1.5962314939434723,0,6,3,3,14,10,7,5,7,15,21,-1,A
2024-02-10,Real Madrid,Girona,1,2.242424242424242,1.2222222222222223,2.3877551020408165,2.0505050505050506,0.8282828282828283,15,1.721311475409836,0.4918032786885246,1.4333333333333333,1.8032786885245902,1.3114754098360655,6.333333333333333,4.688524590163935,3.393939393939394,4.475409836065574,5.858585858585859,4.114754098360656,1.9696969696969697,2.3278688524590163,0.3237639553429027,0.38461538461538464,1.8979797979797979,1.3688524590163933,0.5291273389634046,14,1.3865481158894333,0,13,9,4,29,11,11,10,4,27,25,2,H
2024-02-10,Las Palmas,Valencia,24,1.391304347826087,0.13043478260869565,1.6363636363636365,1.0,0.8695652173913043,10,1.2626262626262625,-0.06060606060606061,0.94,1.202020202020202,1.2626262626262625,3.347826086956522,3.7474747474747474,4.434782608695652,4.141414141414141,3.9130434782608696,4.767676767676767,2.608695652173913,2.9292929292929295,0.2987012987012987,0.32075471698113206,0.9347826086956521,0.8535353535353535,0.08124725516029863,-14,1.0951890918446103,1,7,8,5,19,17,12,10,5,19,22,-5,H
2024-02-11,Sevilla,Ath Madrid,8,1.404040404040404,0.08080808080808081,1.58,1.303030303030303,1.2222222222222223,3,1.97979797979798,0.797979797979798,1.6122448979591837,1.8181818181818181,1.02020202020202,4.05050505050505,4.898989898989899,4.01010101010101,3.272727272727273,4.858585858585859,4.97979797979798,3.0505050505050506,2.696969696969697,0.32169576059850374,0.3711340206185567,0.9868686868686869,1.592929292929293,-0.6060606060606062,-5,0.6195307545973366,0,4,6,12,20,31,10,9,6,33,20,-6,H
2024-02-11,Barcelona,Granada,2,2.1313131313131315,0.9797979797979798,2.26,1.8686868686868687,0.8888888888888888,20,0.819672131147541,-0.639344262295082,0.5666666666666667,1.098360655737705,1.7377049180327868,5.363636363636363,3.639344262295082,3.2323232323232323,5.19672131147541,6.171717171717172,4.016393442622951,2.474747474747475,2.80327868852459,0.3483992467043315,0.30180180180180183,1.7333333333333334,0.43770491803278694,1.2956284153005464,18,3.960049937578027,0,12,13,9,28,17,4,3,5,16,23,8,D
2024-02-11,Getafe,Celta,12,1.121212121212121,-0.21212121212121213,1.5510204081632653,0.9696969696969697,1.1818181818181819,13,1.101010101010101,-0.18181818181818182,0.9591836734693877,1.1111111111111112,1.292929292929293,3.4545454545454546,4.0606060606060606,4.121212121212121,3.787878787878788,3.505050505050505,4.808080808080808,3.6363636363636362,2.272727272727273,0.2807017543859649,0.2736318407960199,0.6909090909090909,0.7181818181818181,-0.027272727272727226,1,0.9620253164556962,1,4,5,8,15,30,7,6,4,20,18,-3,H
2024-02-11,Mallorca,Vallecano,14,1.101010101010101,-0.4444444444444444,1.530612244897959,0.9292929292929293,1.3737373737373737,11,1.1616161616161615,-0.29292929292929293,0.92,1.0505050505050506,1.3434343434343434,3.303030303030303,4.05050505050505,4.02020202020202,4.212121212121212,4.08080808080808,4.8686868686868685,3.090909090909091,2.686868686868687,0.28134556574923547,0.2593516209476309,0.603030303030303,0.703030303030303,-0.09999999999999998,-3,0.8577586206896552,1,2,2,8,11,20,4,4,6,18,17,-2,H
2024-02-12,Almeria,Ath Bilbao,21,0.7704918032786885,-0.7377049180327869,1.2666666666666666,1.1639344262295082,1.901639344262295,6,1.5252525252525253,0.32323232323232326,1.2448979591836735,1.3333333333333333,1.0101010101010102,4.19672131147541,4.565656565656566,5.295081967213115,3.4242424242424243,4.377049180327869,6.151515151515151,2.557377049180328,2.323232323232323,0.27734375,0.2920353982300885,0.3967213114754098,1.1262626262626263,-0.7295413147872165,-15,0.3522458281261486,0,1,3,9,17,14,10,8,2,18,8,-9,D
2024-02-16,Villarreal,Getafe,7,1.48,0.33,1.74,1.56,1.23,12,1.14,-0.2,0.7,0.99,1.19,4.69,3.46,4.3,4.12,5.32,3.47,2.5,3.61,0.3326226012793177,0.2861271676300578,1.151,0.708,0.44300000000000006,5,1.6257062146892656,0,6,7,8,22,21,7,8,8,19,26,-1,D
2024-02-17,Osasuna,Cadiz,9,1.29,-0.28,1.42,1.01,1.29,16,0.98,-0.57,0.82,0.8,1.37,3.45,3.12,3.96,4.95,4.39,4.21,2.39,3.11,0.2927536231884058,0.2564102564102564,0.7630000000000001,0.47900000000000004,0.2840000000000001,7,1.5929018789144052,0,7,5,7,15,24,2,1,7,12,17,5,H
2024-02-17,Ath Madrid,Las Palmas,3,1.96,0.78,2.34,1.8,1.02,23,1.4583333333333333,0.20833333333333334,1.1666666666666667,1.0416666666666667,0.8333333333333334,4.9,3.3333333333333335,3.3,4.291666666666667,5.0,3.9583333333333335,2.68,2.5833333333333335,0.3673469387755102,0.3125,1.574,1.0,0.5740000000000001,20,1.574,0,10,6,3,26,17,10,9,3,19,13,0,H
2024-02-17,Valencia,Sevilla,10,1.25,-0.08,1.5918367346938775,1.19,1.27,8,1.42,0.09,1.2244897959183674,1.3,1.21,3.72,4.07,4.13,4.02,4.72,4.83,2.9,3.04,0.31989247311827956,0.3194103194103194,0.839,0.997,-0.15800000000000003,-2,0.8415245737211635,1,9,7,6,12,21,7,7,10,24,30,2,D
2024-02-17,Celta,Barcelona,14,1.09,-0.19,1.24,1.12,1.31,2,2.12,0.97,2.0,1.88,0.91,4.06,5.37,3.79,3.25,4.8,6.17,2.27,2.46,0.27586206896551724,0.3500931098696462,0.7120000000000001,1.7269999999999999,-1.0149999999999997,-12,0.41227562246670535,0,4,6,6,18,19,10,14,11,29,19,-6,A
2024-02-18,Vallecano,Real Madrid,12,1.15,-0.3,1.4081632653061225,1.05,1.35,1,2.25,1.25,2.1,2.07,0.82,4.05,6.33,4.22,3.36,4.83,5.8,2.66,1.96,0.25925925925925924,0.32701421800947866,0.6950000000000001,1.914,-1.2189999999999999,-11,0.36311389759665624,0,1,3,8,14,22,13,12,4,30,11,-12,D
2024-02-18,Granada,Almeria,20,0.8225806451612904,-0.6290322580645161,1.064516129032258,1.1290322580645162,1.7580645161290323,21,0.7741935483870968,-0.7258064516129032,0.2903225806451613,1.1451612903225807,1.8709677419354838,3.661290322580645,4.193548387096774,5.209677419354839,5.274193548387097,3.9838709677419355,4.370967741935484,2.7903225806451615,2.596774193548387,0.30837004405286345,0.27307692307692305,0.44838709677419364,0.3983870967741936,0.050000000000000044,1,1.1255060728744941,1,2,4,8,13,27,2,3,8,21,16,0,D
2024-02-18,Mallorca,Sociedad,13,1.12,-0.43,1.56,0.94,1.37,4,1.7,0.29,1.54,1.23,0.94,3.32,4.3,4.02,3.51,4.09,4.6,3.1,2.36,0.28313253012048195,0.28604651162790695,0.619,1.1829999999999998,-0.5639999999999998,-9,0.5232459847844464,0,5,4,8,16,19,5,2,3,11,10,0,A
2024-02-18,Betis,Alaves,5,1.63,0.3,1.74,1.36,1.06,19,0.9354838709677419,-0.6612903225806451,0.5161290322580645,0.8870967741935484,1.5483870967741935,4.34,3.370967741935484,3.8,4.274193548387097,4.62,4.225806451612903,2.46,2.370967741935484,0.31336405529953915,0.2631578947368421,1.177,0.4467741935483871,0.730225806451613,14,2.6344404332129963,0,10,7,5,21,14,10,9,6,20,21,0,D
2024-02-19,Ath Bilbao,Girona,6,1.52,0.32,1.8,1.32,1.0,15,1.6935483870967742,0.41935483870967744,1.3870967741935485,1.7741935483870968,1.3548387096774193,4.56,4.612903225806452,3.43,4.5,6.19,4.080645161290323,2.31,2.3225806451612905,0.2894736842105263,0.38461538461538464,1.12,1.3274193548387099,-0.20741935483870977,9,0.8437424058323207,1,8,6,2,16,10,8,6,5,18,19,0,H
2024-02-23,Sociedad,Villarreal,4,1.7128712871287128,0.297029702970297,1.86,1.2376237623762376,0.9405940594059405,7,1.4752475247524752,0.32673267326732675,1.22,1.5544554455445545,1.2277227722772277,4.306930693069307,4.712871287128713,3.485148514851485,4.2772277227722775,4.643564356435643,5.346534653465347,2.386138613861386,2.4752475247524752,0.28735632183908044,0.32983193277310924,1.193069306930693,1.1465346534653467,0.046534653465346354,3,1.0405872193436958,1,8,3,2,15,8,7,8,6,26,20,1,A
2024-02-24,Barcelona,Getafe,2,2.128712871287129,0.9702970297029703,2.235294117647059,1.881188118811881,0.9108910891089109,12,1.1386138613861385,-0.19801980198019803,0.7058823529411765,0.9900990099009901,1.188118811881188,5.356435643564357,3.4455445544554455,3.257425742574257,4.148514851485149,6.158415841584159,3.4653465346534653,2.4752475247524752,3.5841584158415842,0.3512014787430684,0.28735632183908044,1.7316831683168319,0.7079207920792079,1.023762376237624,10,2.446153846153847,0,10,12,10,29,18,8,7,6,14,26,2,H
2024-02-24,Alaves,Mallorca,19,0.9365079365079365,-0.6507936507936508,1.3548387096774193,0.873015873015873,1.5238095238095237,13,1.108910891089109,-0.43564356435643564,0.68,0.9405940594059405,1.3762376237623761,3.380952380952381,3.297029702970297,4.238095238095238,4.02970297029703,4.285714285714286,4.079207920792079,2.365079365079365,3.1485148514851486,0.25821596244131456,0.2852852852852853,0.4476190476190477,0.611881188118812,-0.1642621404997643,-6,0.7315456927107412,1,8,6,4,16,19,4,4,9,11,22,4,D
2024-02-24,Almeria,Ath Madrid,21,0.7777777777777778,-0.7142857142857143,1.2580645161290323,1.1428571428571428,1.8571428571428572,3,1.9702970297029703,0.8217821782178217,1.58,1.8316831683168318,1.00990099009901,4.174603174603175,4.920792079207921,5.301587301587301,3.287128712871287,4.365079365079365,4.98019801980198,2.6031746031746033,2.6732673267326734,0.2737642585551331,0.3722334004024145,0.4031746031746032,1.598019801980198,-1.194845198805595,-18,0.2522963749729549,0,2,4,9,21,22,10,10,3,28,17,-8,D
2024-02-25,Cadiz,Celta,16,0.9702970297029703,-0.5841584158415841,1.14,0.7920792079207921,1.3762376237623761,14,1.0792079207920793,-0.19801980198019803,0.94,1.118811881188119,1.316831683168317,3.099009900990099,4.0594059405940595,4.9405940594059405,3.792079207920792,4.207920792079208,4.772277227722772,3.099009900990099,2.267326732673267,0.25559105431309903,0.275609756097561,0.46831683168316834,0.703960396039604,-0.2356435643564357,-2,0.6652601969057665,1,2,0,5,11,16,3,6,7,20,17,-1,D
2024-02-25,Betis,Ath Bilbao,5,1.6237623762376239,0.297029702970297,1.7254901960784315,1.3465346534653466,1.0495049504950495,6,1.5346534653465347,0.32673267326732675,1.24,1.3366336633663367,1.00990099009901,4.316831683168317,4.584158415841584,3.801980198019802,3.4554455445544554,4.633663366336633,6.158415841584159,2.485148514851485,2.297029702970297,0.3119266055045872,0.2915766738660907,1.1702970297029704,1.1326732673267328,0.03762376237623766,1,1.0332167832167833,1,8,6,5,17,16,8,7,3,20,15,0,H
2024-02-25,Las Palmas,Osasuna,23,1.4,0.0,1.75,1.0,1.0,9,1.306930693069307,-0.25742574257425743,1.16,1.0198019801980198,1.2772277227722773,3.28,3.4554455445544554,4.4,3.9306930693069306,4.0,4.396039603960396,2.56,2.405940594059406,0.3048780487804878,0.29512893982808025,0.8999999999999999,0.7801980198019802,0.11980198019801969,-14,1.1535532994923856,1,7,6,8,18,17,7,4,5,12,18,0,D
2024-02-25,Real Madrid,Sevilla,1,2.237623762376238,1.2376237623762376,2.4,2.0594059405940595,0.8217821782178217,8,1.4158415841584158,0.0891089108910891,1.22,1.2871287128712872,1.198019801980198,6.306930693069307,4.03960396039604,3.3564356435643563,4.01980198019802,5.841584158415841,4.801980198019802,1.9801980198019802,3.01980198019802,0.32653061224489793,0.31862745098039214,1.901980198019802,0.9920792079207921,0.9099009900990098,7,1.9171656686626746,0,11,10,3,28,12,8,5,7,21,26,3,H
2024-02-26,Girona,Vallecano,15,1.6666666666666667,0.3968253968253968,2.0,1.7777777777777777,1.380952380952381,11,1.1485148514851484,-0.297029702970297,0.9019607843137255,1.0495049504950495,1.3465346534653466,4.634920634920635,4.03960396039604,4.5396825396825395,4.217821782178218,4.079365079365079,4.821782178217822,2.3174603174603177,2.6732673267326734,0.3835616438356164,0.25980392156862747,1.307936507936508,0.695049504950495,0.612887002986013,-4,1.8817889929001042,0,7,8,8,23,23,2,4,7,14,21,5,H
2024-03-01,Celta,Almeria,14,1.0784313725490196,-0.19607843137254902,1.2156862745098038,1.1274509803921569,1.3235294117647058,21,0.78125,-0.703125,0.3125,1.15625,1.859375,4.049019607843137,4.171875,3.8137254901960786,5.359375,4.735294117647059,4.328125,2.2745098039215685,2.578125,0.2784503631961259,0.27715355805243447,0.7058823529411764,0.4109375,0.2949448529411764,7,1.7177365242675016,0,4,8,8,21,21,3,4,8,23,25,1,H
2024-03-02,Sevilla,Sociedad,8,1.4019607843137254,0.0784313725490196,1.607843137254902,1.2745098039215685,1.196078431372549,4,1.696078431372549,0.27450980392156865,1.5686274509803921,1.2352941176470589,0.9607843137254902,4.009803921568627,4.3431372549019605,4.03921568627451,3.4901960784313726,4.7745098039215685,4.7254901960784315,3.019607843137255,2.392156862745098,0.31784841075794623,0.28442437923250563,0.9794117647058823,1.177450980392157,-0.19803921568627458,-4,0.8318068276436302,1,8,4,3,19,24,5,3,5,21,10,3,H
2024-03-02,Vallecano,Cadiz,11,1.1372549019607843,-0.3235294117647059,1.4,1.0392156862745099,1.3627450980392157,16,0.9705882352941176,-0.5784313725490197,0.803921568627451,0.803921568627451,1.3823529411764706,4.009803921568627,3.127450980392157,4.254901960784314,4.921568627450981,4.794117647058823,4.254901960784314,2.7058823529411766,3.088235294117647,0.2591687041564792,0.25705329153605017,0.6794117647058824,0.4725490196078431,0.20686274509803926,5,1.437759336099585,1,1,4,10,15,26,3,2,6,16,16,-2,D
2024-03-02,Getafe,Las Palmas,12,1.1274509803921569,-0.23529411764705882,1.58,0.9803921568627451,1.2156862745098038,23,1.3846153846153846,0.0,1.0769230769230769,1.0,1.0,3.450980392156863,3.269230769230769,4.196078431372549,4.3076923076923075,3.5098039215686274,4.076923076923077,3.588235294117647,2.5384615384615383,0.2840909090909091,0.3058823529411765,0.6892156862745098,0.8923076923076922,-0.20309200603318245,11,0.772396889790399,1,5,5,10,14,32,5,5,9,16,16,0,D
2024-03-02,Valencia,Real Madrid,10,1.2475247524752475,-0.07920792079207921,1.58,1.1782178217821782,1.2574257425742574,1,2.2450980392156863,1.2352941176470589,2.0784313725490198,2.049019607843137,0.8137254901960784,3.722772277227723,6.303921568627451,4.099009900990099,3.3333333333333335,4.742574257425742,5.852941176470588,2.871287128712871,1.9705882352941178,0.31648936170212766,0.3250388802488336,0.8356435643564356,1.9029411764705881,-1.0672976121141526,-9,0.439132630419147,0,7,3,5,11,20,11,9,2,29,11,-4,D
2024-03-03,Villarreal,Granada,7,1.4901960784313726,0.3431372549019608,1.7254901960784315,1.5686274509803921,1.2254901960784315,20,0.8253968253968254,-0.6190476190476191,0.5806451612903226,1.126984126984127,1.746031746031746,4.705882352941177,3.7142857142857144,4.313725490196078,5.174603174603175,5.313725490196078,4.079365079365079,2.4901960784313726,2.7777777777777777,0.3333333333333333,0.3034188034188034,1.1617647058823528,0.45238095238095233,0.7093837535014005,13,2.568111455108359,0,9,10,6,25,26,3,5,8,18,24,6,H
2024-03-03,Ath Madrid,Betis,3,1.9607843137254901,0.8137254901960784,2.3529411764705883,1.8333333333333333,1.0196078431372548,5,1.6372549019607843,0.3137254901960784,1.52,1.3627450980392157,1.0490196078431373,4.96078431372549,4.323529411764706,3.2941176470588234,3.7745098039215685,5.0,4.637254901960785,2.656862745098039,2.4705882352941178,0.3695652173913043,0.31519274376417233,1.5911764705882352,1.1852941176470588,0.40588235294117636,2,1.3424317617866004,0,8,10,5,29,18,11,7,2,17,13,-3,H
2024-03-03,Mallorca,Girona,14,1.107843137254902,-0.43137254901960786,1.5294117647058822,0.9411764705882353,1.3725490196078431,15,1.6875,0.4375,1.34375,1.796875,1.359375,3.343137254901961,4.6875,4.0,4.484375,4.068627450980392,4.046875,3.1372549019607843,2.328125,0.28152492668621704,0.38333333333333336,0.6127450980392157,1.334375,-0.7216299019607844,1,0.45920007347201175,0,4,4,9,17,18,7,6,7,23,21,-3,H
2024-03-03,Ath Bilbao,Barcelona,7,1.5196078431372548,0.30392156862745096,1.8235294117647058,1.3333333333333333,1.0294117647058822,2,2.1372549019607843,1.0,2.02,1.9019607843137254,0.9019607843137255,4.549019607843137,5.392156862745098,3.4705882352941178,3.264705882352941,6.127450980392157,6.147058823529412,2.343137254901961,2.4607843137254903,0.29310344827586204,0.3527272727272727,1.1176470588235294,1.7490196078431373,-0.6313725490196078,-5,0.6390134529147983,0,8,8,5,18,19,13,13,5,28,16,-5,D
2024-03-04,Osasuna,Alaves,9,1.303921568627451,-0.2549019607843137,1.4509803921568627,1.0196078431372548,1.2745098039215685,19,0.9375,-0.640625,0.53125,0.875,1.515625,3.4411764705882355,3.34375,3.9215686274509802,4.296875,4.421568627450981,4.265625,2.392156862745098,2.328125,0.2962962962962963,0.2616822429906542,0.7794117647058825,0.4515625000000001,0.3278492647058824,10,1.7260329737431304,0,7,4,5,10,16,6,6,5,14,26,1,H
2024-03-08,Barcelona,Mallorca,2,2.1262135922330097,0.9902912621359223,2.25,1.883495145631068,0.8932038834951457,13,1.1262135922330097,-0.4174757281553398,0.6862745098039216,0.941747572815534,1.3592233009708738,5.359223300970874,3.3300970873786406,3.2524271844660193,4.0,6.12621359223301,4.106796116504855,2.466019417475728,3.1553398058252426,0.35144927536231885,0.282798833819242,1.736893203883495,0.6262135922330097,1.1106796116504853,11,2.773643410852713,0,11,12,5,26,17,7,5,8,18,20,4,H
2024-03-09,Cadiz,Ath Madrid,16,0.970873786407767,-0.5728155339805825,1.1372549019607843,0.8058252427184466,1.3786407766990292,3,1.970873786407767,0.8155339805825242,1.5686274509803921,1.8349514563106797,1.0194174757281553,3.145631067961165,5.029126213592233,4.922330097087379,3.320388349514563,4.300970873786408,4.990291262135922,3.0679611650485437,2.6407766990291264,0.25617283950617287,0.36486486486486486,0.474757281553398,1.5970873786407767,-1.1223300970873786,-13,0.2972644376899696,0,3,3,7,19,21,8,10,5,38,22,-5,H
2024-03-09,Valencia,Getafe,10,1.2450980392156863,-0.0784313725490196,1.5686274509803921,1.1862745098039216,1.2647058823529411,12,1.1262135922330097,-0.23300970873786409,0.6923076923076923,1.0,1.233009708737864,3.735294117647059,3.466019417475728,4.107843137254902,4.203883495145631,4.715686274509804,3.5145631067961167,2.8627450980392157,3.592233009708738,0.31758530183727035,0.28851540616246496,0.8362745098039216,0.6932038834951456,0.14307062630877598,2,1.2063903992969738,1,5,4,7,15,22,6,8,11,17,28,-1,H
2024-03-09,Girona,Osasuna,15,1.6615384615384616,0.4153846153846154,2.03125,1.7692307692307692,1.353846153846154,9,1.3203883495145632,-0.24271844660194175,1.1568627450980393,1.0194174757281553,1.2621359223300972,4.676923076923077,3.4466019417475726,4.446153846153846,3.9223300970873787,4.061538461538461,4.427184466019417,2.292307692307692,2.3883495145631066,0.3782894736842105,0.29577464788732394,1.3092307692307692,0.7912621359223302,0.517968633308439,-6,1.6546106654082111,0,4,5,8,21,18,10,5,4,13,16,-6,H
2024-03-09,Granada,Sociedad,20,0.8125,-0.671875,1.0625,1.125,1.796875,4,1.6796116504854368,0.2621359223300971,1.5384615384615385,1.2427184466019416,0.9805825242718447,3.703125,4.339805825242719,5.25,3.504854368932039,4.078125,4.728155339805825,2.765625,2.3883495145631066,0.3037974683544304,0.28635346756152125,0.4296875,1.166990291262136,-0.7373027912621359,-16,0.36820143510815306,0,3,6,12,19,29,4,5,8,22,15,-1,A
2024-03-10,Alaves,Vallecano,19,0.9230769230769231,-0.6461538461538462,1.34375,0.8615384615384616,1.5076923076923077,11,1.1359223300970873,-0.32038834951456313,0.8846153846153846,1.0388349514563107,1.3592233009708738,3.353846153846154,4.019417475728155,4.292307692307692,4.262135922330097,4.276923076923077,4.786407766990291,2.3076923076923075,2.6893203883495147,0.25688073394495414,0.2584541062801932,0.44,0.6796116504854368,-0.2396116504854368,-8,0.6474285714285715,1,3,3,6,15,23,2,4,9,18,28,1,H
2024-03-10,Las Palmas,Ath Bilbao,23,1.3703703703703705,0.0,1.6923076923076923,1.0740740740740742,1.0740740740740742,6,1.5145631067961165,0.30097087378640774,1.2156862745098038,1.3203883495145632,1.0194174757281553,3.3333333333333335,4.524271844660194,4.333333333333333,3.4563106796116503,4.074074074074074,6.106796116504855,2.4814814814814814,2.349514563106796,0.32222222222222224,0.2918454935622318,0.9000000000000001,1.1116504854368932,-0.21165048543689302,-17,0.8096069868995635,1,6,7,10,19,16,8,8,5,20,19,-2,A
2024-03-10,Real Madrid,Celta,1,2.233009708737864,1.2233009708737863,2.411764705882353,2.0485436893203883,0.8252427184466019,14,1.0970873786407767,-0.18446601941747573,0.9411764705882353,1.1262135922330097,1.3106796116504855,6.29126213592233,4.067961165048544,3.349514563106796,3.7766990291262137,5.815533980582524,4.757281553398058,1.9902912621359223,2.262135922330097,0.3256172839506173,0.27684964200477324,1.8932038834951457,0.7184466019417475,1.1747572815533982,13,2.6351351351351355,0,9,9,4,25,14,7,9,7,22,15,2,H
2024-03-10,Betis,Villarreal,5,1.6213592233009708,0.30097087378640774,1.75,1.3592233009708738,1.058252427184466,7,1.5048543689320388,0.3786407766990291,1.2549019607843137,1.6019417475728155,1.2233009708737863,4.339805825242719,4.757281553398058,3.854368932038835,4.300970873786408,4.650485436893204,5.320388349514563,2.466019417475728,2.4757281553398056,0.3131991051454139,0.336734693877551,1.1728155339805826,1.1864077669902913,-0.013592233009708687,2,0.9885433715220949,1,8,7,4,21,24,9,10,4,29,19,-1,A
2024-03-11,Almeria,Sevilla,21,0.7692307692307693,-0.7076923076923077,1.25,1.1384615384615384,1.8461538461538463,8,1.4174757281553398,0.08737864077669903,1.196078431372549,1.2912621359223302,1.203883495145631,4.107692307692307,4.019417475728155,5.369230769230769,4.038834951456311,4.2615384615384615,4.747572815533981,2.5846153846153848,3.0,0.27715355805243447,0.321256038647343,0.4,0.9932038834951457,-0.5932038834951456,-13,0.40273704789833825,0,3,4,6,16,28,10,6,4,19,24,-7,D
2024-03-15,Sociedad,Cadiz,4,1.6923076923076923,0.2692307692307692,1.8235294117647058,1.2596153846153846,0.9903846153846154,16,0.9903846153846154,-0.5480769230769231,0.8076923076923077,0.8173076923076923,1.3653846153846154,4.375,3.144230769230769,3.5288461538461537,4.913461538461538,4.740384615384615,4.288461538461538,2.3846153846153846,3.076923076923077,0.2879120879120879,0.2599388379204893,1.1788461538461539,0.49423076923076925,0.6846153846153846,12,2.385214007782101,0,6,8,10,28,18,5,5,7,20,21,1,H
2024-03-16,Mallorca,Granada,13,1.1153846153846154,-0.4230769230769231,1.5576923076923077,0.9326923076923077,1.3557692307692308,20,0.8,-0.676923076923077,0.5625,1.1384615384615384,1.8153846153846154,3.326923076923077,3.7384615384615385,4.019230769230769,5.292307692307692,4.076923076923077,4.076923076923077,3.1346153846153846,2.7384615384615385,0.28034682080924855,0.3045267489711934,0.6173076923076923,0.4246153846153846,0.19269230769230772,7,1.453804347826087,1,7,5,5,19,20,3,8,13,22,33,4,H
2024-03-16,Osasuna,Real Madrid,9,1.3076923076923077,-0.25961538461538464,1.4807692307692308,1.0096153846153846,1.2692307692307692,1,2.2403846153846154,1.25,2.0576923076923075,2.0673076923076925,0.8173076923076923,3.423076923076923,6.355769230769231,3.9423076923076925,3.326923076923077,4.451923076923077,5.875,2.394230769230769,1.9903846153846154,0.2949438202247191,0.32526475037821484,0.7778846153846153,1.9086538461538463,-1.130769230769231,-8,0.4075566750629722,0,10,5,3,13,17,11,12,3,34,10,-1,A
2024-03-16,Getafe,Girona,13,1.1153846153846154,-0.2403846153846154,1.5686274509803921,0.9903846153846154,1.2307692307692308,15,1.6818181818181819,0.4393939393939394,1.303030303030303,1.7727272727272727,1.3333333333333333,3.480769230769231,4.696969696969697,4.1923076923076925,4.393939393939394,3.5288461538461537,4.075757575757576,3.5865384615384617,2.303030303030303,0.2845303867403315,0.3774193548387097,0.6836538461538462,1.3272727272727274,-0.6436188811188812,2,0.515081664910432,0,5,7,11,20,28,6,7,8,24,17,-1,H
2024-03-16,Ath Bilbao,Alaves,6,1.5288461538461537,0.3173076923076923,1.8076923076923077,1.3269230769230769,1.0096153846153846,19,0.9545454545454546,-0.6212121212121212,0.5151515151515151,0.8636363636363636,1.4848484848484849,4.5,3.3636363636363638,3.4423076923076925,4.2727272727272725,6.076923076923077,4.318181818181818,2.355769230769231,2.303030303030303,0.2948717948717949,0.25675675675675674,1.125,0.4636363636363636,0.6613636363636364,13,2.4264705882352944,0,8,6,5,16,19,6,3,3,17,21,2,H
2024-03-17,Sevilla,Celta,8,1.4134615384615385,0.08653846153846154,1.6346153846153846,1.2980769230769231,1.2115384615384615,14,1.0865384615384615,-0.22115384615384615,0.9230769230769231,1.1153846153846154,1.3365384615384615,4.038461538461538,4.038461538461538,4.038461538461538,3.8653846153846154,4.778846153846154,4.721153846153846,2.9903846153846154,2.269230769230769,0.32142857142857145,0.2761904761904762,0.9923076923076923,0.7,0.2923076923076924,6,1.4175824175824177,0,8,6,5,19,23,4,6,11,18,27,4,A
2024-03-17,Las Palmas,Almeria,23,1.3214285714285714,-0.07142857142857142,1.5714285714285714,1.0357142857142858,1.1071428571428572,21,0.7727272727272727,-0.696969696969697,0.30303030303030304,1.1515151515151516,1.8484848484848484,3.2857142857142856,4.106060606060606,4.25,5.378787878787879,4.285714285714286,4.212121212121212,2.5,2.5757575757575757,0.31521739130434784,0.28044280442804426,0.8464285714285714,0.4075757575757576,0.43885281385281383,-2,2.076739245884227,0,5,6,11,15,17,4,5,6,15,32,1,A
2024-03-17,Villarreal,Valencia,7,1.5192307692307692,0.38461538461538464,1.75,1.6153846153846154,1.2307692307692308,10,1.2621359223300972,-0.06796116504854369,0.9215686274509803,1.1844660194174756,1.2524271844660195,4.75,3.7281553398058254,4.298076923076923,4.116504854368932,5.3076923076923075,4.718446601941747,2.5,2.854368932038835,0.340080971659919,0.3177083333333333,1.198076923076923,0.8475728155339806,0.3505041075429425,3,1.413538637765442,0,11,13,6,29,21,8,5,5,15,19,3,H
2024-03-17,Vallecano,Betis,13,1.125,-0.3269230769230769,1.392156862745098,1.0288461538461537,1.3557692307692308,5,1.6057692307692308,0.28846153846153844,1.4901960784313726,1.3653846153846154,1.0769230769230769,4.009615384615385,4.336538461538462,4.259615384615385,3.855769230769231,4.788461538461538,4.711538461538462,2.6826923076923075,2.480769230769231,0.2565947242206235,0.3148558758314856,0.6701923076923078,1.1625,-0.49230769230769234,-8,0.576509511993383,0,2,3,8,16,26,7,8,6,22,26,-5,H
2024-03-17,Ath Madrid,Barcelona,3,1.9519230769230769,0.7884615384615384,2.3653846153846154,1.8173076923076923,1.0288461538461537,2,2.1346153846153846,0.9903846153846154,2.0,1.875,0.8846153846153846,5.019230769230769,5.365384615384615,3.3173076923076925,3.25,4.951923076923077,6.105769230769231,2.6634615384615383,2.451923076923077,0.3620689655172414,0.34946236559139787,1.5759615384615384,1.739423076923077,-0.16346153846153855,-1,0.9060254284134881,1,7,9,6,37,21,11,10,4,27,18,-4,A
2024-03-29,Cadiz,Granada,16,0.9809523809523809,-0.5619047619047619,1.1730769230769231,0.8095238095238095,1.3714285714285714,21,0.7878787878787878,-0.6818181818181818,0.5454545454545454,1.121212121212121,1.803030303030303,3.1333333333333333,3.727272727272727,4.923809523809524,5.333333333333333,4.266666666666667,4.045454545454546,3.057142857142857,2.696969696969697,0.25835866261398177,0.3008130081300813,0.4838095238095238,0.41363636363636364,0.07017316017316017,5,1.1696493982208267,1,5,5,7,17,22,2,7,13,24,35,3,H
2024-03-30,Getafe,Sevilla,12,1.1333333333333333,-0.22857142857142856,1.5961538461538463,0.9904761904761905,1.2190476190476192,8,1.4,0.0761904761904762,1.1923076923076923,1.2952380952380953,1.2190476190476192,3.4761904761904763,4.038095238095238,4.180952380952381,4.0476190476190474,3.5142857142857142,4.761904761904762,3.5904761904761906,3.0,0.28493150684931506,0.32075471698113206,0.6961904761904762,0.981904761904762,-0.2857142857142857,-4,0.7090203685741998,0,5,5,9,19,27,5,6,7,17,23,0,A
2024-03-30,Almeria,Osasuna,20,0.8059701492537313,-0.6716417910447762,1.2424242424242424,1.1492537313432836,1.8208955223880596,9,1.2952380952380953,-0.2761904761904762,1.1346153846153846,1.019047619047619,1.2952380952380953,4.074626865671642,3.4285714285714284,5.388059701492537,3.9904761904761905,4.1940298507462686,4.457142857142857,2.5671641791044775,2.4,0.28205128205128205,0.2972222222222222,0.43134328358208956,0.7685714285714286,-0.337228144989339,-11,0.5612273206458415,0,6,6,6,13,34,7,6,7,15,23,-1,A
2024-03-30,Valencia,Mallorca,10,1.25,-0.07692307692307693,1.5961538461538463,1.1730769230769231,1.25,13,1.1333333333333333,-0.4095238095238095,0.6730769230769231,0.9333333333333333,1.3428571428571427,3.7596153846153846,3.3714285714285714,4.144230769230769,4.0095238095238095,4.6923076923076925,4.133333333333334,2.8365384615384617,3.123809523809524,0.31202046035805625,0.2768361581920904,0.8365384615384616,0.6304761904761905,0.20606227106227104,3,1.326835928422031,1,5,3,5,20,21,7,4,4,22,19,-2,D
2024-03-30,Barcelona,Las Palmas,2,2.142857142857143,1.0095238095238095,2.2641509433962264,1.8857142857142857,0.8761904761904762,23,1.2758620689655173,-0.10344827586206896,1.0714285714285714,1.0,1.103448275862069,5.3619047619047615,3.3793103448275863,3.2476190476190476,4.172413793103448,6.076190476190476,4.517241379310345,2.4380952380952383,2.4827586206896552,0.35168738898756663,0.29591836734693877,1.7514285714285713,0.806896551724138,0.9445320197044333,21,2.1705738705738704,0,13,10,1,26,16,2,4,12,18,18,11,H
2024-03-31,Alaves,Sociedad,19,0.9402985074626866,-0.6417910447761194,1.393939393939394,0.8507462686567164,1.492537313432836,4,1.7047619047619047,0.2857142857142857,1.5660377358490567,1.2666666666666666,0.9809523809523809,3.3582089552238807,4.390476190476191,4.268656716417911,3.5142857142857142,4.313432835820896,4.771428571428571,2.3134328358208953,2.3904761904761904,0.25333333333333335,0.2885032537960954,0.4477611940298508,1.1914285714285715,-0.7436673773987207,-15,0.3758187479866853,0,5,2,4,16,21,9,10,9,31,18,-4,A
2024-03-31,Celta,Vallecano,14,1.1047619047619048,-0.20952380952380953,1.25,1.1238095238095238,1.3333333333333333,11,1.1428571428571428,-0.3047619047619048,0.8679245283018868,1.0380952380952382,1.3428571428571427,4.0476190476190474,4.0095238095238095,3.8666666666666667,4.228571428571429,4.752380952380952,4.780952380952381,2.2476190476190476,2.6952380952380954,0.2776470588235294,0.2589073634204275,0.7142857142857144,0.6876190476190476,0.02666666666666684,-3,1.0387811634349033,1,7,6,9,19,27,5,4,6,16,22,2,D
2024-03-31,Girona,Betis,15,1.6567164179104477,0.417910447761194,2.0606060606060606,1.7462686567164178,1.328358208955224,5,1.5904761904761904,0.26666666666666666,1.4615384615384615,1.3523809523809525,1.0857142857142856,4.6716417910447765,4.304761904761905,4.373134328358209,3.857142857142857,4.08955223880597,4.742857142857143,2.328358208955224,2.4952380952380953,0.3738019169329074,0.3141592920353982,1.3029850746268656,1.1457142857142857,0.15727078891257995,-10,1.1372687683775635,1,6,7,5,27,14,4,6,8,18,25,2,H
2024-03-31,Real Madrid,Ath Bilbao,1,2.2476190476190476,1.2571428571428571,2.423076923076923,2.085714285714286,0.8285714285714286,6,1.542857142857143,0.3333333333333333,1.25,1.3333333333333333,1.0,6.380952380952381,4.495238095238095,3.3333333333333335,3.4380952380952383,5.885714285714286,6.066666666666666,1.9904761904761905,2.342857142857143,0.32686567164179103,0.2966101694915254,1.9180952380952383,1.138095238095238,0.7800000000000002,5,1.6853556485355652,0,11,12,5,37,14,10,8,5,16,18,1,H
2024-04-01,Villarreal,Ath Madrid,7,1.5333333333333334,0.3904761904761905,1.7735849056603774,1.6095238095238096,1.2190476190476192,3,1.9333333333333333,0.7523809523809524,1.5384615384615385,1.8,1.0476190476190477,4.771428571428571,5.0,4.3238095238095235,3.3333333333333335,5.314285714285714,4.9714285714285715,2.5238095238095237,2.676190476190476,0.3373253493013972,0.36,1.2057142857142857,1.5523809523809524,-0.3466666666666667,-4,0.7766871165644171,0,13,13,5,32,24,7,9,8,35,20,6,A
2024-04-04,Granada,Valencia,21,0.7761194029850746,-0.6865671641791045,1.0303030303030303,1.1044776119402986,1.791044776119403,10,1.2476190476190476,-0.0761904761904762,0.9038461538461539,1.161904761904762,1.2380952380952381,3.701492537313433,3.7714285714285714,5.3283582089552235,4.133333333333334,4.014925373134329,4.6761904761904765,2.716417910447761,2.8095238095238093,0.29838709677419356,0.30808080808080807,0.4029850746268657,0.8333333333333333,-0.43034825870646753,-11,0.4835820895522389,0,1,4,11,21,34,6,3,3,24,21,-5,A
2024-04-12,Betis,Celta,5,1.5754716981132075,0.25471698113207547,1.7169811320754718,1.3584905660377358,1.1037735849056605,14,1.1037735849056605,-0.20754716981132076,0.9622641509433962,1.1132075471698113,1.320754716981132,4.30188679245283,4.009433962264151,3.8679245283018866,3.849056603773585,4.735849056603773,4.735849056603773,2.509433962264151,2.2547169811320753,0.3157894736842105,0.2776470588235294,1.1358490566037736,0.7122641509433962,0.4235849056603773,9,1.5947019867549668,0,3,8,11,20,26,8,5,7,15,25,-5,H
2024-04-13,Ath Madrid,Girona,3,1.9433962264150944,0.7547169811320755,2.3207547169811322,1.8018867924528301,1.0471698113207548,15,1.6764705882352942,0.4264705882352941,1.2647058823529411,1.7647058823529411,1.338235294117647,5.028301886792453,4.676470588235294,3.3207547169811322,4.367647058823529,4.952830188679245,4.102941176470588,2.6792452830188678,2.338235294117647,0.35834896810506567,0.37735849056603776,1.558490566037736,1.3191176470588235,0.23937291897891244,12,1.181464420184683,1,7,6,9,36,20,9,8,4,26,11,-2,H
2024-04-13,Vallecano,Getafe,11,1.1415094339622642,-0.3018867924528302,1.4230769230769231,1.028301886792453,1.330188679245283,13,1.1226415094339623,-0.2358490566037736,0.6792452830188679,0.9811320754716981,1.2169811320754718,3.990566037735849,3.490566037735849,4.188679245283019,4.169811320754717,4.754716981132075,3.547169811320755,2.69811320754717,3.5943396226415096,0.2576832151300236,0.2810810810810811,0.6858490566037737,0.6867924528301887,-0.0009433962264150386,2,0.9986263736263737,1,5,3,5,15,18,4,4,9,22,23,1,D
2024-04-13,Mallorca,Real Madrid,13,1.1320754716981132,-0.4056603773584906,1.5849056603773586,0.9245283018867925,1.330188679245283,1,2.2547169811320753,1.2641509433962264,2.0754716981132075,2.0849056603773586,0.8207547169811321,3.3679245283018866,6.3584905660377355,4.018867924528302,3.330188679245283,4.122641509433962,5.867924528301887,3.1132075471698113,1.990566037735849,0.27450980392156865,0.327893175074184,0.629245283018868,1.9235849056603773,-1.2943396226415094,-12,0.3271211378126533,0,8,3,2,24,19,13,13,4,37,14,-5,A
2024-04-13,Cadiz,Barcelona,16,1.0,-0.5471698113207547,1.2075471698113207,0.8113207547169812,1.3584905660377358,2,2.150943396226415,1.009433962264151,2.019230769230769,1.8773584905660377,0.8679245283018868,3.150943396226415,5.330188679245283,4.89622641509434,3.2169811320754715,4.273584905660377,6.0754716981132075,3.047169811320755,2.4622641509433962,0.25748502994011974,0.35221238938053095,0.49811320754716987,1.7537735849056604,-1.2556603773584905,-14,0.28402366863905326,0,8,6,5,21,20,13,9,0,24,12,-5,A
2024-04-14,Las Palmas,Sevilla,23,1.2333333333333334,-0.13333333333333333,1.4666666666666666,0.9666666666666667,1.1,8,1.4150943396226414,0.08490566037735849,1.2264150943396226,1.2924528301886793,1.2075471698113207,3.2666666666666666,4.028301886792453,4.1,4.056603773584905,4.4,4.745283018867925,2.466666666666667,3.018867924528302,0.29591836734693877,0.32084309133489464,0.77,0.9915094339622641,-0.22150943396226408,-15,0.776593720266413,1,2,4,8,16,13,7,7,7,19,24,-5,A
2024-04-14,Granada,Alaves,21,0.7647058823529411,-0.6911764705882353,1.0,1.088235294117647,1.7794117647058822,19,0.9264705882352942,-0.6470588235294118,0.5,0.8382352941176471,1.4852941176470589,3.6911764705882355,3.3088235294117645,5.279411764705882,4.25,4.029411764705882,4.294117647058823,2.7205882352941178,2.3088235294117645,0.2948207171314741,0.25333333333333335,0.3926470588235294,0.436764705882353,-0.044117647058823595,-2,0.8989898989898989,1,0,3,11,17,33,4,2,5,12,22,-4,H
2024-04-14,Ath Bilbao,Villarreal,6,1.528301886792453,0.3113207547169811,1.830188679245283,1.320754716981132,1.009433962264151,7,1.5188679245283019,0.37735849056603776,1.2884615384615385,1.6037735849056605,1.2264150943396226,4.481132075471698,4.745283018867925,3.443396226415094,4.3584905660377355,6.0754716981132075,5.2924528301886795,2.330188679245283,2.5283018867924527,0.29473684210526313,0.3379721669980119,1.1216981132075472,1.1933962264150944,-0.07169811320754715,1,0.9399209486166008,1,7,5,5,12,16,12,13,6,27,30,-5,D
2024-04-14,Sociedad,Almeria,4,1.7169811320754718,0.29245283018867924,1.8461538461538463,1.2641509433962264,0.9716981132075472,21,0.7941176470588235,-0.7058823529411765,0.38235294117647056,1.1323529411764706,1.838235294117647,4.377358490566038,4.088235294117647,3.481132075471698,5.367647058823529,4.80188679245283,4.220588235294118,2.3867924528301887,2.573529411764706,0.28879310344827586,0.27697841726618705,1.199056603773585,0.4117647058823529,0.7872918978912321,17,2.911994609164421,0,9,9,8,29,17,5,5,8,15,31,4,D
2024-04-15,Osasuna,Valencia,9,1.3113207547169812,-0.24528301886792453,1.4528301886792452,1.0377358490566038,1.2830188679245282,10,1.2641509433962264,-0.0660377358490566,0.9433962264150944,1.1603773584905661,1.2264150943396226,3.4339622641509435,3.7547169811320753,4.0,4.122641509433962,4.4245283018867925,4.669811320754717,2.3962264150943398,2.792452830188679,0.3021978021978022,0.30904522613065327,0.7896226415094341,0.8443396226415094,-0.05471698113207535,1,0.9351955307262572,1,7,7,7,15,27,8,4,3,22,23,-1,A
2024-04-19,Ath Bilbao,Granada,6,1.5233644859813085,0.308411214953271,1.8148148148148149,1.3177570093457944,1.0093457943925233,20,0.7971014492753623,-0.6521739130434783,0.5294117647058824,1.1014492753623188,1.7536231884057971,4.4953271028037385,3.681159420289855,3.4299065420560746,5.246376811594203,6.046728971962617,3.9855072463768115,2.336448598130841,2.7246376811594204,0.29313929313929316,0.2992125984251969,1.1177570093457945,0.4231884057971015,0.694568603548693,14,2.641275124823966,0,8,5,3,17,13,3,4,6,17,26,5,D
2024-04-20,Celta,Las Palmas,14,1.0934579439252337,-0.21495327102803738,1.2452830188679245,1.1121495327102804,1.3271028037383177,23,1.1935483870967742,-0.1935483870967742,1.0,0.9354838709677419,1.1290322580645162,4.018691588785047,3.225806451612903,3.8411214953271027,4.064516129032258,4.738317757009346,4.451612903225806,2.2336448598130842,2.5161290322580645,0.27674418604651163,0.29,0.7046728971962617,0.7258064516129032,-0.021133554416641553,9,0.9708826583592939,1,7,4,7,17,22,1,3,9,15,14,6,H
2024-04-20,Vallecano,Osasuna,11,1.1401869158878504,-0.29906542056074764,1.4150943396226414,1.0186915887850467,1.3177570093457944,9,1.2990654205607477,-0.2523364485981308,1.169811320754717,1.02803738317757,1.280373831775701,3.97196261682243,3.4205607476635516,4.149532710280374,3.9906542056074765,4.738317757009346,4.420560747663552,2.710280373831776,2.3738317757009346,0.2564705882352941,0.3005464480874317,0.6841121495327103,0.7794392523364486,-0.09532710280373835,-2,0.8776978417266187,1,6,3,2,16,10,6,6,7,15,27,0,H
2024-04-20,Valencia,Betis,10,1.280373831775701,-0.056074766355140186,1.5849056603773586,1.158878504672897,1.2149532710280373,5,1.588785046728972,0.2616822429906542,1.4339622641509433,1.3644859813084111,1.102803738317757,3.7476635514018692,4.289719626168225,4.102803738317757,3.878504672897196,4.635514018691588,4.747663551401869,2.7850467289719627,2.4953271028037385,0.3092269326683292,0.31808278867102396,0.8551401869158879,1.1457943925233645,-0.29065420560747657,-5,0.7463295269168027,0,10,3,1,20,20,3,7,11,18,30,7,A
2024-04-20,Girona,Cadiz,15,1.6521739130434783,0.391304347826087,2.088235294117647,1.7536231884057971,1.3623188405797102,16,0.9906542056074766,-0.5514018691588785,0.7924528301886793,0.8037383177570093,1.355140186915888,4.681159420289855,3.149532710280374,4.36231884057971,4.869158878504673,4.043478260869565,4.308411214953271,2.3333333333333335,3.046728971962617,0.3746130030959752,0.2551928783382789,1.2942028985507248,0.49065420560747663,0.8035486929432482,1,2.6377087646652866,0,6,6,7,23,14,7,4,4,18,19,-1,H
2024-04-21,Getafe,Sociedad,13,1.1214953271028036,-0.2336448598130841,1.5660377358490567,0.9719626168224299,1.205607476635514,4,1.7102803738317758,0.2897196261682243,1.5925925925925926,1.2710280373831775,0.9813084112149533,3.457943925233645,4.373831775700935,4.149532710280374,3.4766355140186915,3.514018691588785,4.803738317757009,3.616822429906542,2.392523364485981,0.2810810810810811,0.2905982905982906,0.6850467289719626,1.1962616822429906,-0.511214953271028,-9,0.5726562500000001,0,5,4,5,18,16,10,10,7,25,16,-5,D
2024-04-21,Almeria,Villarreal,21,0.7971014492753623,-0.6956521739130435,1.2058823529411764,1.144927536231884,1.8405797101449275,7,1.514018691588785,0.37383177570093457,1.2830188679245282,1.5981308411214954,1.2242990654205608,4.072463768115942,4.719626168224299,5.3478260869565215,4.373831775700935,4.173913043478261,5.252336448598131,2.5652173913043477,2.542056074766355,0.28113879003558717,0.33861386138613864,0.41884057971014493,1.188785046728972,-0.7699444670188271,-14,0.35232658827818797,0,5,5,8,14,26,10,11,6,25,28,-5,A
2024-04-21,Alaves,Ath Madrid,19,0.9130434782608695,-0.6666666666666666,1.3529411764705883,0.8260869565217391,1.4927536231884058,3,1.9532710280373833,0.7663551401869159,1.5660377358490567,1.8130841121495327,1.0467289719626167,3.3043478260869565,5.018691588785047,4.231884057971015,3.336448598130841,4.304347826086956,4.925233644859813,2.3043478260869565,2.682242990654206,0.25,0.3612662942271881,0.4217391304347826,1.5691588785046728,-1.1474197480698902,-16,0.2687676411942927,0,3,1,6,14,17,9,7,8,31,21,-6,H
2024-04-21,Real Madrid,Barcelona,1,2.2616822429906542,1.2616822429906542,2.4339622641509435,2.074766355140187,0.8130841121495327,2,2.1588785046728973,1.0093457943925233,2.0377358490566038,1.8691588785046729,0.8598130841121495,6.383177570093458,5.299065420560748,3.317757009345794,3.2149532710280373,5.831775700934579,6.05607476635514,1.9813084112149533,2.467289719626168,0.32503660322108346,0.3527336860670194,1.924299065420561,1.7560747663551401,0.1682242990654208,1,1.0957956359765835,1,13,13,4,40,15,13,6,0,17,11,0,H
2024-04-22,Sevilla,Mallorca,8,1.4299065420560748,0.102803738317757,1.6037735849056605,1.2990654205607477,1.1962616822429906,14,1.1214953271028036,-0.411214953271028,0.6792452830188679,0.9158878504672897,1.3271028037383177,4.018691588785047,3.3551401869158877,4.037383177570093,4.065420560747664,4.719626168224299,4.121495327102804,3.0186915887850465,3.102803738317757,0.32325581395348835,0.27298050139275765,1.005607476635514,0.6205607476635514,0.3850467289719627,6,1.6204819277108435,0,10,9,6,21,20,7,2,2,18,27,3,H
2024-04-26,Sociedad,Real Madrid,4,1.7037037037037037,0.28703703703703703,1.830188679245283,1.2685185185185186,0.9814814814814815,1,2.2685185185185186,1.2592592592592593,2.0925925925925926,2.0833333333333335,0.8240740740740741,4.361111111111111,6.398148148148148,3.4814814814814814,3.3425925925925926,4.796296296296297,5.796296296296297,2.388888888888889,1.9907407407407407,0.2908704883227176,0.3256150506512301,1.1916666666666667,1.9287037037037038,-0.7370370370370372,-3,0.6178588574171867,0,11,9,5,24,15,15,14,4,43,16,-4,A
2024-04-27,Las Palmas,Girona,23,1.15625,-0.28125,1.375,0.9375,1.21875,15,1.6714285714285715,0.42857142857142855,1.2285714285714286,1.7857142857142858,1.3571428571428572,3.25,4.685714285714286,4.34375,4.371428571428571,4.4375,4.014285714285714,2.4375,2.3142857142857145,0.28846153846153844,0.38109756097560976,0.68125,1.3214285714285716,-0.6401785714285716,-8,0.5155405405405404,0,0,1,10,14,22,9,10,7,24,17,-9,A
2024-04-27,Almeria,Getafe,21,0.7857142857142857,-0.7,1.1714285714285715,1.1428571428571428,1.8428571428571427,12,1.1203703703703705,-0.23148148148148148,0.6851851851851852,0.9722222222222222,1.2037037037037037,4.085714285714285,3.462962962962963,5.314285714285714,4.138888888888889,4.185714285714286,3.4814814814814814,2.585714285714286,3.5833333333333335,0.27972027972027974,0.2807486631016043,0.4114285714285714,0.6851851851851852,-0.2737566137566138,-9,0.6004633204633204,0,5,6,9,19,23,5,2,3,17,14,0,A
2024-04-27,Alaves,Celta,19,0.9428571428571428,-0.6285714285714286,1.4,0.8428571428571429,1.4714285714285715,14,1.1111111111111112,-0.18518518518518517,0.9444444444444444,1.1388888888888888,1.3240740740740742,3.3,4.101851851851852,4.228571428571429,3.8425925925925926,4.257142857142857,4.768518518518518,2.342857142857143,2.2222222222222223,0.2554112554112554,0.27765237020316025,0.45142857142857146,0.7277777777777777,-0.2763492063492063,-5,0.6202835332606326,0,6,3,5,13,17,7,7,8,24,26,-1,H
2024-04-27,Ath Madrid,Ath Bilbao,3,1.9351851851851851,0.7407407407407407,2.3333333333333335,1.7962962962962963,1.0555555555555556,7,1.5185185185185186,0.3055555555555556,1.2264150943396226,1.3148148148148149,1.0092592592592593,5.0092592592592595,4.5092592592592595,3.3333333333333335,3.3981481481481484,4.981481481481482,6.092592592592593,2.685185185185185,2.3518518518518516,0.3585951940850277,0.2915811088295688,1.549074074074074,1.113888888888889,0.4351851851851851,4,1.3906899418121363,0,6,5,9,23,18,8,6,4,21,11,-2,H
2024-04-28,Cadiz,Mallorca,16,0.9814814814814815,-0.5740740740740741,1.1851851851851851,0.8055555555555556,1.3796296296296295,15,1.1111111111111112,-0.4166666666666667,0.6666666666666666,0.9166666666666666,1.3333333333333333,3.1666666666666665,3.3796296296296298,4.87037037037037,4.064814814814815,4.305555555555555,4.12037037037037,3.037037037037037,3.0925925925925926,0.2543859649122807,0.27123287671232876,0.47962962962962963,0.6138888888888889,-0.1342592592592593,-1,0.7812971342383107,1,6,4,7,18,19,4,2,4,22,27,2,D
2024-04-28,Granada,Osasuna,20,0.8,-0.6428571428571429,1.0571428571428572,1.1,1.7428571428571429,9,1.287037037037037,-0.25925925925925924,1.1481481481481481,1.0277777777777777,1.287037037037037,3.6285714285714286,3.4074074074074074,5.257142857142857,4.0092592592592595,3.9857142857142858,4.388888888888889,2.7142857142857144,2.361111111111111,0.3031496062992126,0.3016304347826087,0.42714285714285716,0.7712962962962964,-0.3441534391534392,-11,0.5537986623220716,0,4,3,4,11,24,3,6,9,13,29,1,H
2024-04-28,Villarreal,Vallecano,6,1.5277777777777777,0.37962962962962965,1.7407407407407407,1.6018518518518519,1.2222222222222223,11,1.1574074074074074,-0.28703703703703703,0.8703703703703703,1.0277777777777777,1.3148148148148149,4.703703703703703,3.990740740740741,4.37962962962963,4.12962962962963,5.222222222222222,4.7407407407407405,2.5555555555555554,2.7222222222222223,0.3405511811023622,0.25754060324825984,1.1981481481481482,0.6981481481481482,0.5,5,1.716180371352785,0,10,8,6,18,30,8,4,2,17,7,2,H
2024-04-28,Betis,Sevilla,5,1.6018518518518519,0.26851851851851855,1.7407407407407407,1.3703703703703705,1.1018518518518519,8,1.4444444444444444,0.1111111111111111,1.2592592592592593,1.3055555555555556,1.1944444444444444,4.305555555555555,4.018518518518518,3.888888888888889,4.055555555555555,4.7592592592592595,4.712962962962963,2.5,2.990740740740741,0.31827956989247314,0.3248847926267281,1.1555555555555557,1.0166666666666666,0.13888888888888906,3,1.1366120218579236,1,6,8,10,18,23,10,8,5,20,22,-4,D
2024-04-29,Barcelona,Valencia,2,2.138888888888889,0.9907407407407407,2.2777777777777777,1.8703703703703705,0.8796296296296297,10,1.2685185185185186,-0.06481481481481481,0.9814814814814815,1.1574074074074074,1.2222222222222223,5.305555555555555,3.759259259259259,3.259259259259259,4.12037037037037,6.074074074074074,4.657407407407407,2.462962962962963,2.7777777777777777,0.3525305410122164,0.3078817733990148,1.740740740740741,0.8462962962962963,0.8944444444444446,8,2.0568927789934355,0,12,8,3,21,17,7,3,3,22,21,5,H
2024-05-03,Getafe,Ath Bilbao,12,1.1376146788990826,-0.21100917431192662,1.5555555555555556,0.9908256880733946,1.201834862385321,7,1.5045871559633028,0.28440366972477066,1.2037037037037037,1.311926605504587,1.0275229357798166,3.477064220183486,4.477064220183486,4.201834862385321,3.3944954128440368,3.467889908256881,6.08256880733945,3.5871559633027523,2.3486238532110093,0.2849604221635884,0.2930327868852459,0.7036697247706423,1.1,-0.3963302752293578,-5,0.6396997497914929,0,8,5,3,17,22,5,5,7,20,12,3,A
2024-05-04,Sociedad,Las Palmas,4,1.688073394495413,0.27522935779816515,1.7962962962962963,1.2568807339449541,0.981651376146789,23,1.121212121212121,-0.3333333333333333,0.9375,0.9090909090909091,1.2424242424242424,4.348623853211009,3.303030303030303,3.477064220183486,4.303030303030303,4.853211009174312,4.424242424242424,2.3944954128440368,2.393939393939394,0.2890295358649789,0.27522935779816515,1.1779816513761467,0.6424242424242423,0.5355574089519044,19,1.833650683745889,0,8,6,4,19,12,0,1,10,17,23,8,H
2024-05-04,Real Madrid,Cadiz,1,2.2752293577981653,1.2568807339449541,2.4444444444444446,2.073394495412844,0.8165137614678899,16,0.981651376146789,-0.5688073394495413,0.7777777777777778,0.8073394495412844,1.3761467889908257,6.36697247706422,3.1559633027522938,3.3394495412844036,4.844036697247707,5.770642201834862,4.293577981651376,2.0091743119266057,3.036697247706422,0.3256484149855908,0.2558139534883721,1.9293577981651375,0.481651376146789,1.4477064220183484,15,4.005714285714285,0,15,11,4,33,18,4,3,8,17,17,11,H
2024-05-04,Girona,Barcelona,14,1.6901408450704225,0.4507042253521127,2.1142857142857143,1.7887323943661972,1.3380281690140845,2,2.146788990825688,1.0,2.0,1.889908256880734,0.8899082568807339,4.661971830985915,5.376146788990826,4.380281690140845,3.256880733944954,3.9859154929577465,6.155963302752293,2.323943661971831,2.44954128440367,0.38368580060422963,0.3515358361774744,1.3380281690140845,1.7513761467889908,-0.4133479777749063,-12,0.7639867492013369,0,9,10,7,21,21,12,11,5,28,17,-3,H
2024-05-04,Mallorca,Ath Madrid,14,1.110091743119266,-0.41284403669724773,1.5555555555555556,0.9174311926605505,1.3302752293577982,3,1.944954128440367,0.7522935779816514,1.537037037037037,1.8073394495412844,1.055045871559633,3.36697247706422,4.990825688073395,4.045871559633028,3.311926605504587,4.091743119266055,4.963302752293578,3.0825688073394497,2.688073394495413,0.2724795640326976,0.36213235294117646,0.6146788990825688,1.5596330275229358,-0.944954128440367,-11,0.3941176470588235,0,5,3,4,21,23,9,8,8,22,16,-4,A
2024-05-05,Valencia,Alaves,10,1.2568807339449541,-0.08256880733944955,1.5555555555555556,1.165137614678899,1.2477064220183487,18,0.971830985915493,-0.5774647887323944,0.4857142857142857,0.8732394366197183,1.4507042253521127,3.7522935779816513,3.3661971830985915,4.201834862385321,4.169014084507042,4.623853211009174,4.309859154929577,2.761467889908257,2.352112676056338,0.3105134474327628,0.2594142259414226,0.836697247706422,0.48732394366197185,0.3493733040444501,8,1.7169220978946809,0,7,5,6,18,27,6,5,5,17,14,1,A
2024-05-05,Osasuna,Betis,9,1.275229357798165,-0.28440366972477066,1.4259259259259258,1.018348623853211,1.3027522935779816,5,1.5963302752293578,0.26605504587155965,1.462962962962963,1.3669724770642202,1.1009174311926606,3.3944954128440368,4.3119266055045875,4.009174311926605,3.8623853211009176,4.4036697247706424,4.752293577981652,2.3394495412844036,2.5045871559633026,0.3,0.3170212765957447,0.7559633027522935,1.151376146788991,-0.3954128440366974,-4,0.6565737051792827,0,3,6,10,14,27,7,7,8,19,20,-4,A
2024-05-05,Sevilla,Granada,8,1.4403669724770642,0.11009174311926606,1.6296296296296295,1.3027522935779816,1.1926605504587156,20,0.8309859154929577,-0.5915492957746479,0.5428571428571428,1.1267605633802817,1.7183098591549295,3.9908256880733943,3.6338028169014085,4.064220183486238,5.211267605633803,4.724770642201835,3.9295774647887325,3.0091743119266057,2.732394366197183,0.3264367816091954,0.31007751937984496,1.0137614678899083,0.4633802816901409,0.5503811861997674,12,2.1877527118596802,0,10,7,4,15,23,7,6,3,12,18,3,H
2024-05-05,Vallecano,Almeria,11,1.146788990825688,-0.3119266055045872,1.4444444444444444,1.018348623853211,1.3302752293577982,21,0.7746478873239436,-0.7183098591549296,0.4,1.1408450704225352,1.8591549295774648,3.9908256880733943,4.183098591549296,4.155963302752293,5.309859154929577,4.752293577981652,4.253521126760563,2.706422018348624,2.6338028169014085,0.25517241379310346,0.2727272727272727,0.6834862385321101,0.4,0.2834862385321101,10,1.7087155963302751,0,8,4,4,18,10,4,5,10,26,22,4,A
2024-05-05,Celta,Villarreal,15,1.1009174311926606,-0.21100917431192662,1.2777777777777777,1.128440366972477,1.3394495412844036,6,1.5412844036697249,0.4036697247706422,1.3148148148148149,1.614678899082569,1.2110091743119267,4.064220183486238,4.724770642201835,3.8807339449541285,4.376146788990826,4.752293577981652,5.201834862385321,2.229357798165138,2.55045871559633,0.27765237020316025,0.341747572815534,0.7128440366972477,1.214678899082569,-0.5018348623853213,-9,0.586858006042296,0,7,7,7,23,21,10,8,4,21,30,-3,H
2024-05-10,Alaves,Girona,18,1.0,-0.5555555555555556,1.4444444444444444,0.875,1.4305555555555556,13,1.7083333333333333,0.4722222222222222,1.2777777777777777,1.8194444444444444,1.3472222222222223,3.375,4.694444444444445,4.125,4.416666666666667,4.347222222222222,4.0,2.361111111111111,2.2916666666666665,0.25925925925925924,0.3875739644970414,0.5083333333333334,1.3597222222222223,-0.8513888888888889,-5,0.37385086823289077,0,9,6,3,18,11,12,14,8,25,25,-3,D
2024-05-11,Mallorca,Las Palmas,15,1.1,-0.41818181818181815,1.5272727272727273,0.9090909090909091,1.3272727272727274,23,1.088235294117647,-0.38235294117647056,0.8823529411764706,0.8823529411764706,1.2647058823529411,3.3727272727272726,3.235294117647059,4.045454545454546,4.294117647058823,4.109090909090909,4.352941176470588,3.0727272727272728,2.3529411764705883,0.2695417789757412,0.2727272727272727,0.6063636363636364,0.6058823529411764,0.00048128342246001043,8,1.0007943512797883,1,2,2,5,17,24,0,1,11,12,25,2,H
2024-05-11,Villarreal,Sevilla,6,1.5272727272727273,0.39090909090909093,1.7636363636363637,1.6181818181818182,1.2272727272727273,8,1.4545454545454546,0.13636363636363635,1.2545454545454546,1.3181818181818181,1.1818181818181819,4.709090909090909,4.0,4.4,4.054545454545455,5.163636363636364,4.7272727272727275,2.536363636363636,3.0,0.3436293436293436,0.32954545454545453,1.2045454545454546,1.0318181818181817,0.17272727272727284,2,1.167400881057269,1,7,9,7,17,30,13,9,2,16,21,-6,H
2024-05-11,Granada,Real Madrid,20,0.8194444444444444,-0.625,1.1111111111111112,1.1111111111111112,1.7361111111111112,1,2.2818181818181817,1.2727272727272727,2.109090909090909,2.081818181818182,0.8090909090909091,3.625,6.390909090909091,5.208333333333333,3.327272727272727,3.9305555555555554,5.781818181818182,2.7222222222222223,1.990909090909091,0.3065134099616858,0.32574679943101,0.4444444444444444,1.9390909090909092,-1.4946464646464648,-19,0.22920247955409698,0,7,6,5,13,18,15,10,2,33,16,-8,A
2024-05-11,Ath Bilbao,Osasuna,7,1.518181818181818,0.3,1.8,1.3181818181818181,1.018181818181818,9,1.2636363636363637,-0.3,1.1272727272727272,1.009090909090909,1.309090909090909,4.454545454545454,3.381818181818182,3.4454545454545453,4.009090909090909,6.081818181818182,4.4363636363636365,2.3636363636363638,2.3454545454545452,0.29591836734693877,0.29838709677419356,1.1127272727272726,0.7436363636363637,0.3690909090909089,2,1.496332518337408,0,5,5,7,18,18,3,4,8,12,22,2,D
2024-05-12,Cadiz,Getafe,16,0.9727272727272728,-0.5909090909090909,1.1818181818181819,0.8,1.3909090909090909,13,1.1272727272727272,-0.22727272727272727,0.7272727272727273,0.9818181818181818,1.209090909090909,3.1454545454545455,3.5272727272727273,4.881818181818182,4.181818181818182,4.290909090909091,3.5272727272727273,3.018181818181818,3.5545454545454547,0.2543352601156069,0.27835051546391754,0.4690909090909091,0.6918181818181818,-0.22272727272727266,-3,0.6780551905387648,1,4,3,9,17,20,5,4,5,23,21,-1,H
2024-05-12,Ath Madrid,Celta,3,1.9545454545454546,0.7545454545454545,2.3454545454545452,1.8,1.0454545454545454,15,1.1181818181818182,-0.2,0.9272727272727272,1.1454545454545455,1.3454545454545455,4.9818181818181815,4.090909090909091,3.3181818181818183,3.8727272727272726,4.9363636363636365,4.7272727272727275,2.6636363636363636,2.2454545454545456,0.3613138686131387,0.28,1.5636363636363637,0.7281818181818183,0.8354545454545454,12,2.1473158551810236,0,12,9,5,23,15,7,8,8,25,20,5,H
2024-05-12,Valencia,Vallecano,10,1.2454545454545454,-0.09090909090909091,1.5272727272727273,1.1545454545454545,1.2454545454545454,11,1.1363636363636365,-0.3181818181818182,0.8545454545454545,1.009090909090909,1.3272727272727274,3.727272727272727,4.045454545454546,4.2,4.136363636363637,4.627272727272727,4.790909090909091,2.7454545454545456,2.709090909090909,0.3097560975609756,0.24943820224719102,0.8263636363636364,0.6745454545454546,0.15181818181818185,1,1.225067385444744,1,6,5,7,14,28,5,2,5,24,11,1,D
2024-05-12,Betis,Almeria,5,1.6090909090909091,0.2818181818181818,1.7272727272727273,1.3727272727272728,1.0909090909090908,21,0.8055555555555556,-0.6944444444444444,0.4722222222222222,1.1388888888888888,1.8333333333333333,4.3090909090909095,4.152777777777778,3.8454545454545452,5.375,4.754545454545455,4.222222222222222,2.5,2.625,0.31856540084388185,0.27424749163879597,1.1636363636363638,0.4222222222222223,0.7414141414141415,16,2.7559808612440193,0,10,9,6,22,18,4,5,10,26,26,6,H
2024-05-13,Barcelona,Sociedad,2,2.1272727272727274,0.9727272727272728,2.290909090909091,1.8909090909090909,0.9181818181818182,4,1.7,0.2909090909090909,1.5818181818181818,1.2636363636363637,0.9727272727272728,5.390909090909091,4.345454545454546,3.290909090909091,3.4545454545454546,6.136363636363637,4.872727272727273,2.4545454545454546,2.390909090909091,0.35075885328836426,0.2907949790794979,1.7336363636363636,1.19,0.5436363636363637,2,1.4568372803666922,0,9,10,9,30,21,8,6,4,17,11,1,H
2024-05-14,Osasuna,Mallorca,9,1.2612612612612613,-0.2972972972972973,1.4,1.018018018018018,1.3153153153153154,14,1.117117117117117,-0.40540540540540543,0.6727272727272727,0.9099099099099099,1.3153153153153154,3.3783783783783785,3.3603603603603602,4.027027027027027,4.018018018018018,4.45045045045045,4.09009009009009,2.3603603603603602,3.099099099099099,0.30133333333333334,0.2707774798927614,0.7450450450450451,0.6189189189189189,0.12612612612612617,5,1.2037845705967978,1,1,3,10,11,23,4,3,5,16,20,-3,D
2024-05-14,Real Madrid,Alaves,1,2.2882882882882885,1.2972972972972974,2.4545454545454546,2.099099099099099,0.8018018018018018,18,1.0,-0.547945205479452,0.5555555555555556,0.8904109589041096,1.4383561643835616,6.396396396396397,3.4383561643835616,3.3063063063063063,4.136986301369863,5.774774774774775,4.3561643835616435,1.972972972972973,2.3698630136986303,0.32816901408450705,0.2589641434262948,1.9531531531531532,0.5136986301369864,1.4394545230161668,17,3.8021381381381376,0,15,12,2,36,14,10,8,4,26,13,5,H
2024-05-14,Girona,Villarreal,13,1.6986301369863013,0.4657534246575342,2.138888888888889,1.821917808219178,1.356164383561644,6,1.5405405405405406,0.3963963963963964,1.290909090909091,1.6306306306306306,1.2342342342342343,4.698630136986301,4.72972972972973,4.465753424657534,4.396396396396397,3.9863013698630136,5.207207207207207,2.287671232876712,2.5405405405405403,0.3877551020408163,0.34476190476190477,1.3534246575342466,1.2153153153153153,0.13810934221893123,-7,1.113640748601196,1,10,13,8,25,29,10,11,7,22,26,0,A
2024-05-15,Sevilla,Cadiz,8,1.4414414414414414,0.12612612612612611,1.6545454545454545,1.3243243243243243,1.1981981981981982,16,0.990990990990991,-0.5765765765765766,0.7636363636363637,0.8018018018018018,1.3783783783783783,4.0,3.171171171171171,4.081081081081081,4.873873873873874,4.693693693693693,4.306306306306307,3.018018018018018,3.036036036036036,0.3310810810810811,0.2528409090909091,1.0234234234234234,0.48288288288288295,0.5405405405405405,8,2.1194029850746268,0,10,10,5,17,23,4,3,9,18,22,6,A
2024-05-15,Vallecano,Granada,11,1.135135135135135,-0.3153153153153153,1.4181818181818182,1.0,1.3153153153153154,20,0.8082191780821918,-0.6712328767123288,0.5277777777777778,1.095890410958904,1.7671232876712328,4.018018018018018,3.589041095890411,4.1441441441441444,5.232876712328767,4.774774774774775,3.9863013698630136,2.7027027027027026,2.712328767123288,0.24887892376681614,0.3053435114503817,0.672972972972973,0.42191780821917807,0.2510551647537949,9,1.5950333450333452,0,5,2,5,23,16,7,6,8,11,23,-2,H
2024-05-15,Celta,Ath Bilbao,15,1.1081081081081081,-0.2072072072072072,1.309090909090909,1.135135135135135,1.3423423423423424,7,1.5135135135135136,0.2972972972972973,1.2363636363636363,1.3243243243243243,1.027027027027027,4.072072072072072,4.468468468468468,3.90990990990991,3.4414414414414414,4.747747747747748,6.099099099099099,2.234234234234234,2.3603603603603602,0.27876106194690264,0.2963709677419355,0.7189189189189189,1.1108108108108108,-0.3918918918918919,-8,0.6472019464720195,0,6,8,9,27,26,6,7,7,21,17,0,H
2024-05-15,Getafe,Ath Madrid,15,1.117117117117117,-0.23423423423423423,1.5272727272727273,0.972972972972973,1.2072072072072073,3,1.9639639639639639,0.7567567567567568,1.5636363636363637,1.7927927927927927,1.0360360360360361,3.5315315315315314,5.009009009009009,4.198198198198198,3.3063063063063063,3.5135135135135136,4.927927927927928,3.5405405405405403,2.6486486486486487,0.2755102040816326,0.3579136690647482,0.6828828828828828,1.5675675675675675,-0.8846846846846848,-12,0.4356321839080459,0,5,4,5,22,24,12,8,4,23,15,-7,A
2024-05-16,Las Palmas,Betis,23,1.0571428571428572,-0.4,1.2941176470588236,0.8571428571428571,1.2571428571428571,5,1.6216216216216217,0.2882882882882883,1.490909090909091,1.3873873873873874,1.0990990990990992,3.1714285714285713,4.333333333333333,4.228571428571429,3.873873873873874,4.285714285714286,4.738738738738738,2.342857142857143,2.4774774774774775,0.2702702702702703,0.3201663201663202,0.5800000000000001,1.1747747747747748,-0.5947747747747747,-18,0.4937116564417179,0,0,1,11,13,25,13,10,5,25,20,-13,D
2024-05-16,Almeria,Barcelona,21,0.7945205479452054,-0.6986301369863014,1.1388888888888888,1.1506849315068493,1.8493150684931507,2,2.135135135135135,0.9819819819819819,1.9636363636363636,1.8918918918918919,0.9099099099099099,4.191780821917808,5.387387387387387,5.397260273972603,3.2882882882882885,4.232876712328767,6.135135135135135,2.6164383561643834,2.4504504504504503,0.27450980392156865,0.3511705685618729,0.4178082191780822,1.7405405405405405,-1.3227323213624582,-19,0.24004509486939504,0,4,7,10,28,29,9,11,9,33,24,-5,A
2024-05-16,Sociedad,Valencia,4,1.6846846846846846,0.2702702702702703,1.8181818181818181,1.2522522522522523,0.9819819819819819,10,1.2432432432432432,-0.09009009009009009,0.9636363636363636,1.1441441441441442,1.2342342342342343,4.333333333333333,3.7387387387387387,3.4684684684684686,4.171171171171171,4.846846846846847,4.63963963963964,2.3963963963963963,2.72972972972973,0.288981288981289,0.3060240963855422,1.1738738738738739,0.8234234234234235,0.3504504504504504,6,1.425601750547046,0,5,5,6,17,16,4,4,7,17,26,1,H
2024-05-18,Alaves,Getafe,18,0.9864864864864865,-0.6081081081081081,1.4324324324324325,0.8783783783783784,1.4864864864864864,15,1.1071428571428572,-0.25892857142857145,0.7142857142857143,0.9642857142857143,1.2232142857142858,3.527027027027027,3.5267857142857144,4.22972972972973,4.1875,4.3108108108108105,3.5357142857142856,2.3513513513513513,3.544642857142857,0.24904214559386972,0.27341772151898736,0.4864864864864865,0.6687500000000001,-0.18226351351351355,-3,0.7274564283910078,1,10,8,7,33,21,4,4,8,25,25,6,H
2024-05-19,Betis,Sociedad,5,1.6160714285714286,0.2857142857142857,1.75,1.3928571428571428,1.1071428571428572,4,1.6964285714285714,0.2767857142857143,1.5535714285714286,1.25,0.9732142857142857,4.330357142857143,4.339285714285714,3.919642857142857,3.4642857142857144,4.767857142857143,4.830357142857143,2.4642857142857144,2.375,0.3216494845360825,0.2880658436213992,1.1723214285714287,1.18125,-0.008928571428571175,-1,0.9924414210128498,1,11,10,6,26,24,7,4,4,18,16,4,A
2024-05-19,Ath Madrid,Osasuna,3,1.9732142857142858,0.7767857142857143,2.357142857142857,1.8035714285714286,1.0267857142857142,9,1.2589285714285714,-0.29464285714285715,1.125,1.0178571428571428,1.3125,4.991071428571429,3.3839285714285716,3.3035714285714284,4.026785714285714,4.910714285714286,4.428571428571429,2.6517857142857144,2.3392857142857144,0.3613595706618962,0.3007915567282322,1.580357142857143,0.7446428571428572,0.8357142857142859,6,2.1223021582733814,0,12,8,3,22,13,2,4,10,13,24,10,A
2024-05-19,Barcelona,Vallecano,2,2.142857142857143,0.9910714285714286,2.3035714285714284,1.8928571428571428,0.9017857142857143,11,1.1517857142857142,-0.30357142857142855,0.8571428571428571,1.0089285714285714,1.3125,5.401785714285714,4.0625,3.2857142857142856,4.116071428571429,6.142857142857143,4.785714285714286,2.4375,2.7232142857142856,0.3504132231404959,0.24835164835164836,1.7473214285714285,0.6866071428571427,1.0607142857142857,9,2.5448634590377117,0,9,12,9,38,24,7,4,6,30,17,2,H
2024-05-19,Valencia,Girona,10,1.2321428571428572,-0.09821428571428571,1.5178571428571428,1.1339285714285714,1.2321428571428572,14,1.6756756756756757,0.44594594594594594,1.2702702702702702,1.7972972972972974,1.3513513513513513,3.732142857142857,4.702702702702703,4.178571428571429,4.445945945945946,4.625,4.0,2.7232142857142856,2.27027027027027,0.3038277511961722,0.382183908045977,0.8133928571428571,1.3310810810810811,-0.517688223938224,4,0.6110768672951413,0,1,3,8,17,29,10,12,6,25,28,-9,A
2024-05-19,Ath Bilbao,Sevilla,7,1.5,0.2857142857142857,1.7857142857142858,1.3214285714285714,1.0357142857142858,8,1.4285714285714286,0.11607142857142858,1.2321428571428572,1.3125,1.1964285714285714,4.446428571428571,3.9910714285714284,3.4464285714285716,4.107142857142857,6.071428571428571,4.660714285714286,2.3392857142857144,3.044642857142857,0.2971887550200803,0.3288590604026846,1.1,1.011607142857143,0.08839285714285716,1,1.087378640776699,1,5,7,8,17,19,7,8,6,17,28,-2,H
2024-05-19,Granada,Celta,20,0.7972972972972973,-0.6756756756756757,1.0810810810810811,1.0945945945945945,1.7702702702702702,13,1.125,-0.19642857142857142,0.9107142857142857,1.1428571428571428,1.3392857142857142,3.554054054054054,4.071428571428571,5.283783783783784,3.892857142857143,4.013513513513513,4.723214285714286,2.7162162162162162,2.232142857142857,0.30798479087452474,0.2807017543859649,0.41486486486486485,0.7321428571428571,-0.31727799227799225,-7,0.5666446934739617,0,4,5,10,9,29,9,9,8,26,25,-5,A
2024-05-19,Mallorca,Almeria,14,1.1160714285714286,-0.4017857142857143,1.5535714285714286,0.9107142857142857,1.3125,21,0.7837837837837838,-0.7162162162162162,0.4594594594594595,1.135135135135135,1.8513513513513513,3.3660714285714284,4.175675675675675,4.017857142857143,5.418918918918919,4.089285714285714,4.22972972972973,3.080357142857143,2.581081081081081,0.27055702917771884,0.27184466019417475,0.6196428571428572,0.40405405405405403,0.21558880308880313,7,1.5335642618251315,1,5,4,5,18,15,3,5,10,28,32,2,D
2024-05-19,Villarreal,Real Madrid,6,1.5535714285714286,0.4017857142857143,1.7857142857142858,1.625,1.2232142857142858,1,2.294642857142857,1.3303571428571428,2.125,2.125,0.7946428571428571,4.714285714285714,6.4375,4.401785714285714,3.3660714285714284,5.169642857142857,5.758928571428571,2.5714285714285716,1.9642857142857142,0.3446969696969697,0.3300970873786408,1.2223214285714286,1.9714285714285715,-0.749107142857143,-5,0.6200181159420289,0,12,11,6,23,25,15,16,2,38,22,-3,D
2024-05-19,Cadiz,Las Palmas,16,1.0089285714285714,-0.5625,1.2142857142857142,0.8035714285714286,1.3660714285714286,23,1.0555555555555556,-0.3888888888888889,0.8333333333333334,0.8888888888888888,1.2777777777777777,3.205357142857143,3.3333333333333335,4.857142857142857,4.222222222222222,4.348214285714286,4.277777777777778,3.0267857142857144,2.3333333333333335,0.25069637883008355,0.26666666666666666,0.49642857142857144,0.5888888888888889,-0.09246031746031746,7,0.8429919137466307,1,7,4,8,22,23,1,3,11,20,26,6,D
2024-05-24,Girona,Granada,13,1.6933333333333334,0.4666666666666667,2.081081081081081,1.8133333333333332,1.3466666666666667,20,0.7866666666666666,-0.68,0.5135135135135135,1.0933333333333333,1.7733333333333334,4.706666666666667,3.546666666666667,4.466666666666667,5.28,4.0,4.093333333333334,2.24,2.7066666666666666,0.38526912181303113,0.3082706766917293,1.3493333333333335,0.408,0.9413333333333336,7,3.307189542483661,0,10,11,6,25,29,3,5,11,12,28,7,H
2024-05-25,Osasuna,Villarreal,9,1.2743362831858407,-0.26548672566371684,1.3928571428571428,1.0442477876106195,1.3097345132743363,6,1.5486725663716814,0.39823008849557523,1.3214285714285714,1.6460176991150441,1.247787610619469,3.4070796460176993,4.734513274336283,4.008849557522124,4.415929203539823,4.433628318584071,5.150442477876106,2.336283185840708,2.575221238938053,0.3064935064935065,0.34766355140186916,0.7663716814159292,1.2230088495575222,-0.45663716814159305,-3,0.626628075253256,0,5,7,9,17,20,10,13,9,27,26,-5,D
2024-05-25,Sociedad,Ath Madrid,4,1.7079646017699115,0.2920353982300885,1.8392857142857142,1.2566371681415929,0.9646017699115044,3,1.9557522123893805,0.7433628318584071,1.5892857142857142,1.7964601769911503,1.0530973451327434,4.31858407079646,4.964601769911504,3.5132743362831858,3.327433628318584,4.8053097345132745,4.929203539823009,2.3893805309734515,2.646017699115044,0.29098360655737704,0.36185383244206776,1.192920353982301,1.5601769911504424,-0.3672566371681414,-1,0.7646057855927397,0,9,5,3,17,21,12,9,5,20,16,-3,A
2024-05-25,Almeria,Cadiz,20,0.7866666666666666,-0.7066666666666667,1.1081081081081081,1.1466666666666667,1.8533333333333333,16,1.008849557522124,-0.5575221238938053,0.8035714285714286,0.7964601769911505,1.3539823008849559,4.16,3.2035398230088497,5.453333333333333,4.823008849557522,4.2,4.353982300884955,2.5866666666666664,3.0353982300884956,0.27564102564102566,0.24861878453038674,0.4106666666666667,0.4964601769911505,-0.08579351032448385,-4,0.8271895424836601,1,4,6,10,26,37,8,3,4,20,19,-4,H
2024-05-25,Vallecano,Ath Bilbao,13,1.1415929203539823,-0.3274336283185841,1.4464285714285714,1.0,1.3274336283185841,7,1.5132743362831858,0.3008849557522124,1.2142857142857142,1.3274336283185841,1.0265486725663717,4.061946902654867,4.460176991150442,4.132743362831858,3.4513274336283186,4.787610619469026,6.088495575221239,2.7168141592920354,2.327433628318584,0.24618736383442266,0.2976190476190476,0.6725663716814159,1.1123893805309735,-0.4398230088495576,-6,0.6046141607000795,0,4,2,8,28,21,7,8,7,17,23,-3,A
2024-05-25,Real Madrid,Betis,1,2.2831858407079646,1.3185840707964602,2.4642857142857144,2.1415929203539825,0.8230088495575221,5,1.6017699115044248,0.26548672566371684,1.4821428571428572,1.3805309734513274,1.1150442477876106,6.433628318584071,4.371681415929204,3.398230088495575,3.9026548672566372,5.734513274336283,4.778761061946903,1.9646017699115044,2.4690265486725664,0.3328748280605227,0.3157894736842105,1.965486725663717,1.156637168141593,0.808849557522124,4,1.6993114001530223,0,13,17,4,36,23,8,8,7,29,21,5,D
2024-05-26,Getafe,Mallorca,15,1.0973451327433628,-0.26548672566371684,1.5,0.9557522123893806,1.2212389380530972,14,1.1150442477876106,-0.39823008849557523,0.6785714285714286,0.9203539823008849,1.3185840707964602,3.5309734513274336,3.4070796460176993,4.168141592920354,4.008849557522124,3.5132743362831858,4.15929203539823,3.584070796460177,3.0707964601769913,0.2706766917293233,0.2701298701298701,0.6601769911504425,0.6221238938053097,0.038053097345132736,-1,1.0611664295874823,1,3,3,8,25,24,6,5,5,20,14,-3,A
2024-05-26,Celta,Valencia,12,1.1415929203539823,-0.18584070796460178,1.3392857142857142,1.1504424778761062,1.336283185840708,10,1.2212389380530972,-0.11504424778761062,0.9464285714285714,1.1327433628318584,1.247787610619469,4.079646017699115,3.752212389380531,3.8849557522123894,4.185840707964601,4.699115044247788,4.628318584070796,2.2212389380530975,2.7168141592920354,0.28199566160520606,0.3018867924528302,0.7451327433628319,0.8026548672566372,-0.05752212389380529,-2,0.9283351708930541,1,9,7,8,18,24,1,3,9,18,28,8,D
2024-05-26,Las Palmas,Alaves,23,1.054054054054054,-0.3783783783783784,1.2777777777777777,0.8648648648648649,1.2432432432432432,18,1.0133333333333334,-0.5866666666666667,0.5405405405405406,0.88,1.4666666666666666,3.27027027027027,3.506666666666667,4.1891891891891895,4.226666666666667,4.243243243243243,4.28,2.2972972972972974,2.3866666666666667,0.2644628099173554,0.2509505703422053,0.5864864864864865,0.5066666666666667,0.07981981981981978,-5,1.1575391180654337,1,2,2,7,17,16,10,7,7,32,21,-8,D
2024-05-26,Sevilla,Barcelona,8,1.415929203539823,0.09734513274336283,1.625,1.3008849557522124,1.2035398230088497,2,2.150442477876106,1.008849557522124,1.9821428571428572,1.9026548672566372,0.8938053097345132,3.9911504424778763,5.407079646017699,4.123893805309734,3.2920353982300883,4.646017699115045,6.150442477876106,3.0265486725663715,2.4513274336283186,0.3259423503325942,0.3518821603927987,0.9973451327433629,1.7584070796460178,-0.7610619469026549,-6,0.5671867136386513,0,4,6,7,17,28,12,13,6,38,20,-8,A
2024-08-15,Ath Bilbao,Getafe,7,1.5263157894736843,0.30701754385964913,1.8070175438596492,1.3245614035087718,1.0175438596491229,15,1.087719298245614,-0.2719298245614035,0.7017543859649122,0.956140350877193,1.2280701754385965,4.4298245614035086,3.5526315789473686,3.456140350877193,4.166666666666667,6.052631578947368,3.508771929824561,2.3157894736842106,3.5526315789473686,0.299009900990099,0.2691358024691358,1.1201754385964913,0.6535087719298246,0.4666666666666667,8,1.7140939597315437,0,10,8,4,17,24,0,1,9,26,17,10,D
2024-08-15,Betis,Girona,5,1.5964912280701755,0.2631578947368421,1.719298245614035,1.368421052631579,1.105263157894737,11,1.7105263157894737,0.5526315789473685,1.3157894736842106,1.881578947368421,1.3289473684210527,4.359649122807017,4.7631578947368425,3.912280701754386,4.434210526315789,4.780701754385965,4.0,2.456140350877193,2.25,0.31388329979879276,0.39502762430939226,1.1508771929824562,1.3973684210526316,-0.24649122807017543,6,0.8236032642812304,1,8,7,6,27,25,10,16,6,31,26,-2,D
2024-08-16,Celta,Alaves,12,1.1403508771929824,-0.18421052631578946,1.3333333333333333,1.1578947368421053,1.3421052631578947,18,1.013157894736842,-0.5789473684210527,0.5526315789473685,0.881578947368421,1.4605263157894737,4.078947368421052,3.513157894736842,3.8596491228070176,4.223684210526316,4.675438596491228,4.302631578947368,2.2017543859649122,2.3684210526315788,0.2838709677419355,0.250936329588015,0.7464912280701755,0.5092105263157894,0.2372807017543861,6,1.4659776055124896,1,10,9,7,22,17,8,5,8,28,25,2,H
2024-08-16,Las Palmas,Sevilla,22,1.0526315789473684,-0.3684210526315789,1.263157894736842,0.868421052631579,1.236842105263158,8,1.4035087719298245,0.08771929824561403,1.2105263157894737,1.2982456140350878,1.2105263157894737,3.289473684210526,4.008771929824562,4.184210526315789,4.140350877192983,4.184210526315789,4.657894736842105,2.289473684210526,3.017543859649123,0.264,0.3238512035010941,0.5894736842105263,0.987719298245614,-0.39824561403508774,-14,0.5968028419182948,0,3,3,6,16,17,3,6,8,22,29,0,D
2024-08-17,Valencia,Barcelona,10,1.219298245614035,-0.11403508771929824,1.4912280701754386,1.1403508771929824,1.2543859649122806,2,2.1578947368421053,1.0087719298245614,2.0,1.9035087719298245,0.8947368421052632,3.7280701754385963,5.412280701754386,4.184210526315789,3.3157894736842106,4.605263157894737,6.140350877192983,2.692982456140351,2.43859649122807,0.3058823529411765,0.35170178282009723,0.8035087719298246,1.762280701754386,-0.9587719298245614,-8,0.45594823295171727,0,2,3,7,16,19,12,11,5,31,23,-10,A
2024-08-18,Sociedad,Vallecano,4,1.6929824561403508,0.2719298245614035,1.8070175438596492,1.2456140350877194,0.9736842105263158,13,1.131578947368421,-0.3333333333333333,0.8421052631578947,0.9912280701754386,1.3245614035087718,4.315789473684211,4.06140350877193,3.517543859649123,4.105263157894737,4.833333333333333,4.815789473684211,2.3947368421052633,2.7017543859649122,0.2886178861788618,0.24406047516198703,1.1771929824561405,0.6640350877192982,0.5131578947368423,9,1.7727873183619554,0,9,5,4,18,22,4,2,6,28,15,5,A
2024-08-18,Mallorca,Real Madrid,14,1.131578947368421,-0.38596491228070173,1.543859649122807,0.9298245614035088,1.3157894736842106,1,2.2719298245614037,1.3070175438596492,2.1052631578947367,2.1228070175438596,0.8157894736842105,3.412280701754386,6.421052631578948,4.026315789473684,3.3947368421052633,4.157894736842105,5.719298245614035,3.06140350877193,1.9649122807017543,0.27249357326478146,0.33060109289617484,0.6359649122807018,1.9526315789473685,-1.3166666666666667,-13,0.325696316262354,0,8,6,5,22,18,11,16,4,38,23,-3,D
2024-08-19,Valladolid,Espanol,23,1.0526315789473684,-0.7894736842105263,1.4736842105263157,0.868421052631579,1.6578947368421053,17,1.0394736842105263,-0.39473684210526316,0.7105263157894737,1.2105263157894737,1.605263157894737,3.8157894736842106,3.8289473684210527,5.2894736842105265,4.684210526315789,4.473684210526316,4.618421052631579,2.6052631578947367,2.8026315789473686,0.22758620689655173,0.3161512027491409,0.4631578947368421,0.643421052631579,-0.1802631578947369,-6,0.7198364008179958,1,5,3,6,14,23,6,12,13,39,25,-1,H
2024-08-19,Villarreal,Ath Madrid,6,1.543859649122807,0.39473684210526316,1.7719298245614035,1.6403508771929824,1.2456140350877194,3,1.9649122807017543,0.7543859649122807,1.6140350877192982,1.7982456140350878,1.043859649122807,4.719298245614035,4.956140350877193,4.4298245614035086,3.3333333333333335,5.140350877192983,4.921052631578948,2.5789473684210527,2.675438596491228,0.3475836431226766,0.36283185840707965,1.2184210526315788,1.568421052631579,-0.3500000000000001,-3,0.7768456375838926,0,8,11,10,23,28,12,8,4,21,19,-4,D
2024-08-23,Celta,Valencia,11,1.1565217391304348,-0.17391304347826086,1.3620689655172413,1.1652173913043478,1.3391304347826087,10,1.208695652173913,-0.12173913043478261,0.9473684210526315,1.1391304347826088,1.2608695652173914,4.078260869565217,3.7043478260869565,3.8434782608695652,4.217391304347826,4.660869565217391,4.591304347826087,2.208695652173913,2.6869565217391305,0.2857142857142857,0.3075117370892019,0.7591304347826087,0.7956521739130434,-0.03652173913043477,-1,0.9540983606557377,1,10,8,6,19,16,2,4,8,16,23,8,H
2024-08-23,Sevilla,Villarreal,8,1.4,0.08695652173913043,1.5964912280701755,1.3043478260869565,1.2173913043478262,6,1.5391304347826087,0.391304347826087,1.3157894736842106,1.6434782608695653,1.2521739130434784,4.017391304347826,4.7043478260869565,4.147826086956521,4.434782608695652,4.643478260869565,5.113043478260869,2.991304347826087,2.5652173913043477,0.3246753246753247,0.34935304990757854,0.9869565217391303,1.2156521739130435,-0.2286956521739132,-2,0.811874105865522,1,1,5,10,22,31,9,11,9,23,26,-8,A
2024-08-24,Espanol,Sociedad,17,1.025974025974026,-0.4025974025974026,1.368421052631579,1.1948051948051948,1.5974025974025974,4,1.6782608695652175,0.2608695652173913,1.5789473684210527,1.2434782608695651,0.9826086956521739,3.8051948051948052,4.321739130434783,4.662337662337662,3.5304347826086957,4.584415584415584,4.878260869565217,2.792207792207792,2.391304347826087,0.31399317406143346,0.28772635814889336,0.6311688311688312,1.166086956521739,-0.534918125352908,-13,0.5412708097271856,0,6,10,10,34,23,6,4,6,19,26,0,A
2024-08-24,Getafe,Vallecano,15,1.0869565217391304,-0.26956521739130435,1.4736842105263157,0.9565217391304348,1.2260869565217392,12,1.1478260869565218,-0.3217391304347826,0.8793103448275862,1.0,1.3217391304347825,3.5391304347826087,4.069565217391304,4.165217391304348,4.113043478260869,3.5304347826086957,4.817391304347826,3.5304347826086957,2.7130434782608694,0.2702702702702703,0.24572649572649571,0.6539130434782608,0.6773913043478261,-0.02347826086956528,-3,0.9653401797175866,1,1,2,8,19,19,7,4,6,23,18,-6,D
2024-08-24,Osasuna,Mallorca,9,1.2695652173913043,-0.2608695652173913,1.3793103448275863,1.0434782608695652,1.3043478260869565,14,1.1304347826086956,-0.3826086956521739,0.7192982456140351,0.9304347826086956,1.3130434782608695,3.4434782608695653,3.4260869565217393,4.0,4.026086956521739,4.460869565217391,4.191304347826087,2.356521739130435,3.0434782608695654,0.30303030303030304,0.2715736040609137,0.7652173913043478,0.6365217391304347,0.1286956521739131,5,1.2021857923497268,1,7,9,6,24,19,9,7,5,23,18,-2,H
2024-08-24,Barcelona,Ath Bilbao,2,2.1652173913043478,1.008695652173913,2.3157894736842106,1.9043478260869566,0.8956521739130435,7,1.5217391304347827,0.30434782608695654,1.2456140350877194,1.3217391304347825,1.017391304347826,5.434782608695652,4.426086956521739,3.2956521739130435,3.4434782608695653,6.156521739130435,6.043478260869565,2.4434782608695653,2.3304347826086955,0.3504,0.29862475442043224,1.7660869565217392,1.1165217391304347,0.6495652173913045,5,1.5817757009345796,0,15,11,2,32,17,8,7,5,19,17,7,H
2024-08-25,Real Madrid,Valladolid,1,2.260869565217391,1.2956521739130435,2.43859649122807,2.1130434782608694,0.8173913043478261,22,1.1025641025641026,-0.7435897435897436,0.631578947368421,0.8717948717948718,1.6153846153846154,6.4,3.7948717948717947,3.408695652173913,5.205128205128205,5.730434782608696,4.435897435897436,1.9565217391304348,2.58974358974359,0.33016304347826086,0.22972972972972974,1.9417391304347826,0.5025641025641027,1.43917502787068,21,3.863664596273291,0,9,14,5,33,26,8,4,3,11,20,1,H
2024-08-25,Ath Madrid,Girona,3,1.9565217391304348,0.7478260869565218,2.3157894736842106,1.8,1.0521739130434782,13,1.7012987012987013,0.5454545454545454,1.3076923076923077,1.87012987012987,1.3246753246753247,4.956521739130435,4.7272727272727275,3.3304347826086955,4.428571428571429,4.904347826086957,4.0,2.6782608695652175,2.220779220779221,0.3631578947368421,0.3956043956043956,1.562608695652174,1.3883116883116884,0.1742970073404857,10,1.1255460202546061,1,10,9,6,22,18,8,13,5,26,23,2,H
2024-08-25,Alaves,Betis,18,1.0,-0.5844155844155844,1.4736842105263157,0.8831168831168831,1.4675324675324675,5,1.5913043478260869,0.2608695652173913,1.4736842105263157,1.3652173913043477,1.1043478260869566,3.4935064935064934,4.356521739130435,4.220779220779221,3.8956521739130436,4.285714285714286,4.773913043478261,2.3636363636363638,2.4521739130434783,0.2527881040892193,0.313373253493014,0.5012987012987014,1.1469565217391304,-0.6456578204404291,-13,0.43706861750834464,0,5,5,10,26,28,6,6,7,27,25,-1,D
2024-08-26,Villarreal,Celta,6,1.5517241379310345,0.39655172413793105,1.7586206896551724,1.646551724137931,1.25,11,1.1724137931034482,-0.15517241379310345,0.9473684210526315,1.1810344827586208,1.3362068965517242,4.706896551724138,4.086206896551724,4.474137931034483,3.853448275862069,5.086206896551724,4.655172413793103,2.586206896551724,2.2155172413793105,0.3498168498168498,0.2890295358649789,1.2241379310344827,0.7758620689655171,0.4482758620689655,5,1.577777777777778,0,9,10,8,21,31,13,11,6,22,13,-4,H
2024-08-27,Mallorca,Sevilla,14,1.1206896551724137,-0.3879310344827586,1.5344827586206897,0.9224137931034483,1.3103448275862069,8,1.3879310344827587,0.07758620689655173,1.206896551724138,1.3017241379310345,1.2241379310344827,3.413793103448276,4.060344827586207,4.0344827586206895,4.155172413793103,4.189655172413793,4.663793103448276,3.0258620689655173,2.9913793103448274,0.2702020202020202,0.3205944798301486,0.628448275862069,0.9775862068965517,-0.34913793103448276,-6,0.6428571428571429,0,6,6,6,23,22,1,4,9,27,29,5,D
2024-08-27,Vallecano,Barcelona,12,1.146551724137931,-0.31896551724137934,1.4210526315789473,0.9913793103448276,1.3103448275862069,2,2.1724137931034484,1.0086206896551724,2.0172413793103448,1.9051724137931034,0.896551724137931,4.043103448275862,5.431034482758621,4.077586206896552,3.2844827586206895,4.793103448275862,6.146551724137931,2.706896551724138,2.456896551724138,0.24520255863539445,0.35079365079365077,0.6758620689655173,1.7698275862068966,-1.0939655172413794,-10,0.3818801753531417,0,7,4,6,23,13,15,11,3,32,16,-8,A
2024-08-28,Ath Bilbao,Valencia,7,1.5086206896551724,0.29310344827586204,1.793103448275862,1.3189655172413792,1.0258620689655173,10,1.1982758620689655,-0.13793103448275862,0.9310344827586207,1.1379310344827587,1.2758620689655173,4.405172413793103,3.7155172413793105,3.456896551724138,4.224137931034483,6.043103448275862,4.612068965517241,2.353448275862069,2.663793103448276,0.299412915851272,0.3062645011600928,1.1060344827586206,0.7853448275862069,0.32068965517241366,3,1.4083424807903402,0,7,6,5,15,19,1,5,11,16,27,6,H
2024-08-28,Ath Madrid,Espanol,3,1.9655172413793103,0.7672413793103449,2.3275862068965516,1.8103448275862069,1.043103448275862,17,1.0128205128205128,-0.41025641025641024,0.6923076923076923,1.1794871794871795,1.5897435897435896,4.9655172413793105,3.7948717948717947,3.3448275862068964,4.653846153846154,4.870689655172414,4.615384615384615,2.663793103448276,2.782051282051282,0.3645833333333333,0.3108108108108108,1.575,0.6192307692307693,0.9557692307692307,14,2.543478260869565,0,10,11,6,20,21,3,8,10,31,22,7,D
2024-08-28,Sociedad,Alaves,4,1.6896551724137931,0.2672413793103448,1.7758620689655173,1.2413793103448276,0.9741379310344828,18,1.0,-0.5769230769230769,0.5384615384615384,0.8717948717948718,1.4487179487179487,4.318965517241379,3.4615384615384617,3.5258620689655173,4.205128205128205,4.870689655172414,4.269230769230769,2.3879310344827585,2.358974358974359,0.2874251497005988,0.2518518518518518,1.1732758620689656,0.5012820512820514,0.6719938107869142,14,2.3405503130787544,0,9,5,4,20,24,5,3,8,19,26,4,A
2024-08-29,Girona,Osasuna,13,1.6794871794871795,0.5,2.1052631578947367,1.8461538461538463,1.3461538461538463,9,1.2844827586206897,-0.25,1.1578947368421053,1.043103448275862,1.293103448275862,4.730769230769231,3.456896551724138,4.448717948717949,3.9827586206896552,4.064102564102564,4.4655172413793105,2.230769230769231,2.353448275862069,0.3902439024390244,0.30174563591022446,1.358974358974359,0.7758620689655173,0.5831122900088417,-4,1.7515669515669514,0,7,11,6,26,21,9,8,4,26,15,-2,H
2024-08-29,Las Palmas,Real Madrid,23,1.025,-0.375,1.25,0.9,1.275,1,2.2672413793103448,1.3103448275862069,2.086206896551724,2.1206896551724137,0.8103448275862069,3.375,6.422413793103448,4.225,3.396551724137931,4.3,5.724137931034483,2.2,1.9482758620689655,0.26666666666666666,0.3302013422818792,0.58,1.9508620689655172,-1.370862068965517,-22,0.29730446310207687,0,4,6,7,24,21,9,13,5,35,27,-5,D
2024-08-31,Espanol,Vallecano,18,1.0126582278481013,-0.4050632911392405,1.3333333333333333,1.1645569620253164,1.5696202531645569,13,1.1367521367521367,-0.3247863247863248,0.8813559322033898,0.9914529914529915,1.3162393162393162,3.759493670886076,4.042735042735043,4.6835443037974684,4.085470085470085,4.594936708860759,4.803418803418803,2.7721518987341773,2.7094017094017095,0.30976430976430974,0.2452431289640592,0.6177215189873418,0.6692307692307693,-0.05150925024342745,-5,0.9230321548086716,1,3,5,7,19,22,4,3,7,18,17,-1,H
2024-08-31,Ath Bilbao,Ath Madrid,7,1.5213675213675213,0.29914529914529914,1.8135593220338984,1.3162393162393162,1.017094017094017,3,1.9572649572649572,0.7606837606837606,1.603448275862069,1.794871794871795,1.0341880341880343,4.401709401709402,4.982905982905983,3.427350427350427,3.324786324786325,6.034188034188034,4.905982905982906,2.341880341880342,2.641025641025641,0.29902912621359223,0.3602058319039451,1.1136752136752137,1.5658119658119658,-0.4521367521367521,-4,0.7112445414847162,0,10,6,3,17,15,8,8,6,24,19,2,A
2024-08-31,Valencia,Villarreal,10,1.188034188034188,-0.1452991452991453,1.4655172413793103,1.1282051282051282,1.2735042735042734,6,1.564102564102564,0.4017094017094017,1.3448275862068966,1.6666666666666667,1.264957264957265,3.6837606837606836,4.743589743589744,4.222222222222222,4.504273504273504,4.598290598290598,5.102564102564102,2.6666666666666665,2.5982905982905984,0.3062645011600928,0.35135135135135137,0.7760683760683761,1.235897435897436,-0.45982905982905986,-4,0.627939142461964,0,1,5,11,13,26,9,13,11,27,34,-8,D
2024-08-31,Leganes,Mallorca,25,1.6666666666666667,0.3333333333333333,3.0,1.0,0.6666666666666666,14,1.1196581196581197,-0.38461538461538464,0.7068965517241379,0.9145299145299145,1.2991452991452992,3.3333333333333335,3.4188034188034186,4.0,4.05982905982906,3.6666666666666665,4.196581196581197,2.6666666666666665,3.0,0.3,0.2675,1.1333333333333333,0.6273504273504273,0.505982905982906,-11,1.8065395095367847,0,5,3,2,10,12,6,5,5,23,25,-1,A
2024-08-31,Barcelona,Valladolid,2,2.1794871794871793,1.0085470085470085,2.3275862068965516,1.9059829059829059,0.8974358974358975,22,1.0731707317073171,-0.7804878048780488,0.6,0.8292682926829268,1.6097560975609757,5.427350427350428,3.707317073170732,3.2905982905982905,5.195121951219512,6.145299145299146,4.439024390243903,2.4444444444444446,2.5121951219512195,0.35118110236220473,0.2236842105263158,1.7735042735042734,0.46829268292682935,1.3052115905774442,20,3.787170584045583,0,15,11,4,30,17,6,1,3,9,20,9,H
2024-09-01,Alaves,Las Palmas,18,1.0253164556962024,-0.5569620253164557,1.4615384615384615,0.8860759493670886,1.4430379746835442,23,1.024390243902439,-0.36585365853658536,0.8,0.9024390243902439,1.2682926829268293,3.481012658227848,3.3658536585365852,4.1645569620253164,4.317073170731708,4.291139240506329,4.2439024390243905,2.3797468354430378,2.1463414634146343,0.2545454545454545,0.26811594202898553,0.5227848101265822,0.5829268292682928,-0.06014201914171058,5,0.8968274985435091,1,8,5,4,14,16,4,5,6,18,25,4,H
2024-09-01,Osasuna,Celta,9,1.2735042735042734,-0.28205128205128205,1.4067796610169492,1.0341880341880343,1.3162393162393162,11,1.1623931623931625,-0.1623931623931624,0.9310344827586207,1.1965811965811965,1.358974358974359,3.427350427350427,4.119658119658119,3.9914529914529915,3.8974358974358974,4.427350427350428,4.64957264957265,2.3333333333333335,2.2222222222222223,0.30174563591022446,0.29045643153526973,0.7589743589743589,0.7717948717948718,-0.012820512820512886,2,0.9833887043189368,1,8,7,7,22,16,10,12,9,26,20,-2,H
2024-09-01,Sevilla,Girona,8,1.3846153846153846,0.07692307692307693,1.5689655172413792,1.2905982905982907,1.2136752136752136,12,1.6962025316455696,0.5443037974683544,1.275,1.8734177215189873,1.3291139240506329,4.085470085470085,4.734177215189874,4.153846153846154,4.3924050632911396,4.700854700854701,4.075949367088608,2.982905982905983,2.2025316455696204,0.3158995815899582,0.39572192513368987,0.9735042735042736,1.3860759493670887,-0.41257167586281507,4,0.7023455489208914,0,2,4,8,31,26,10,15,5,26,18,-8,A
2024-09-01,Getafe,Sociedad,15,1.0862068965517242,-0.2672413793103448,1.4655172413793103,0.9482758620689655,1.2155172413793103,4,1.6752136752136753,0.2564102564102564,1.603448275862069,1.2393162393162394,0.9829059829059829,3.5086206896551726,4.2905982905982905,4.137931034482759,3.5384615384615383,3.5258620689655173,4.897435897435898,3.5086206896551726,2.41025641025641,0.2702702702702703,0.28884462151394424,0.6525862068965518,1.1623931623931623,-0.5098069554966105,-11,0.56141607505071,0,2,2,7,15,14,6,5,6,16,26,-4,D
2024-09-01,Real Madrid,Betis,1,2.2564102564102564,1.2991452991452992,2.4482758620689653,2.111111111111111,0.811965811965812,6,1.5862068965517242,0.25862068965517243,1.4655172413793103,1.353448275862069,1.0948275862068966,6.435897435897436,4.344827586206897,3.393162393162393,3.8706896551724137,5.726495726495727,4.801724137931035,1.9487179487179487,2.4655172413793105,0.3280212483399734,0.3115079365079365,1.9401709401709402,1.1413793103448275,0.7987916298261126,5,1.699847651509283,0,7,9,6,32,20,4,3,5,23,19,3,H
2024-09-13,Betis,Leganes,6,1.5726495726495726,0.23931623931623933,1.706896551724138,1.3418803418803418,1.1025641025641026,25,1.25,0.0,1.0,0.75,0.75,4.3247863247863245,3.0,3.905982905982906,3.75,4.786324786324786,3.0,2.4444444444444446,2.25,0.3102766798418972,0.25,1.1264957264957265,0.775,0.35149572649572647,19,1.4535428728977116,0,3,1,5,21,18,5,3,3,12,15,-2,H
2024-09-14,Mallorca,Villarreal,13,1.1355932203389831,-0.3728813559322034,1.5254237288135593,0.9152542372881356,1.2881355932203389,6,1.5593220338983051,0.3983050847457627,1.3389830508474576,1.6610169491525424,1.2627118644067796,3.4152542372881354,4.728813559322034,4.0423728813559325,4.516949152542373,4.186440677966102,5.084745762711864,3.0,2.6271186440677967,0.2679900744416873,0.35125448028673834,0.6389830508474577,1.2313559322033898,-0.5923728813559321,-7,0.5189263592567103,0,8,4,3,18,24,9,10,8,23,34,-1,A
2024-09-14,Espanol,Alaves,18,1.0375,-0.3875,1.375,1.175,1.5625,17,1.05,-0.525,0.6,0.9,1.425,3.775,3.5,4.6875,4.2,4.575,4.3125,2.775,2.3875,0.31125827814569534,0.2571428571428571,0.6375000000000001,0.5475000000000001,0.08999999999999997,-1,1.1643835616438356,1,5,5,6,19,23,8,6,4,17,19,-3,H
2024-09-14,Sevilla,Getafe,8,1.3728813559322033,0.059322033898305086,1.5423728813559323,1.2796610169491525,1.2203389830508475,15,1.0854700854700854,-0.26495726495726496,0.7068965517241379,0.9401709401709402,1.205128205128205,4.093220338983051,3.4871794871794872,4.1525423728813555,4.102564102564102,4.720338983050848,3.52991452991453,2.983050847457627,3.4871794871794872,0.31262939958592134,0.2696078431372549,0.9601694915254237,0.6512820512820512,0.30888744024337256,7,1.4742759909248635,0,2,4,8,32,24,3,2,4,13,11,-1,H
2024-09-14,Sociedad,Real Madrid,4,1.6694915254237288,0.2542372881355932,1.7457627118644068,1.228813559322034,0.9745762711864406,1,2.26271186440678,1.305084745762712,2.0677966101694913,2.110169491525424,0.8050847457627118,4.254237288135593,6.4491525423728815,3.516949152542373,3.3813559322033897,4.864406779661017,5.737288135593221,2.3983050847457625,1.9491525423728813,0.28884462151394424,0.3272010512483574,1.1567796610169492,1.9449152542372883,-0.7881355932203391,-3,0.5947712418300654,0,4,3,6,14,18,9,7,2,34,15,-5,A
2024-09-15,Celta,Valladolid,12,1.152542372881356,-0.1694915254237288,1.3898305084745763,1.2033898305084745,1.3728813559322033,22,1.0476190476190477,-0.9285714285714286,0.5714285714285714,0.8095238095238095,1.7380952380952381,4.110169491525424,3.6666666666666665,3.8983050847457625,5.309523809523809,4.635593220338983,4.357142857142857,2.211864406779661,2.5238095238095237,0.2927835051546392,0.22077922077922077,0.7661016949152543,0.40714285714285714,0.3589588377723971,10,1.881653285756765,0,7,12,11,24,21,5,1,10,9,23,2,H
2024-09-15,Girona,Barcelona,12,1.7125,0.5625,2.128205128205128,1.875,1.3125,2,2.1864406779661016,1.0593220338983051,2.0338983050847457,1.9491525423728813,0.8898305084745762,4.725,5.466101694915254,4.4,3.2796610169491527,4.0875,6.177966101694915,2.2,2.4237288135593222,0.3968253968253968,0.35658914728682173,1.4,1.8008474576271187,-0.4008474576271188,-10,0.7774117647058822,0,10,14,4,25,17,15,15,4,34,15,-5,A
2024-09-15,Las Palmas,Ath Bilbao,23,1.0,-0.40476190476190477,1.2380952380952381,0.8809523809523809,1.2857142857142858,7,1.5084745762711864,0.288135593220339,1.2241379310344827,1.305084745762712,1.0169491525423728,3.4523809523809526,4.372881355932203,4.333333333333333,3.4152542372881354,4.261904761904762,6.0,2.0952380952380953,2.347457627118644,0.25517241379310346,0.29844961240310075,0.5547619047619048,1.1016949152542372,-0.5469330104923324,-16,0.5035531135531136,0,3,5,8,24,27,7,4,4,12,13,-4,A
2024-09-15,Ath Madrid,Valencia,3,1.9661016949152543,0.7627118644067796,2.305084745762712,1.7881355932203389,1.0254237288135593,10,1.1864406779661016,-0.1440677966101695,0.9152542372881356,1.1271186440677967,1.271186440677966,4.9576271186440675,3.7033898305084745,3.305084745762712,4.211864406779661,4.88135593220339,4.677966101694915,2.6271186440677967,2.669491525423729,0.3606837606837607,0.30434782608695654,1.569491525423729,0.7754237288135593,0.7940677966101697,7,2.024043715846995,0,11,8,2,24,14,2,5,9,13,24,9,H
2024-09-16,Vallecano,Osasuna,14,1.1271186440677967,-0.3305084745762712,1.396551724137931,0.9915254237288136,1.3220338983050848,9,1.2881355932203389,-0.2711864406779661,1.1379310344827587,1.0508474576271187,1.3220338983050848,4.0508474576271185,3.4322033898305087,4.093220338983051,3.983050847457627,4.822033898305085,4.440677966101695,2.7033898305084745,2.330508474576271,0.24476987447698745,0.30617283950617286,0.6627118644067798,0.7728813559322034,-0.11016949152542366,-5,0.8574561403508772,1,4,4,6,19,16,8,6,8,20,17,-4,H
2024-09-17,Mallorca,Sociedad,14,1.1260504201680672,-0.37815126050420167,1.5,0.9159663865546218,1.2941176470588236,4,1.6554621848739495,0.23529411764705882,1.5932203389830508,1.218487394957983,0.9831932773109243,3.4285714285714284,4.235294117647059,4.042016806722689,3.546218487394958,4.2100840336134455,4.873949579831932,3.008403361344538,2.411764705882353,0.26715686274509803,0.2876984126984127,0.6327731092436975,1.142016806722689,-0.5092436974789916,-10,0.5540838852097131,0,5,3,4,19,22,4,3,6,12,21,1,H
2024-09-18,Betis,Getafe,6,1.5847457627118644,0.2542372881355932,1.728813559322034,1.347457627118644,1.0932203389830508,15,1.076271186440678,-0.2711864406779661,0.6949152542372882,0.9322033898305084,1.2033898305084745,4.330508474576271,3.4915254237288136,3.8728813559322033,4.101694915254237,4.838983050847458,3.5338983050847457,2.4322033898305087,3.4915254237288136,0.3111545988258317,0.2669902912621359,1.138135593220339,0.6432203389830509,0.4949152542372881,9,1.769433465085639,0,6,3,3,17,16,3,2,4,13,13,3,H
2024-09-19,Leganes,Ath Bilbao,25,1.0,-0.4,1.5,0.6,1.0,7,1.5210084033613445,0.29411764705882354,1.2542372881355932,1.319327731092437,1.0252100840336134,2.4,4.369747899159663,4.0,3.436974789915966,2.6,5.974789915966387,2.2,2.3529411764705883,0.25,0.3019230769230769,0.5,1.1126050420168068,-0.6126050420168068,-18,0.44939577039274925,0,5,3,5,12,20,7,6,6,15,15,-2,A
2024-09-20,Alaves,Sevilla,18,1.037037037037037,-0.5308641975308642,1.5,0.9135802469135802,1.4444444444444444,8,1.3865546218487395,0.06722689075630252,1.2033898305084745,1.2773109243697478,1.2100840336134453,3.5308641975308643,4.092436974789916,4.197530864197531,4.151260504201681,4.320987654320987,4.705882352941177,2.3950617283950617,2.991596638655462,0.25874125874125875,0.31211498973305957,0.5419753086419753,0.9689075630252101,-0.4269322543832348,-10,0.559367404409324,0,7,7,6,19,19,5,4,6,30,22,2,H
2024-09-21,Valladolid,Sociedad,22,1.0232558139534884,-0.9534883720930233,1.5238095238095237,0.813953488372093,1.7674418604651163,4,1.6416666666666666,0.225,1.5666666666666667,1.2083333333333333,0.9833333333333333,3.604651162790698,4.233333333333333,5.348837209302325,3.55,4.325581395348837,4.875,2.604651162790698,2.4,0.22580645161290322,0.2854330708661417,0.38837209302325587,1.13,-0.741627906976744,-18,0.3436921177196955,0,4,2,13,10,29,4,2,5,11,20,0,D
2024-09-21,Osasuna,Las Palmas,9,1.2773109243697478,-0.2857142857142857,1.4333333333333333,1.050420168067227,1.3361344537815125,23,0.9767441860465116,-0.4186046511627907,0.7619047619047619,0.9069767441860465,1.3255813953488371,3.4201680672268906,3.511627906976744,4.0,4.325581395348837,4.436974789915967,4.372093023255814,2.327731092436975,2.0697674418604652,0.3071253071253071,0.2582781456953642,0.7630252100840336,0.5441860465116279,0.21883916357240563,14,1.4021403433168138,1,7,6,10,16,20,2,6,10,26,27,5,H
2024-09-21,Valencia,Girona,10,1.1764705882352942,-0.16806722689075632,1.4576271186440677,1.1176470588235294,1.2857142857142858,12,1.691358024691358,0.5185185185185185,1.3170731707317074,1.8641975308641976,1.345679012345679,3.680672268907563,4.716049382716049,4.218487394957983,4.45679012345679,4.663865546218488,4.049382716049383,2.6638655462184873,2.2098765432098766,0.3036529680365297,0.39528795811518325,0.761344537815126,1.374074074074074,-0.612729536258948,2,0.554078235067612,0,1,3,10,13,25,7,8,8,20,24,-6,H
2024-09-21,Real Madrid,Espanol,1,2.26890756302521,1.3109243697478992,2.457627118644068,2.1092436974789917,0.7983193277310925,18,1.0617283950617284,-0.37037037037037035,0.7,1.1975308641975309,1.5679012345679013,6.453781512605042,3.7777777777777777,3.369747899159664,4.703703703703703,5.739495798319328,4.518518518518518,1.9411764705882353,2.765432098765432,0.3268229166666667,0.31699346405228757,1.949579831932773,0.6592592592592593,1.2903205726735139,17,2.9572278349542063,0,11,9,2,36,14,7,5,5,15,25,4,H
2024-09-22,Ath Bilbao,Celta,7,1.5333333333333334,0.30833333333333335,1.7833333333333334,1.325,1.0166666666666666,11,1.1680672268907564,-0.15126050420168066,0.9152542372881356,1.218487394957983,1.3697478991596639,4.366666666666666,4.1344537815126055,3.433333333333333,3.8739495798319328,5.983333333333333,4.638655462184874,2.3333333333333335,2.2184873949579833,0.30343511450381677,0.29471544715447157,1.1241666666666668,0.7823529411764707,0.34181372549019606,4,1.436904761904762,0,9,7,5,15,16,9,13,10,27,21,0,H
2024-09-22,Getafe,Leganes,15,1.0672268907563025,-0.2773109243697479,1.4576271186440677,0.9327731092436975,1.2100840336134453,25,0.8333333333333334,-0.6666666666666666,0.6666666666666666,0.5,1.1666666666666667,3.504201680672269,2.5,4.1344537815126055,4.0,3.53781512605042,2.8333333333333335,3.504201680672269,2.3333333333333335,0.26618705035971224,0.2,0.6369747899159663,0.3166666666666667,0.32030812324929964,10,2.0114993365767355,0,3,2,4,12,17,4,2,6,11,19,-1,D
2024-09-22,Vallecano,Ath Madrid,14,1.1428571428571428,-0.31092436974789917,1.423728813559322,1.0084033613445378,1.319327731092437,3,1.9747899159663866,0.7815126050420168,1.6271186440677967,1.7983193277310925,1.0168067226890756,4.067226890756302,4.957983193277311,4.07563025210084,3.2857142857142856,4.840336134453781,4.899159663865547,2.7058823529411766,2.6134453781512605,0.24793388429752067,0.36271186440677966,0.6798319327731093,1.581512605042017,-0.9016806722689077,-11,0.4298618490967056,0,7,7,6,21,17,11,9,2,25,11,-4,D
2024-09-22,Villarreal,Barcelona,6,1.5714285714285714,0.40336134453781514,1.7796610169491525,1.6638655462184875,1.2605042016806722,2,2.19327731092437,1.0756302521008403,2.05,1.9663865546218486,0.8907563025210085,4.722689075630252,5.495798319327731,4.5210084033613445,3.2857142857142856,5.092436974789916,6.176470588235294,2.630252100840336,2.4285714285714284,0.35231316725978645,0.3577981651376147,1.2394957983193278,1.8126050420168067,-0.573109243697479,-4,0.683820120537784,0,11,11,8,24,33,15,17,4,37,13,-4,A
2024-09-23,Betis,Mallorca,5,1.596638655462185,0.2605042016806723,1.75,1.3529411764705883,1.0924369747899159,14,1.1416666666666666,-0.36666666666666664,0.7457627118644068,0.9166666666666666,1.2833333333333334,4.361344537815126,3.433333333333333,3.8823529411764706,4.041666666666667,4.8655462184873945,4.216666666666667,2.436974789915966,2.9916666666666667,0.31021194605009633,0.2669902912621359,1.1470588235294117,0.6441666666666667,0.502892156862745,9,1.7806864013393195,0,8,5,4,22,16,7,3,3,18,22,1,A
2024-09-24,Sevilla,Valladolid,8,1.375,0.058333333333333334,1.5666666666666667,1.275,1.2166666666666666,22,1.0227272727272727,-0.9318181818181818,0.5454545454545454,0.7954545454545454,1.7272727272727273,4.075,3.5681818181818183,4.15,5.318181818181818,4.708333333333333,4.340909090909091,3.0,2.6363636363636362,0.3128834355828221,0.2229299363057325,0.96,0.3909090909090909,0.5690909090909091,14,2.4558139534883723,0,4,3,6,27,21,2,1,13,9,31,2,H
2024-09-24,Valencia,Osasuna,10,1.1916666666666667,-0.15,1.4833333333333334,1.125,1.275,9,1.2916666666666667,-0.275,1.11864406779661,1.0583333333333333,1.3333333333333333,3.6666666666666665,3.408333333333333,4.208333333333333,4.0,4.666666666666667,4.416666666666667,2.6666666666666665,2.325,0.3068181818181818,0.3105134474327628,0.7758333333333333,0.775,0.0008333333333332416,-1,1.0010752688172042,1,4,4,8,14,20,9,7,10,13,20,-5,D
2024-09-24,Real Madrid,Alaves,1,2.275,1.325,2.466666666666667,2.125,0.8,17,1.0609756097560976,-0.5121951219512195,0.5853658536585366,0.926829268292683,1.4390243902439024,6.516666666666667,3.5365853658536586,3.3583333333333334,4.170731707317073,5.766666666666667,4.304878048780488,1.9583333333333333,2.3780487804878048,0.32608695652173914,0.2620689655172414,1.96,0.5621951219512196,1.3978048780487804,16,3.486334056399132,0,13,12,2,46,11,10,8,5,21,17,3,H
2024-09-25,Girona,Vallecano,13,1.670731707317073,0.4878048780487805,2.075,1.8414634146341464,1.353658536585366,14,1.1416666666666666,-0.30833333333333335,0.8666666666666667,1.0083333333333333,1.3166666666666667,4.695121951219512,4.058333333333334,4.426829268292683,4.083333333333333,4.048780487804878,4.825,2.207317073170732,2.683333333333333,0.3922077922077922,0.24845995893223818,1.35,0.6799999999999999,0.6700000000000002,1,1.985294117647059,0,6,7,9,21,22,5,6,6,19,17,1,D
2024-09-25,Barcelona,Getafe,2,2.2,1.1,2.3389830508474576,1.9916666666666667,0.8916666666666667,15,1.0666666666666667,-0.275,0.6833333333333333,0.9333333333333333,1.2083333333333333,5.533333333333333,3.5,3.2916666666666665,4.125,6.15,3.558333333333333,2.4166666666666665,3.5,0.35993975903614456,0.26666666666666666,1.8283333333333336,0.6375,1.1908333333333336,13,2.867973856209151,0,15,20,4,39,16,3,2,4,13,16,12,H
2024-09-26,Espanol,Villarreal,18,1.048780487804878,-0.4024390243902439,1.4146341463414633,1.1951219512195121,1.5975609756097562,6,1.5583333333333333,0.36666666666666664,1.3666666666666667,1.6583333333333334,1.2916666666666667,3.7560975609756095,4.716666666666667,4.817073170731708,4.566666666666666,4.512195121951219,5.108333333333333,2.768292682926829,2.658333333333333,0.3181818181818182,0.35159010600706714,0.6426829268292683,1.2208333333333334,-0.5781504065040651,-12,0.5264297011570798,0,7,6,8,15,36,10,10,11,25,38,-3,A
2024-09-26,Las Palmas,Betis,23,0.9545454545454546,-0.4318181818181818,1.1818181818181819,0.9090909090909091,1.3409090909090908,6,1.5833333333333333,0.25,1.4406779661016949,1.35,1.1,3.522727272727273,4.375,4.2727272727272725,3.9,4.363636363636363,4.875,2.1363636363636362,2.441666666666667,0.25806451612903225,0.30857142857142855,0.5295454545454545,1.1366666666666667,-0.6071212121212122,-17,0.4658757664622767,0,1,5,10,25,24,7,5,5,24,20,-6,D
2024-09-26,Celta,Ath Madrid,12,1.1583333333333334,-0.16666666666666666,1.4166666666666667,1.2166666666666666,1.3833333333333333,3,1.9666666666666666,0.775,1.6166666666666667,1.7916666666666667,1.0166666666666666,4.133333333333334,4.958333333333333,3.9,3.283333333333333,4.65,4.891666666666667,2.216666666666667,2.591666666666667,0.29435483870967744,0.36134453781512604,0.7725,1.5741666666666667,-0.8016666666666667,-9,0.49073583906829005,0,6,12,12,27,26,11,8,1,25,11,-5,A
2024-09-27,Valladolid,Mallorca,22,1.0,-0.9333333333333333,1.5,0.8,1.7333333333333334,11,1.1570247933884297,-0.35537190082644626,0.7833333333333333,0.9256198347107438,1.28099173553719,3.533333333333333,3.4545454545454546,5.311111111111111,4.0578512396694215,4.333333333333333,4.206611570247934,2.6666666666666665,2.9834710743801653,0.22641509433962265,0.2679425837320574,0.38000000000000006,0.6570247933884297,-0.2770247933884296,-11,0.578364779874214,0,2,2,12,9,27,10,5,3,22,23,-8,A
2024-09-28,Vallecano,Leganes,14,1.140495867768595,-0.30578512396694213,1.4166666666666667,1.0,1.3057851239669422,25,0.8571428571428571,-0.5714285714285714,0.75,0.5714285714285714,1.1428571428571428,4.024793388429752,2.5714285714285716,4.049586776859504,3.857142857142857,4.809917355371901,2.7142857142857144,2.6942148760330578,2.2857142857142856,0.24845995893223818,0.2222222222222222,0.6785123966942148,0.3714285714285714,0.30708382526564343,11,1.826764144945963,0,5,6,6,18,17,2,1,6,9,17,3,D
2024-09-28,Getafe,Alaves,15,1.0578512396694215,-0.2809917355371901,1.45,0.9256198347107438,1.2066115702479339,17,1.0481927710843373,-0.5180722891566265,0.5714285714285714,0.9397590361445783,1.4578313253012047,3.479338842975207,3.5301204819277108,4.12396694214876,4.168674698795181,3.5702479338842976,4.301204819277109,3.479338842975207,2.3493975903614457,0.2660332541567696,0.26621160409556316,0.6297520661157026,0.5566265060240964,0.0731255600916062,2,1.1313727594719332,1,2,2,5,14,19,9,10,8,23,18,-7,H
2024-09-28,Osasuna,Barcelona,9,1.2892561983471074,-0.2727272727272727,1.459016393442623,1.0495867768595042,1.322314049586777,2,2.206611570247934,1.0991735537190082,2.0655737704918034,1.9834710743801653,0.8842975206611571,3.396694214876033,5.520661157024794,3.9834710743801653,3.272727272727273,4.421487603305785,6.1570247933884295,2.330578512396694,2.4049586776859506,0.30900243309002434,0.3592814371257485,0.7727272727272727,1.8297520661157025,-1.0570247933884298,-7,0.4223125564588979,0,7,6,10,10,20,15,19,3,38,15,-8,H
2024-09-28,Sociedad,Valencia,4,1.6363636363636365,0.2231404958677686,1.7166666666666666,1.1983471074380165,0.9752066115702479,10,1.1900826446280992,-0.1487603305785124,0.9,1.115702479338843,1.2644628099173554,4.231404958677686,3.652892561983471,3.5371900826446283,4.190082644628099,4.892561983471074,4.710743801652892,2.4132231404958677,2.6611570247933884,0.283203125,0.3054298642533937,1.124793388429752,0.7735537190082645,0.35123966942148754,6,1.454059829059829,0,2,1,5,11,19,5,3,5,11,17,-3,H
2024-09-29,Celta,Girona,12,1.1487603305785123,-0.17355371900826447,1.3934426229508197,1.2066115702479339,1.3801652892561984,14,1.6626506024096386,0.4819277108433735,1.2857142857142858,1.819277108433735,1.3373493975903614,4.132231404958677,4.63855421686747,3.884297520661157,4.373493975903615,4.628099173553719,4.048192771084337,2.2148760330578514,2.216867469879518,0.292,0.3922077922077922,0.7636363636363637,1.3397590361445784,-0.5761226725082147,2,0.5699803793328974,0,3,9,12,26,23,7,7,6,16,16,-4,D
2024-09-29,Ath Bilbao,Sevilla,7,1.5454545454545454,0.32231404958677684,1.8032786885245902,1.3388429752066116,1.0165289256198347,8,1.3884297520661157,0.06611570247933884,1.1833333333333333,1.28099173553719,1.2148760330578512,4.3884297520661155,4.082644628099174,3.43801652892562,4.132231404958677,5.958677685950414,4.7190082644628095,2.3388429752066116,3.024793388429752,0.3050847457627119,0.31376518218623484,1.137190082644628,0.9702479338842975,0.16694214876033042,1,1.1720613287904598,1,12,9,4,20,15,7,4,5,23,18,5,D
2024-09-29,Betis,Espanol,5,1.578512396694215,0.24793388429752067,1.721311475409836,1.3471074380165289,1.0991735537190082,18,1.036144578313253,-0.40963855421686746,0.6829268292682927,1.1927710843373494,1.6024096385542168,4.380165289256198,3.7349397590361444,3.884297520661157,4.807228915662651,4.867768595041323,4.506024096385542,2.43801652892562,2.7951807228915664,0.30754716981132074,0.3193548387096774,1.1330578512396694,0.6337349397590362,0.49932291148063324,13,1.7879049743895923,0,7,6,6,26,21,7,7,9,14,36,0,H
2024-09-29,Ath Madrid,Real Madrid,3,1.975206611570248,0.7768595041322314,2.316666666666667,1.7851239669421488,1.0082644628099173,1,2.28099173553719,1.322314049586777,2.0833333333333335,2.1322314049586777,0.8099173553719008,4.933884297520661,6.4958677685950414,3.2892561983471076,3.355371900826446,4.87603305785124,5.75206611570248,2.5867768595041323,1.975206611570248,0.36180904522613067,0.3282442748091603,1.5776859504132232,1.9636363636363636,-0.3859504132231404,-2,0.8034511784511785,0,11,6,1,21,10,13,12,4,41,12,-2,D
2024-09-30,Villarreal,Las Palmas,6,1.5702479338842976,0.371900826446281,1.75,1.6611570247933884,1.2892561983471074,23,0.9555555555555556,-0.4222222222222222,0.7272727272727273,0.9111111111111111,1.3333333333333333,4.710743801652892,3.488888888888889,4.545454545454546,4.288888888888889,5.074380165289257,4.288888888888889,2.6611570247933884,2.1777777777777776,0.3526315789473684,0.2611464968152866,1.2289256198347107,0.5333333333333334,0.6955922865013773,17,2.304235537190082,0,10,10,11,24,31,2,5,9,22,24,8,H
2024-10-04,Leganes,Valencia,25,0.875,-0.5,1.0,0.625,1.125,10,1.180327868852459,-0.1721311475409836,0.8852459016393442,1.1065573770491803,1.278688524590164,2.625,3.6557377049180326,4.125,4.204918032786885,3.0,4.704918032786885,2.125,2.639344262295082,0.23809523809523808,0.30269058295964124,0.4125,0.7598360655737705,-0.3473360655737705,-15,0.5428802588996764,0,2,2,7,11,21,5,3,7,15,19,-3,D
2024-10-05,Getafe,Osasuna,15,1.0737704918032787,-0.26229508196721313,1.4754098360655739,0.9344262295081968,1.1967213114754098,9,1.3032786885245902,-0.2540983606557377,1.1166666666666667,1.0737704918032787,1.3278688524590163,3.5163934426229506,3.418032786885246,4.098360655737705,3.9918032786885247,3.557377049180328,4.426229508196721,3.4754098360655736,2.3278688524590163,0.26573426573426573,0.31414868105515587,0.6450819672131147,0.7901639344262295,-0.14508196721311473,-6,0.8163900414937759,1,4,4,5,21,20,10,10,8,16,20,-6,D
2024-10-05,Espanol,Mallorca,18,1.0238095238095237,-0.4166666666666667,1.380952380952381,1.1785714285714286,1.5952380952380953,11,1.1721311475409837,-0.3442622950819672,0.819672131147541,0.9344262295081968,1.278688524590164,3.7023809523809526,3.4754098360655736,4.892857142857143,4.032786885245901,4.5,4.204918032786885,2.8095238095238093,2.9754098360655736,0.3183279742765273,0.2688679245283019,0.6226190476190476,0.6696721311475411,-0.04705308352849347,-7,0.929737133531503,1,6,7,10,14,41,12,7,4,24,17,-6,H
2024-10-05,Las Palmas,Celta,23,0.9347826086956522,-0.45652173913043476,1.173913043478261,0.9130434782608695,1.3695652173913044,12,1.1475409836065573,-0.1721311475409836,0.9,1.2049180327868851,1.3770491803278688,3.4782608695652173,4.114754098360656,4.3478260869565215,3.8852459016393444,4.239130434782608,4.622950819672131,2.1956521739130435,2.2049180327868854,0.2625,0.29282868525896416,0.5130434782608696,0.7631147540983606,-0.250071275837491,-11,0.6723018726941579,0,1,5,11,22,23,4,7,9,20,18,-3,A
2024-10-05,Real Madrid,Villarreal,1,2.2704918032786887,1.3114754098360655,2.4754098360655736,2.122950819672131,0.8114754098360656,6,1.5819672131147542,0.38524590163934425,1.3934426229508197,1.6721311475409837,1.2868852459016393,6.475409836065574,4.729508196721311,3.360655737704918,4.532786885245901,5.745901639344262,5.057377049180328,1.9672131147540983,2.639344262295082,0.3278481012658228,0.3535528596187175,1.9532786885245903,1.2409836065573772,0.7122950819672131,5,1.5739762219286657,0,13,12,4,37,13,10,9,9,22,26,3,H
2024-10-05,Valladolid,Vallecano,22,0.9782608695652174,-0.9347826086956522,1.434782608695652,0.8043478260869565,1.7391304347826086,14,1.139344262295082,-0.30327868852459017,0.8688524590163934,1.0,1.3032786885245902,3.4782608695652173,4.040983606557377,5.326086956521739,4.040983606557377,4.391304347826087,4.811475409836065,2.6739130434782608,2.6885245901639343,0.23125,0.24746450304259635,0.3695652173913044,0.6786885245901639,-0.30912330719885955,-8,0.5445284604074775,0,1,3,14,8,32,6,6,5,20,15,-5,A
2024-10-06,Girona,Ath Bilbao,14,1.6547619047619047,0.47619047619047616,2.048780487804878,1.8095238095238095,1.3333333333333333,7,1.540983606557377,0.319672131147541,1.2833333333333334,1.3360655737704918,1.0163934426229508,4.630952380952381,4.377049180327869,4.345238095238095,3.442622950819672,4.0476190476190474,5.942622950819672,2.1904761904761907,2.3278688524590163,0.390745501285347,0.3052434456928839,1.332142857142857,1.1336065573770493,0.19853629976580778,-7,1.1751368660262367,1,5,4,7,15,18,10,9,5,19,19,-5,H
2024-10-06,Alaves,Barcelona,18,1.0357142857142858,-0.5357142857142857,1.5365853658536586,0.9285714285714286,1.4642857142857142,2,2.1885245901639343,1.0737704918032787,2.032258064516129,1.9836065573770492,0.9098360655737705,3.5,5.516393442622951,4.214285714285714,3.2950819672131146,4.273809523809524,6.172131147540983,2.392857142857143,2.401639344262295,0.2653061224489796,0.35958395245170877,0.5428571428571429,1.8131147540983605,-1.2702576112412176,-16,0.29940583828468104,0,6,8,9,19,25,12,19,6,38,17,-6,A
2024-10-06,Sevilla,Betis,8,1.3852459016393444,0.06557377049180328,1.5901639344262295,1.278688524590164,1.2131147540983607,5,1.5901639344262295,0.2540983606557377,1.4333333333333333,1.3442622950819672,1.0901639344262295,4.081967213114754,4.442622950819672,4.122950819672131,3.860655737704918,4.737704918032787,4.89344262295082,3.0245901639344264,2.4344262295081966,0.3132530120481928,0.3025830258302583,0.968032786885246,1.1401639344262295,-0.17213114754098358,-3,0.8490294751976996,1,7,5,6,20,17,10,7,4,36,14,-3,H
2024-10-06,Sociedad,Ath Madrid,4,1.6475409836065573,0.2459016393442623,1.7377049180327868,1.2131147540983607,0.9672131147540983,3,1.9672131147540983,0.7704918032786885,1.639344262295082,1.778688524590164,1.0081967213114753,4.245901639344262,4.926229508196721,3.540983606557377,3.2950819672131146,4.901639344262295,4.877049180327869,2.3934426229508197,2.598360655737705,0.2857142857142857,0.3610648918469218,1.1401639344262295,1.5704918032786885,-0.430327868852459,-1,0.725991649269311,0,5,3,3,16,18,11,7,2,18,13,-6,D
2024-10-18,Alaves,Valladolid,18,1.0235294117647058,-0.5647058823529412,1.5,0.9176470588235294,1.4823529411764707,22,0.9574468085106383,-0.9361702127659575,0.5217391304347826,0.8085106382978723,1.7446808510638299,3.4823529411764707,3.5106382978723403,4.258823529411765,5.276595744680851,4.352941176470588,4.404255319148936,2.388235294117647,2.702127659574468,0.2635135135135135,0.23030303030303031,0.5258823529411765,0.3595744680851064,0.16630788485607007,4,1.4625130525583014,1,3,6,12,16,26,1,4,9,11,25,2,A
2024-10-19,Ath Bilbao,Espanol,7,1.5284552845528456,0.3089430894308943,1.7903225806451613,1.3333333333333333,1.024390243902439,17,1.0470588235294118,-0.4,0.6666666666666666,1.188235294117647,1.588235294117647,4.373983739837398,3.6941176470588237,3.4634146341463414,4.882352941176471,5.902439024390244,4.4941176470588236,2.341463414634146,2.788235294117647,0.3048327137546468,0.321656050955414,1.1235772357723577,0.6411764705882353,0.48240076518412234,10,1.7523681658834935,0,10,10,6,22,23,6,7,10,12,40,4,H
2024-10-19,Osasuna,Betis,9,1.3008130081300813,-0.25203252032520324,1.4838709677419355,1.0731707317073171,1.3252032520325203,5,1.5772357723577235,0.24390243902439024,1.4098360655737705,1.3333333333333333,1.089430894308943,3.4065040650406506,4.430894308943089,3.983739837398374,3.869918699186992,4.40650406504065,4.861788617886178,2.341463414634146,2.4390243902439024,0.315035799522673,0.30091743119266057,0.7894308943089432,1.1284552845528455,-0.3390243902439023,-4,0.6995677233429396,0,8,8,7,14,20,7,5,5,34,19,1,A
2024-10-19,Girona,Sociedad,13,1.6705882352941177,0.4823529411764706,2.0714285714285716,1.811764705882353,1.3294117647058823,4,1.6422764227642277,0.24390243902439024,1.5573770491803278,1.2113821138211383,0.967479674796748,4.647058823529412,4.276422764227642,4.341176470588235,3.5203252032520327,4.070588235294117,4.902439024390244,2.211764705882353,2.3739837398373984,0.389873417721519,0.2832699619771863,1.3423529411764705,1.1365853658536587,0.20576757532281187,-9,1.1810401413784397,1,5,4,8,17,17,5,4,4,24,18,0,A
2024-10-19,Celta,Real Madrid,11,1.1626016260162602,-0.16260162601626016,1.3870967741935485,1.2032520325203253,1.3658536585365855,1,2.2764227642276422,1.3170731707317074,2.0655737704918034,2.1219512195121952,0.8048780487804879,4.0894308943089435,6.439024390243903,3.894308943089431,3.341463414634146,4.6016260162601625,5.715447154471545,2.268292682926829,1.951219512195122,0.294234592445328,0.32954545454545453,0.7731707317073171,1.9577235772357722,-1.184552845528455,-10,0.3949335548172758,0,7,6,6,18,19,13,12,4,31,12,-6,A
2024-10-20,Ath Madrid,Leganes,3,1.9593495934959348,0.7642276422764228,2.2950819672131146,1.7723577235772359,1.008130081300813,25,0.8888888888888888,-0.4444444444444444,0.8,0.5555555555555556,1.0,4.894308943089431,2.3333333333333335,3.3333333333333335,3.7777777777777777,4.845528455284553,2.7777777777777777,2.5934959349593494,2.111111111111111,0.36212624584717606,0.23809523809523808,1.5634146341463415,0.4222222222222222,1.1411924119241192,22,3.702824133504493,0,9,7,3,17,20,3,2,6,9,19,6,H
2024-10-20,Mallorca,Vallecano,12,1.1626016260162602,-0.34959349593495936,1.5245901639344261,0.9349593495934959,1.2845528455284554,14,1.1544715447154472,-0.2926829268292683,0.9032258064516129,1.008130081300813,1.3008130081300813,3.4796747967479673,4.032520325203252,4.024390243902439,4.048780487804878,4.219512195121951,4.878048780487805,2.991869918699187,2.682926829268293,0.26869158878504673,0.25,0.6634146341463415,0.6910569105691058,-0.02764227642276429,2,0.96,1,9,7,6,25,18,9,7,4,18,15,0,H
2024-10-20,Barcelona,Sevilla,2,2.1951219512195124,1.089430894308943,2.35,1.991869918699187,0.9024390243902439,8,1.3983739837398375,0.07317073170731707,1.180327868852459,1.2764227642276422,1.2032520325203253,5.536585365853658,4.0894308943089435,3.2845528455284554,4.1138211382113825,6.146341463414634,4.7317073170731705,2.3983739837398375,3.0569105691056913,0.35976505139500736,0.3121272365805169,1.8227642276422764,0.9764227642276424,0.846341463414634,6,1.8667776852622813,0,12,15,6,36,17,10,6,4,20,16,2,H
2024-10-20,Villarreal,Getafe,6,1.5691056910569106,0.36585365853658536,1.7704918032786885,1.6585365853658536,1.2926829268292683,15,1.0731707317073171,-0.2601626016260163,0.6721311475409836,0.9349593495934959,1.1951219512195121,4.699186991869919,3.5121951219512195,4.512195121951219,4.08130081300813,5.056910569105691,3.5609756097560976,2.6260162601626016,3.4634146341463414,0.35294117647058826,0.2662037037037037,1.2260162601626017,0.6455284552845528,0.5804878048780489,9,1.899244332493703,0,9,8,10,20,22,5,5,5,20,18,4,D
2024-10-21,Valencia,Las Palmas,11,1.1788617886178863,-0.17073170731707318,1.4754098360655739,1.0975609756097562,1.2682926829268293,23,0.9148936170212766,-0.46808510638297873,0.6956521739130435,0.8936170212765957,1.3617021276595744,3.6341463414634148,3.5106382978723403,4.170731707317073,4.276595744680851,4.682926829268292,4.382978723404255,2.6341463414634148,2.2127659574468086,0.30201342281879195,0.2545454545454545,0.7577235772357724,0.4957446808510638,0.2619788963847086,12,1.5284552845528456,0,5,2,6,10,16,1,5,10,20,19,4,A
2024-10-25,Espanol,Sevilla,17,1.0348837209302326,-0.43023255813953487,1.4186046511627908,1.186046511627907,1.6162790697674418,8,1.3870967741935485,0.04032258064516129,1.1612903225806452,1.2741935483870968,1.2338709677419355,3.6744186046511627,4.064516129032258,4.895348837209302,4.153225806451613,4.5,4.733870967741935,2.7906976744186047,3.0483870967741935,0.3227848101265823,0.3134920634920635,0.6255813953488373,0.9604838709677419,-0.3349024756189046,-9,0.6513190010348936,0,3,5,12,10,40,7,6,9,17,21,-4,A
2024-10-26,Valladolid,Villarreal,22,1.0,-0.8958333333333334,1.375,0.8541666666666666,1.75,6,1.564516129032258,0.3629032258064516,1.3709677419354838,1.653225806451613,1.2903225806451613,3.5208333333333335,4.693548387096774,5.25,4.508064516129032,4.4375,5.056451612903226,2.6875,2.6370967741935485,0.24260355029585798,0.35223367697594504,0.40208333333333335,1.221774193548387,-0.8196908602150537,-16,0.32909790979097914,0,4,6,8,14,22,7,7,10,20,21,-3,A
2024-10-26,Vallecano,Alaves,14,1.1451612903225807,-0.29838709677419356,1.4098360655737705,1.0,1.2983870967741935,18,1.0116279069767442,-0.5697674418604651,0.5581395348837209,0.9302325581395349,1.5,4.016129032258065,3.488372093023256,4.056451612903226,4.255813953488372,4.854838709677419,4.3604651162790695,2.6693548387096775,2.441860465116279,0.24899598393574296,0.26666666666666666,0.6830645161290323,0.5209302325581395,0.16213428357089277,4,1.3112399193548387,1,6,4,4,14,18,3,6,12,14,26,3,H
2024-10-26,Las Palmas,Girona,23,0.9583333333333334,-0.4375,1.125,0.9375,1.375,14,1.6511627906976745,0.46511627906976744,1.2790697674418605,1.7906976744186047,1.3255813953488371,3.5625,4.627906976744186,4.333333333333333,4.337209302325581,4.333333333333333,4.093023255813954,2.3541666666666665,2.2093023255813953,0.2631578947368421,0.3869346733668342,0.5354166666666667,1.3232558139534885,-0.7878391472868218,-9,0.40462067955477443,0,4,6,9,20,22,5,3,5,16,12,-1,H
2024-10-26,Real Madrid,Barcelona,1,2.282258064516129,1.314516129032258,2.4838709677419355,2.120967741935484,0.8064516129032258,2,2.2016129032258065,1.1129032258064515,2.0476190476190474,2.0161290322580645,0.9032258064516129,6.411290322580645,5.564516129032258,3.3548387096774195,3.2661290322580645,5.685483870967742,6.137096774193548,1.9435483870967742,2.3870967741935485,0.33081761006289306,0.36231884057971014,1.9596774193548387,1.8379032258064516,0.12177419354838714,1,1.0662571303203159,1,13,12,5,27,15,12,16,6,36,14,1,A
2024-10-27,Betis,Ath Madrid,6,1.5887096774193548,0.25,1.7419354838709677,1.3387096774193548,1.0887096774193548,3,1.967741935483871,0.7741935483870968,1.6290322580645162,1.782258064516129,1.0080645161290323,4.451612903225806,4.92741935483871,3.8870967741935485,3.3225806451612905,4.838709677419355,4.870967741935484,2.435483870967742,2.6129032258064515,0.3007246376811594,0.3617021276595745,1.1370967741935483,1.5725806451612903,-0.435483870967742,-3,0.7230769230769231,0,7,5,5,33,20,9,7,4,21,21,-2,H
2024-10-27,Sociedad,Osasuna,4,1.653225806451613,0.25,1.7258064516129032,1.2096774193548387,0.9596774193548387,9,1.2903225806451613,-0.25806451612903225,1.1147540983606556,1.0725806451612903,1.3306451612903225,4.274193548387097,3.4274193548387095,3.5161290322580645,4.008064516129032,4.911290322580645,4.451612903225806,2.3629032258064515,2.338709677419355,0.2830188679245283,0.3129411764705882,1.1435483870967742,0.782258064516129,0.3612903225806452,5,1.461855670103093,0,8,5,2,26,14,8,8,6,18,21,0,A
2024-10-27,Leganes,Celta,25,0.8,-0.6,1.0,0.6,1.2,13,1.153225806451613,-0.1693548387096774,0.9344262295081968,1.2016129032258065,1.3709677419354838,2.3,4.096774193548387,4.3,3.8870967741935485,2.7,4.612903225806452,2.0,2.2661290322580645,0.2608695652173913,0.2933070866141732,0.34,0.7661290322580646,-0.4261290322580646,-12,0.4437894736842105,0,3,3,7,11,23,4,4,7,16,21,-1,H
2024-10-27,Getafe,Valencia,15,1.0725806451612903,-0.25806451612903225,1.467741935483871,0.9354838709677419,1.1935483870967742,11,1.1693548387096775,-0.1774193548387097,0.8870967741935484,1.1048387096774193,1.282258064516129,3.5161290322580645,3.661290322580645,4.080645161290323,4.185483870967742,3.5725806451612905,4.733870967741935,3.4596774193548385,2.653225806451613,0.26605504587155965,0.30176211453744495,0.6459677419354839,0.7524193548387097,-0.1064516129032258,-4,0.8585209003215434,1,6,5,4,19,14,5,4,6,16,17,1,D
2024-10-28,Mallorca,Ath Bilbao,11,1.1774193548387097,-0.3387096774193548,1.5483870967741935,0.9354838709677419,1.2741935483870968,7,1.5403225806451613,0.33064516129032256,1.2622950819672132,1.3548387096774193,1.0241935483870968,3.4919354838709675,4.387096774193548,4.008064516129032,3.4516129032258065,4.258064516129032,5.895161290322581,2.975806451612903,2.338709677419355,0.2678983833718245,0.3088235294117647,0.6741935483870968,1.1403225806451613,-0.46612903225806457,-4,0.5912305516265912,0,12,7,4,25,16,10,11,5,24,19,2,D
2024-11-01,Alaves,Mallorca,18,1.0,-0.5747126436781609,1.4651162790697674,0.9195402298850575,1.4942528735632183,10,1.176,-0.336,0.8064516129032258,0.928,1.264,3.528735632183908,3.472,4.252873563218391,3.984,4.333333333333333,4.232,2.4597701149425286,3.0,0.26058631921824105,0.2672811059907834,0.5114942528735632,0.6728,-0.16130574712643675,-8,0.7602471059357361,1,0,4,12,17,28,10,6,4,22,13,-10,H
2024-11-02,Osasuna,Valladolid,9,1.304,-0.24,1.4603174603174602,1.08,1.32,23,0.9795918367346939,-0.8979591836734694,0.625,0.8571428571428571,1.7551020408163265,3.432,3.510204081632653,4.048,5.326530612244898,4.448,4.428571428571429,2.352,2.7142857142857144,0.3146853146853147,0.2441860465116279,0.796,0.39183673469387753,0.4041632653061225,14,2.0314583333333336,0,8,8,5,20,26,3,7,10,15,27,5,H
2024-11-02,Girona,Leganes,14,1.632183908045977,0.4482758620689655,2.0232558139534884,1.7701149425287357,1.3218390804597702,25,1.0,-0.2727272727272727,0.6666666666666666,0.8181818181818182,1.0909090909090908,4.609195402298851,2.4545454545454546,4.32183908045977,4.363636363636363,4.103448275862069,2.8181818181818183,2.2528735632183907,2.0,0.38403990024937656,0.3333333333333333,1.3045977011494252,0.5818181818181819,0.7227795193312433,11,2.242277298850574,0,5,3,4,16,13,6,6,5,12,24,-1,H
2024-11-03,Ath Madrid,Las Palmas,3,1.952,0.76,2.306451612903226,1.768,1.008,22,1.0,-0.40816326530612246,0.7916666666666666,0.9387755102040817,1.346938775510204,4.912,3.5510204081632653,3.32,4.3061224489795915,4.912,4.3061224489795915,2.608,2.3877551020408165,0.35993485342019543,0.26436781609195403,1.5575999999999999,0.5653061224489796,0.9922938775510203,19,2.755321299638989,0,8,6,4,19,21,7,6,7,19,23,1,H
2024-11-03,Barcelona,Espanol,2,2.208,1.136,2.360655737704918,2.032,0.896,18,1.0229885057471264,-0.4482758620689655,0.6511627906976745,1.1724137931034482,1.6206896551724137,5.576,3.6436781609195403,3.272,4.873563218390805,6.112,4.597701149425287,2.408,2.781609195402299,0.36441893830703015,0.3217665615141956,1.8512000000000002,0.6114942528735632,1.239705747126437,16,3.027338345864662,0,12,15,5,33,14,3,4,10,9,29,9,H
2024-11-03,Sevilla,Sociedad,8,1.4,0.056,1.6129032258064515,1.28,1.224,4,1.64,0.232,1.5806451612903225,1.2,0.968,4.056,4.312,4.128,3.52,4.712,4.984,3.024,2.368,0.3155818540433925,0.2782931354359926,0.9728,1.1296,-0.15679999999999994,-4,0.8611898016997167,1,10,7,7,18,18,8,5,3,31,14,2,A
2024-11-03,Ath Bilbao,Betis,7,1.536,0.328,1.8095238095238095,1.344,1.016,5,1.6,0.256,1.435483870967742,1.336,1.08,4.36,4.44,3.432,3.88,5.96,4.824,2.328,2.44,0.30825688073394497,0.3009009009009009,1.1352000000000002,1.1440000000000001,-0.008799999999999919,-2,0.9923076923076923,1,8,9,5,21,17,10,5,3,30,17,-2,D
2024-11-04,Celta,Getafe,14,1.144,-0.192,1.3650793650793651,1.192,1.384,15,1.072,-0.256,0.6774193548387096,0.936,1.192,4.104,3.52,3.888,4.056,4.592,3.608,2.264,3.456,0.290448343079922,0.26590909090909093,0.7527999999999999,0.6464000000000001,0.10639999999999983,1,1.1646039603960394,1,4,3,7,17,18,6,5,4,20,12,-2,H
2024-11-08,Vallecano,Las Palmas,14,1.16,-0.288,1.435483870967742,1.0,1.288,22,0.98,-0.44,0.76,0.92,1.36,4.016,3.5,4.08,4.28,4.864,4.24,2.672,2.36,0.24900398406374502,0.26285714285714284,0.6936,0.542,0.15159999999999996,8,1.2797047970479705,1,8,4,3,15,20,6,5,8,18,21,2,A
2024-11-09,Real Madrid,Osasuna,1,2.264,1.272,2.4444444444444446,2.104,0.832,9,1.3174603174603174,-0.23015873015873015,1.1451612903225807,1.0793650793650793,1.3095238095238095,6.392,3.4365079365079363,3.384,4.0476190476190474,5.72,4.468253968253968,1.944,2.3412698412698414,0.32916145181476847,0.3140877598152425,1.9344,0.8055555555555556,1.1288444444444443,8,2.4013241379310344,0,10,8,8,17,20,10,9,5,22,28,0,H
2024-11-09,Villarreal,Alaves,6,1.576,0.368,1.7580645161290323,1.656,1.288,17,1.0227272727272727,-0.5568181818181818,0.5454545454545454,0.9204545454545454,1.4772727272727273,4.728,3.522727272727273,4.496,4.2272727272727275,5.064,4.363636363636363,2.64,2.465909090909091,0.350253807106599,0.26129032258064516,1.2296,0.5284090909090909,0.7011909090909091,11,2.3269849462365593,0,10,8,6,25,14,3,3,9,17,26,7,H
2024-11-09,Leganes,Sevilla,25,0.9166666666666666,-0.3333333333333333,1.4,1.0,1.3333333333333333,8,1.3888888888888888,0.03968253968253968,1.1904761904761905,1.2698412698412698,1.2301587301587302,2.6666666666666665,4.023809523809524,4.5,4.119047619047619,2.6666666666666665,4.714285714285714,2.1666666666666665,3.015873015873016,0.375,0.3155818540433925,0.5583333333333333,0.9603174603174602,-0.4019841269841269,-17,0.581404958677686,0,5,8,8,14,27,7,5,8,13,19,-2,H
2024-11-10,Getafe,Girona,15,1.0634920634920635,-0.2619047619047619,1.4603174603174602,0.9285714285714286,1.1904761904761905,13,1.6477272727272727,0.45454545454545453,1.25,1.7954545454545454,1.3409090909090908,3.507936507936508,4.625,4.0476190476190474,4.329545454545454,3.5952380952380953,4.125,3.4682539682539684,2.25,0.2647058823529412,0.3882063882063882,0.6388888888888888,1.3193181818181818,-0.680429292929293,-2,0.4842568666858072,0,6,5,4,21,11,7,7,7,22,18,-1,A
2024-11-10,Betis,Celta,5,1.5952380952380953,0.25396825396825395,1.7619047619047619,1.3333333333333333,1.0793650793650793,13,1.1587301587301588,-0.18253968253968253,0.9193548387096774,1.1904761904761905,1.373015873015873,4.436507936507937,4.095238095238095,3.9126984126984126,3.873015873015873,4.801587301587301,4.555555555555555,2.4206349206349205,2.253968253968254,0.3005366726296959,0.29069767441860467,1.1404761904761904,0.7626984126984128,0.37777777777777766,8,1.4953173777315294,0,10,5,3,29,23,7,4,6,16,18,3,D
2024-11-10,Valladolid,Ath Bilbao,23,0.96,-0.9,1.32,0.84,1.74,7,1.5317460317460319,0.3253968253968254,1.2580645161290323,1.3412698412698412,1.0158730158730158,3.52,4.388888888888889,5.3,3.4365079365079363,4.38,5.9603174603174605,2.76,2.3095238095238093,0.23863636363636365,0.30560578661844484,0.378,1.1317460317460317,-0.7537460317460317,-16,0.3339971949509116,0,3,6,9,17,26,6,7,5,22,17,-3,D
2024-11-10,Sociedad,Barcelona,4,1.6507936507936507,0.24603174603174602,1.6984126984126984,1.2063492063492063,0.9603174603174603,2,2.2142857142857144,1.1428571428571428,2.0625,2.0396825396825395,0.8968253968253969,4.301587301587301,5.603174603174603,3.492063492063492,3.2698412698412698,5.015873015873016,6.134920634920635,2.357142857142857,2.388888888888889,0.28044280442804426,0.3640226628895184,1.1404761904761904,1.857936507936508,-0.7174603174603176,-2,0.6138402392140111,0,10,7,3,30,12,12,17,6,38,16,-2,H
2024-11-10,Mallorca,Ath Madrid,12,1.1666666666666667,-0.3412698412698413,1.5396825396825398,0.9206349206349206,1.2619047619047619,3,1.9603174603174602,0.7698412698412699,1.6031746031746033,1.7698412698412698,1.0,3.4603174603174605,4.896825396825397,3.9761904761904763,3.3015873015873014,4.214285714285714,4.944444444444445,2.992063492063492,2.5952380952380953,0.26605504587155965,0.36142625607779577,0.6650793650793652,1.565079365079365,-0.8999999999999999,-9,0.42494929006085197,0,7,4,4,18,10,8,7,4,20,18,-1,A
2024-11-22,Getafe,Valladolid,15,1.0551181102362204,-0.2677165354330709,1.4375,0.9212598425196851,1.188976377952756,23,0.9607843137254902,-0.8823529411764706,0.6,0.8431372549019608,1.7254901960784315,3.4803149606299213,3.5098039215686274,4.031496062992126,5.215686274509804,3.606299212598425,4.392156862745098,3.4645669291338583,2.784313725490196,0.2647058823529412,0.24022346368715083,0.6314960629921259,0.3843137254901961,0.2471823375019298,8,1.6431785312550213,1,3,3,5,13,12,4,6,8,19,21,-1,H
2024-11-23,Valencia,Betis,13,1.168,-0.176,1.4516129032258065,1.104,1.28,5,1.5905511811023623,0.25196850393700787,1.4285714285714286,1.3385826771653544,1.0866141732283465,3.64,4.448818897637795,4.184,3.8976377952755907,4.712,4.7795275590551185,2.688,2.425196850393701,0.3032967032967033,0.3008849557522124,0.752,1.1385826771653544,-0.38658267716535444,-8,0.6604702627939142,0,3,3,7,15,18,8,6,5,23,24,-5,H
2024-11-23,Ath Madrid,Alaves,3,1.968503937007874,0.7716535433070866,2.3174603174603177,1.763779527559055,0.9921259842519685,17,1.0112359550561798,-0.5842696629213483,0.5333333333333333,0.9101123595505618,1.4943820224719102,4.874015748031496,3.5168539325842696,3.322834645669291,4.213483146067416,4.921259842519685,4.337078651685394,2.5984251968503935,2.4719101123595504,0.36187399030694667,0.25878594249201275,1.568503937007874,0.5123595505617977,1.0561443864460762,14,3.0613344384583505,0,10,7,3,18,20,3,3,10,19,21,7,H
2024-11-23,Girona,Espanol,11,1.6629213483146068,0.4606741573033708,2.0454545454545454,1.7865168539325842,1.3258426966292134,18,1.0113636363636365,-0.4659090909090909,0.6363636363636364,1.1704545454545454,1.6363636363636365,4.595505617977528,3.6363636363636362,4.280898876404494,4.920454545454546,4.101123595505618,4.6022727272727275,2.258426966292135,2.784090909090909,0.38875305623471884,0.321875,1.3269662921348315,0.6000000000000001,0.7269662921348314,7,2.2116104868913857,0,9,7,6,20,16,3,4,11,10,34,6,H
2024-11-23,Las Palmas,Mallorca,22,1.0196078431372548,-0.39215686274509803,1.2,0.9607843137254902,1.3529411764705883,13,1.1574803149606299,-0.3464566929133858,0.7936507936507936,0.9133858267716536,1.2598425196850394,3.4901960784313726,3.4803149606299213,4.333333333333333,3.9606299212598426,4.235294117647059,4.2362204724409445,2.372549019607843,2.9763779527559056,0.2752808988764045,0.26244343891402716,0.584313725490196,0.65748031496063,-0.07316658947043397,-9,0.8887166842785016,1,9,7,6,18,21,4,2,4,18,11,5,A
2024-11-23,Celta,Barcelona,13,1.1574803149606299,-0.18110236220472442,1.390625,1.1968503937007875,1.3779527559055118,2,2.1968503937007875,1.125984251968504,2.0307692307692307,2.0236220472440944,0.8976377952755905,4.078740157480315,5.559055118110236,3.8897637795275593,3.2913385826771653,4.519685039370079,6.133858267716535,2.236220472440945,2.377952755905512,0.29343629343629346,0.3640226628895184,0.7637795275590551,1.8409448818897638,-1.0771653543307087,-11,0.41488451668092385,0,7,5,7,16,20,12,15,3,33,16,-5,D
2024-11-24,Sevilla,Vallecano,8,1.3779527559055118,0.031496062992125984,1.5873015873015872,1.2598425196850394,1.2283464566929134,14,1.1507936507936507,-0.30158730158730157,0.8888888888888888,1.0,1.3015873015873016,4.0078740157480315,4.0396825396825395,4.118110236220472,4.071428571428571,4.724409448818897,4.920634920634921,3.0078740157480315,2.6587301587301586,0.3143418467583497,0.2475442043222004,0.9503937007874016,0.6849206349206349,0.26547306586676667,6,1.3875968284960905,0,6,4,8,11,20,7,5,6,22,23,-1,H
2024-11-24,Leganes,Real Madrid,25,1.0769230769230769,-0.23076923076923078,1.6666666666666667,1.0,1.2307692307692308,1,2.2698412698412698,1.2936507936507937,2.0806451612903225,2.119047619047619,0.8253968253968254,2.769230769230769,6.404761904761905,4.3076923076923075,3.357142857142857,2.4615384615384617,5.761904761904762,2.1538461538461537,1.9285714285714286,0.3611111111111111,0.3308550185873606,0.6692307692307693,1.9468253968253968,-1.2775946275946275,-24,0.3437548998087115,0,7,8,7,15,23,10,9,6,21,17,-3,A
2024-11-24,Osasuna,Villarreal,9,1.3070866141732282,-0.25984251968503935,1.484375,1.0708661417322836,1.330708661417323,6,1.5873015873015872,0.3888888888888889,1.3968253968253967,1.6666666666666667,1.2777777777777777,3.409448818897638,4.714285714285714,4.078740157480315,4.484126984126984,4.456692913385827,5.079365079365079,2.338582677165354,2.626984126984127,0.3140877598152425,0.35353535353535354,0.789763779527559,1.2436507936507937,-0.4538870141232346,-3,0.6350366063846359,0,7,5,7,16,31,10,9,5,24,15,-3,D
2024-11-24,Ath Bilbao,Sociedad,7,1.5275590551181102,0.3228346456692913,1.796875,1.3385826771653544,1.015748031496063,4,1.6614173228346456,0.25196850393700787,1.6031746031746033,1.204724409448819,0.952755905511811,4.362204724409449,4.31496062992126,3.4330708661417324,3.4645669291338583,5.952755905511811,5.031496062992126,2.322834645669291,2.3622047244094486,0.30685920577617326,0.2791970802919708,1.1283464566929133,1.147244094488189,-0.018897637795275646,-3,0.9835277968428277,1,6,7,5,20,16,10,5,3,30,8,-4,H
2024-11-29,Mallorca,Valencia,11,1.171875,-0.3359375,1.515625,0.9296875,1.265625,12,1.1825396825396826,-0.15873015873015872,0.8888888888888888,1.126984126984127,1.2857142857142858,3.4765625,3.6507936507936507,3.953125,4.174603174603175,4.2265625,4.690476190476191,2.9765625,2.6984126984126986,0.26741573033707866,0.30869565217391304,0.67109375,0.7690476190476191,-0.09795386904761905,1,0.8726296439628483,1,7,4,4,17,11,5,7,9,18,19,2,H
2024-11-30,Barcelona,Las Palmas,2,2.1875,1.1171875,2.370967741935484,2.0234375,0.90625,22,1.0,-0.40384615384615385,0.8461538461538461,0.9807692307692307,1.3846153846153846,5.546875,3.480769230769231,3.328125,4.3076923076923075,6.09375,4.230769230769231,2.40625,2.4038461538461537,0.3647887323943662,0.281767955801105,1.8335937500000001,0.575,1.2585937500000002,20,3.1888586956521743,0,10,14,5,29,22,9,9,8,16,23,1,A
2024-11-30,Alaves,Leganes,17,1.0,-0.5888888888888889,1.5,0.9111111111111111,1.5,25,1.0,-0.42857142857142855,0.5714285714285714,0.9285714285714286,1.3571428571428572,3.488888888888889,2.5714285714285716,4.2555555555555555,4.642857142857143,4.288888888888889,2.4285714285714284,2.477777777777778,2.142857142857143,0.2611464968152866,0.3611111111111111,0.5055555555555555,0.5571428571428572,-0.051587301587301626,8,0.9074074074074073,1,3,4,9,18,21,6,8,10,15,31,-3,D
2024-11-30,Espanol,Celta,18,1.0,-0.4943820224719101,1.3863636363636365,1.1685393258426966,1.6629213483146068,13,1.15625,-0.1796875,0.9206349206349206,1.203125,1.3828125,3.606741573033708,4.109375,4.921348314606742,3.890625,4.584269662921348,4.5234375,2.7865168539325844,2.2578125,0.32398753894080995,0.29277566539923955,0.5853932584269663,0.7648437499999999,-0.1794504915730336,-5,0.7653762725092104,1,3,5,14,10,27,5,6,9,23,19,-2,H
2024-11-30,Valladolid,Ath Madrid,23,0.9423076923076923,-0.9038461538461539,1.3076923076923077,0.8269230769230769,1.7307692307692308,3,1.9765625,0.7734375,1.625,1.765625,0.9921875,3.5,4.8984375,5.211538461538462,3.3046875,4.346153846153846,4.921875,2.769230769230769,2.6015625,0.23626373626373626,0.36044657097288674,0.3653846153846154,1.5734374999999998,-1.2080528846153844,-20,0.2322206095791002,0,4,5,8,17,23,12,8,3,25,13,-8,A
2024-12-01,Villarreal,Girona,6,1.5826771653543308,0.3858267716535433,1.7777777777777777,1.669291338582677,1.2834645669291338,11,1.6777777777777778,0.4888888888888889,1.288888888888889,1.8111111111111111,1.3222222222222222,4.732283464566929,4.6,4.47244094488189,4.2444444444444445,5.102362204724409,4.122222222222222,2.645669291338583,2.2333333333333334,0.3527454242928453,0.39371980676328505,1.2409448818897637,1.3477777777777777,-0.10683289588801403,5,0.9207340426222484,1,8,8,6,24,15,9,9,6,19,13,-1,D
2024-12-01,Real Madrid,Getafe,1,2.2755905511811023,1.3070866141732282,2.453125,2.125984251968504,0.8188976377952756,15,1.0703125,-0.25,0.6666666666666666,0.9296875,1.1796875,6.425196850393701,3.4921875,3.3307086614173227,4.0234375,5.748031496062992,3.6015625,1.9133858267716535,3.4609375,0.33088235294117646,0.2662192393736018,1.9551181102362205,0.64609375,1.3090243602362204,14,3.0260594692894345,0,12,11,5,26,13,5,4,4,15,13,7,H
2024-12-01,Vallecano,Ath Bilbao,14,1.141732283464567,-0.30708661417322836,1.4126984126984128,0.9921259842519685,1.2992125984251968,7,1.5390625,0.328125,1.253968253968254,1.3359375,1.0078125,4.015748031496063,4.359375,4.062992125984252,3.4140625,4.905511811023622,5.9375,2.6850393700787403,2.328125,0.24705882352941178,0.3064516129032258,0.6771653543307087,1.13515625,-0.4579908956692914,-7,0.5965393348543063,0,6,4,6,17,23,9,7,3,20,11,-3,A
2024-12-01,Sociedad,Betis,4,1.6484375,0.2421875,1.71875,1.1953125,0.953125,6,1.578125,0.234375,1.40625,1.34375,1.109375,4.2890625,4.4375,3.46875,3.90625,5.0234375,4.7734375,2.375,2.421875,0.2786885245901639,0.3028169014084507,1.1359375,1.128125,0.0078125,2,1.0069252077562327,1,9,4,3,23,11,8,8,8,23,24,1,H
2024-12-02,Sevilla,Osasuna,8,1.390625,0.0390625,1.609375,1.2578125,1.21875,9,1.3046875,-0.2578125,1.126984126984127,1.078125,1.3359375,4.0,3.40625,4.09375,4.1015625,4.75,4.421875,3.0,2.3671875,0.314453125,0.3165137614678899,0.95859375,0.7906249999999999,0.1679687500000001,1,1.2124505928853757,1,6,4,8,9,18,7,6,8,17,35,-1,D
2024-12-03,Mallorca,Barcelona,10,1.186046511627907,-0.32558139534883723,1.5384615384615385,0.937984496124031,1.2635658914728682,2,2.1705426356589146,1.1007751937984496,2.015151515151515,2.0155038759689923,0.9147286821705426,3.4728682170542635,5.565891472868217,3.9302325581395348,3.3255813953488373,4.217054263565892,6.10077519379845,2.953488372093023,2.387596899224806,0.2700892857142857,0.362116991643454,0.6829457364341086,1.8186046511627907,-1.135658914728682,-8,0.37553282182438197,0,7,5,5,15,10,7,10,6,28,24,0,A
2024-12-04,Ath Bilbao,Real Madrid,7,1.550387596899225,0.3333333333333333,1.8153846153846154,1.3410852713178294,1.0077519379844961,1,2.28125,1.3125,2.0952380952380953,2.125,0.8125,4.37984496124031,6.40625,3.4186046511627906,3.328125,5.945736434108527,5.7421875,2.310077519379845,1.9140625,0.30619469026548674,0.33170731707317075,1.1434108527131783,1.959375,-0.8159641472868218,-6,0.5835589678918932,0,9,5,3,21,13,12,11,5,28,15,-3,H
2024-12-06,Celta,Mallorca,13,1.1472868217054264,-0.1937984496124031,1.3846153846153846,1.2015503875968991,1.3953488372093024,10,1.176923076923077,-0.35384615384615387,0.828125,0.9384615384615385,1.2923076923076924,4.093023255813954,3.453846153846154,3.89922480620155,3.9692307692307693,4.5271317829457365,4.2,2.255813953488372,2.9615384615384617,0.2935606060606061,0.2717149220489978,0.7558139534883721,0.67,0.08581395348837206,-3,1.128080527594585,1,5,6,10,20,21,6,6,10,15,18,-1,H
2024-12-07,Las Palmas,Valladolid,22,1.0377358490566038,-0.37735849056603776,1.1538461538461537,1.0,1.3773584905660377,23,0.9245283018867925,-0.9811320754716981,0.5769230769230769,0.8113207547169812,1.7924528301886793,3.4716981132075473,3.452830188679245,4.377358490566038,5.283018867924528,4.150943396226415,4.320754716981132,2.358490566037736,2.7358490566037736,0.28804347826086957,0.23497267759562843,0.6056603773584905,0.33018867924528306,0.2754716981132075,1,1.834285714285714,0,9,8,7,13,24,1,2,11,14,28,8,H
2024-12-07,Betis,Barcelona,7,1.565891472868217,0.21705426356589147,1.75,1.3333333333333333,1.1162790697674418,2,2.1769230769230767,1.123076923076923,2.029850746268657,2.0384615384615383,0.9153846153846154,4.4186046511627906,5.592307692307692,3.883720930232558,3.3076923076923075,4.767441860465116,6.092307692307692,2.4186046511627906,2.3923076923076922,0.3017543859649123,0.36451169188445665,1.1147286821705427,1.833076923076923,-0.7183482409063804,-5,0.6081188782298387,0,5,6,9,18,19,7,11,7,30,21,-2,D
2024-12-07,Valencia,Vallecano,13,1.1732283464566928,-0.16535433070866143,1.4761904761904763,1.125984251968504,1.2913385826771653,14,1.1328125,-0.3125,0.875,0.9921875,1.3046875,3.62992125984252,4.015625,4.165354330708661,4.0859375,4.700787401574803,4.875,2.677165354330709,2.6875,0.31019522776572667,0.24708171206225682,0.7622047244094488,0.67109375,0.09111097440944871,1,1.1357648978394579,1,5,8,8,15,16,3,3,7,18,25,2,A
2024-12-07,Girona,Real Madrid,11,1.6703296703296704,0.4835164835164835,2.066666666666667,1.8131868131868132,1.3296703296703296,1,2.2635658914728682,1.2945736434108528,2.0625,2.116279069767442,0.8217054263565892,4.615384615384615,6.395348837209302,4.241758241758242,3.3255813953488373,4.131868131868132,5.713178294573644,2.2747252747252746,1.9224806201550388,0.39285714285714285,0.33090909090909093,1.342857142857143,1.9434108527131784,-0.6005537098560354,-10,0.6909795429939029,0,10,11,7,22,13,9,10,6,30,13,1,A
2024-12-08,Leganes,Sociedad,25,1.0,-0.4,1.4285714285714286,0.9333333333333333,1.3333333333333333,4,1.6589147286821706,0.2558139534883721,1.578125,1.2015503875968991,0.9457364341085271,2.6,4.263565891472868,4.8,3.4573643410852712,2.8,4.984496124031008,2.2666666666666666,2.37984496124031,0.358974358974359,0.2818181818181818,0.5666666666666667,1.146511627906977,-0.5798449612403103,-21,0.4942528735632183,0,7,8,8,16,29,9,5,3,20,10,-2,A
2024-12-08,Ath Bilbao,Villarreal,5,1.5615384615384615,0.3384615384615385,1.8333333333333333,1.3461538461538463,1.0076923076923077,7,1.578125,0.3828125,1.390625,1.671875,1.2890625,4.369230769230769,4.7265625,3.4307692307692306,4.484375,5.938461538461539,5.0703125,2.3153846153846156,2.640625,0.30809859154929575,0.3537190082644628,1.1515384615384616,1.23828125,-0.08674278846153838,2,0.9299490414947829,1,11,7,4,23,17,9,10,6,27,19,2,H
2024-12-08,Osasuna,Alaves,9,1.302325581395349,-0.2558139534883721,1.476923076923077,1.0775193798449612,1.3333333333333333,18,1.0,-0.5824175824175825,0.5217391304347826,0.9120879120879121,1.4945054945054945,3.4031007751937983,3.5274725274725274,4.108527131782946,4.241758241758242,4.395348837209302,4.384615384615385,2.356589147286822,2.4615384615384617,0.31662870159453305,0.2585669781931464,0.789922480620155,0.5076923076923077,0.28223017292784736,9,1.5559079163730327,0,8,6,7,14,33,4,3,7,21,20,4,D
2024-12-08,Ath Madrid,Sevilla,3,1.9844961240310077,0.8062015503875969,2.328125,1.7906976744186047,0.9844961240310077,8,1.3875968992248062,0.03875968992248062,1.171875,1.255813953488372,1.2170542635658914,4.930232558139535,4.007751937984496,3.2868217054263567,4.0852713178294575,4.922480620155039,4.751937984496124,2.5968992248062017,2.9844961240310077,0.3632075471698113,0.31334622823984526,1.592248062015504,0.9565891472868218,0.6356589147286822,5,1.6645056726094003,0,12,10,2,25,12,7,4,4,13,12,5,H
2024-12-09,Getafe,Espanol,15,1.062015503875969,-0.26356589147286824,1.4615384615384615,0.9224806201550387,1.186046511627907,17,1.0222222222222221,-0.4666666666666667,0.6222222222222222,1.1888888888888889,1.6555555555555554,3.488372093023256,3.6222222222222222,4.023255813953488,4.888888888888889,3.5968992248062017,4.555555555555555,3.4806201550387597,2.7777777777777777,0.2644444444444444,0.3282208588957055,0.6364341085271319,0.6088888888888888,0.02754521963824308,2,1.0452384994058737,1,4,3,5,14,13,3,6,14,12,25,1,H
2024-12-13,Valladolid,Valencia,23,0.9074074074074074,-0.9814814814814815,1.2592592592592593,0.8148148148148148,1.7962962962962963,13,1.1640625,-0.171875,0.875,1.1171875,1.2890625,3.425925925925926,3.6484375,5.277777777777778,4.140625,4.296296296296297,4.734375,2.740740740740741,2.671875,0.23783783783783785,0.30620985010706636,0.32222222222222224,0.75390625,-0.43168402777777776,-10,0.4274035693724813,0,1,2,11,13,24,4,8,9,20,17,-3,H
2024-12-14,Espanol,Osasuna,17,1.010989010989011,-0.4725274725274725,1.4222222222222223,1.1758241758241759,1.6483516483516483,9,1.3,-0.25384615384615383,1.125,1.0846153846153845,1.3384615384615384,3.5934065934065935,3.4384615384615387,4.9010989010989015,4.1,4.538461538461538,4.423076923076923,2.8131868131868134,2.3692307692307693,0.327217125382263,0.31543624161073824,0.5989010989010989,0.7907692307692308,-0.1918681318681319,-8,0.7573652028904947,1,3,5,11,11,25,6,6,9,18,27,-3,D
2024-12-14,Mallorca,Girona,10,1.16793893129771,-0.366412213740458,1.5151515151515151,0.9312977099236641,1.297709923664122,11,1.6521739130434783,0.44565217391304346,1.2826086956521738,1.7934782608695652,1.3478260869565217,3.4580152671755724,4.608695652173913,3.9770992366412212,4.271739130434782,4.190839694656488,4.1521739130434785,2.946564885496183,2.282608695652174,0.2693156732891832,0.3891509433962264,0.6603053435114504,1.3184782608695653,-0.6581729173581149,1,0.5008086694398469,0,6,6,11,17,20,10,11,9,23,17,-4,H
2024-12-14,Sevilla,Celta,8,1.376923076923077,0.03076923076923077,1.6,1.2692307692307692,1.2384615384615385,12,1.1615384615384616,-0.17692307692307693,0.90625,1.2076923076923076,1.3846153846153846,4.0,4.1,4.123076923076923,3.9,4.7384615384615385,4.515384615384615,2.9846153846153847,2.246153846153846,0.3173076923076923,0.2945590994371482,0.9515384615384616,0.7692307692307692,0.1823076923076924,4,1.237,1,4,5,8,13,20,8,8,7,20,21,-4,H
2024-12-14,Vallecano,Real Madrid,14,1.1472868217054264,-0.3023255813953488,1.390625,0.9922480620155039,1.2945736434108528,1,2.269230769230769,1.3076923076923077,2.076923076923077,2.123076923076923,0.8153846153846154,3.992248062015504,6.4,4.10077519379845,3.330769230769231,4.868217054263566,5.6923076923076925,2.682170542635659,1.9230769230769231,0.24854368932038834,0.3317307692307692,0.6813953488372093,1.9515384615384614,-1.2701431127012521,-13,0.34915804236829806,0,6,4,6,17,26,12,13,2,33,10,-6,D
2024-12-15,Ath Madrid,Getafe,3,1.9923076923076923,0.8076923076923077,2.3384615384615386,1.8076923076923077,1.0,15,1.0769230769230769,-0.25384615384615383,0.65625,0.9230769230769231,1.176923076923077,4.961538461538462,3.5076923076923077,3.2846153846153845,4.0,4.923076923076923,3.5923076923076924,2.6076923076923078,3.476923076923077,0.3643410852713178,0.2631578947368421,1.6,0.6469230769230769,0.9530769230769232,12,2.4732461355529134,0,15,14,4,31,12,6,3,4,16,13,9,H
2024-12-15,Alaves,Ath Bilbao,18,1.0,-0.5760869565217391,1.488888888888889,0.9239130434782609,1.5,5,1.5725190839694656,0.3511450381679389,1.28125,1.3511450381679388,1.0,3.5217391304347827,4.366412213740458,4.282608695652174,3.4122137404580153,4.369565217391305,5.916030534351145,2.467391304347826,2.312977099236641,0.2623456790123457,0.3094405594405594,0.5119565217391304,1.1618320610687023,-0.6498755393295719,-13,0.4406458892761241,0,5,5,8,17,24,13,8,3,19,14,-8,D
2024-12-15,Sociedad,Las Palmas,4,1.6692307692307693,0.27692307692307694,1.7384615384615385,1.2153846153846153,0.9384615384615385,22,1.0740740740740742,-0.35185185185185186,0.9259259259259259,1.0185185185185186,1.3703703703703705,4.269230769230769,3.5,3.4461538461538463,4.333333333333333,4.969230769230769,4.12962962962963,2.376923076923077,2.388888888888889,0.28468468468468466,0.291005291005291,1.1607692307692308,0.6351851851851853,0.5255840455840455,18,1.8274501009194883,0,12,8,1,16,8,9,9,8,15,23,3,D
2024-12-15,Villarreal,Betis,7,1.565891472868217,0.3643410852713178,1.765625,1.6589147286821706,1.2945736434108528,6,1.5615384615384615,0.2153846153846154,1.3846153846153846,1.3384615384615384,1.123076923076923,4.6976744186046515,4.430769230769231,4.48062015503876,3.876923076923077,5.054263565891473,4.776923076923077,2.627906976744186,2.4076923076923076,0.35313531353135313,0.3020833333333333,1.2240310077519378,1.113076923076923,0.11095408467501477,-1,1.099682315188334,1,8,9,7,24,19,3,7,11,21,19,5,A
2024-12-15,Barcelona,Leganes,2,2.16793893129771,1.1145038167938932,2.3333333333333335,2.0381679389312977,0.9236641221374046,25,0.9375,-0.5625,0.625,0.875,1.4375,5.572519083969466,2.5625,3.3282442748091605,4.8125,6.076335877862595,2.9375,2.3893129770992365,2.25,0.36575342465753424,0.34146341463414637,1.8259541984732826,0.4750000000000001,1.3509541984732825,23,3.8441141020490153,0,5,10,8,24,24,4,5,11,14,29,1,A
2024-12-18,Espanol,Valencia,17,1.0108695652173914,-0.4673913043478261,1.4130434782608696,1.1630434782608696,1.6304347826086956,13,1.1550387596899225,-0.17829457364341086,0.8615384615384616,1.1085271317829457,1.2868217054263567,3.5869565217391304,3.635658914728682,4.8478260869565215,4.116279069767442,4.543478260869565,4.751937984496124,2.8152173913043477,2.6744186046511627,0.3242424242424242,0.3049040511727079,0.5978260869565217,0.7457364341085272,-0.14791034715200546,-4,0.8016586820934646,1,4,5,9,13,22,4,6,7,15,12,0,D
2024-12-18,Villarreal,Vallecano,7,1.5538461538461539,0.35384615384615387,1.7384615384615385,1.6538461538461537,1.3,14,1.146153846153846,-0.3,0.9076923076923077,1.0076923076923077,1.3076923076923077,4.6923076923076925,4.0,4.476923076923077,4.115384615384615,5.053846153846154,4.861538461538461,2.646153846153846,2.6923076923076925,0.3524590163934426,0.2519230769230769,1.2138461538461538,0.6846153846153846,0.5292307692307692,7,1.7730337078651683,0,5,8,8,19,20,4,6,9,18,25,1,D
2024-12-20,Girona,Valladolid,11,1.6344086021505377,0.43010752688172044,2.0217391304347827,1.7849462365591398,1.3548387096774193,23,0.9454545454545454,-0.9454545454545454,0.5555555555555556,0.8181818181818182,1.7636363636363637,4.56989247311828,3.381818181818182,4.247311827956989,5.218181818181818,4.150537634408602,4.236363636363636,2.2795698924731185,2.7818181818181817,0.3905882352941176,0.24193548387096775,1.303225806451613,0.3527272727272728,0.9504985337243401,12,3.6947123378782836,0,7,8,8,18,14,4,3,10,10,22,3,H
2024-12-21,Getafe,Mallorca,15,1.0687022900763359,-0.2595419847328244,1.4848484848484849,0.916030534351145,1.1755725190839694,10,1.1818181818181819,-0.3560606060606061,0.8153846153846154,0.9393939393939394,1.2954545454545454,3.4885496183206106,3.446969696969697,3.9923664122137406,3.9545454545454546,3.5877862595419847,4.174242424242424,3.4580152671755724,2.9696969696969697,0.26258205689277897,0.2725274725274725,0.6396946564885496,0.671969696969697,-0.03227504048114738,-5,0.9519695000731516,1,6,3,4,15,13,9,8,11,13,19,-3,A
2024-12-21,Celta,Sociedad,12,1.1526717557251909,-0.183206106870229,1.4090909090909092,1.1984732824427482,1.381679389312977,4,1.6641221374045803,0.2748091603053435,1.6,1.2061068702290076,0.9312977099236641,4.083969465648855,4.267175572519084,3.8931297709923665,3.4427480916030535,4.511450381679389,4.99236641221374,2.2519083969465647,2.3740458015267176,0.29345794392523367,0.2826475849731664,0.7610687022900764,1.1557251908396946,-0.3946564885496182,-8,0.6585204755614268,0,5,7,8,19,22,10,6,1,17,11,-5,H
2024-12-21,Osasuna,Ath Bilbao,9,1.297709923664122,-0.25190839694656486,1.4696969696969697,1.0763358778625953,1.3282442748091603,5,1.5681818181818181,0.3484848484848485,1.2769230769230768,1.3484848484848484,1.0,3.4122137404580153,4.348484848484849,4.091603053435114,3.409090909090909,4.419847328244275,5.901515151515151,2.3587786259541983,2.3106060606060606,0.31543624161073824,0.31010452961672474,0.7885496183206107,1.1583333333333334,-0.3697837150127228,-4,0.680762260420671,0,4,5,9,14,26,13,8,3,20,14,-9,A
2024-12-21,Barcelona,Ath Madrid,2,2.1515151515151514,1.0984848484848484,2.296875,2.022727272727273,0.9242424242424242,3,2.0,0.8091603053435115,1.646153846153846,1.8015267175572518,0.9923664122137404,5.5606060606060606,4.9465648854961835,3.3333333333333335,3.267175572519084,6.090909090909091,4.9465648854961835,2.371212121212121,2.6106870229007635,0.3637602179836512,0.36419753086419754,1.8098484848484848,1.6030534351145036,0.20679504973398122,1,1.1290007215007216,1,5,10,8,28,22,15,13,4,31,12,-10,A
2024-12-22,Valencia,Alaves,13,1.1538461538461537,-0.17692307692307693,1.453125,1.1076923076923078,1.2846153846153847,18,1.0,-0.5698924731182796,0.5319148936170213,0.9247311827956989,1.4946236559139785,3.6384615384615384,3.5161290322580645,4.107692307692307,4.258064516129032,4.769230769230769,4.344086021505376,2.6538461538461537,2.4623655913978495,0.3044397463002114,0.26299694189602446,0.7453846153846154,0.5139784946236559,0.23140612076095957,5,1.4502252977148378,1,4,6,7,18,11,3,5,9,17,24,1,D
2024-12-22,Real Madrid,Sevilla,1,2.2595419847328246,1.297709923664122,2.4615384615384617,2.1297709923664123,0.8320610687022901,8,1.3893129770992367,0.03816793893129771,1.1538461538461537,1.2671755725190839,1.2290076335877862,6.396946564885496,3.9923664122137406,3.3435114503816794,4.106870229007634,5.67175572519084,4.7251908396946565,1.9236641221374047,3.015267175572519,0.3329355608591885,0.3173996175908222,1.9450381679389313,0.9595419847328244,0.9854961832061069,7,2.0270485282418456,0,10,12,5,31,15,7,6,6,16,19,3,H
2024-12-22,Las Palmas,Espanol,21,1.0727272727272728,-0.34545454545454546,1.2222222222222223,1.0,1.3454545454545455,17,1.010752688172043,-0.46236559139784944,0.6086956521739131,1.1612903225806452,1.6236559139784945,3.4909090909090907,3.5806451612903225,4.327272727272727,4.838709677419355,4.163636363636364,4.537634408602151,2.4,2.795698924731183,0.2864583333333333,0.32432432432432434,0.6327272727272728,0.5989247311827958,0.03380254154447704,-4,1.0564387138893423,1,10,9,6,17,24,5,5,7,13,17,5,H
2024-12-22,Leganes,Villarreal,25,1.0588235294117647,-0.47058823529411764,1.25,0.8823529411764706,1.3529411764705883,7,1.549618320610687,0.3511450381679389,1.3692307692307693,1.6488549618320612,1.297709923664122,2.6470588235294117,4.694656488549619,4.764705882352941,4.465648854961832,2.8823529411764706,5.068702290076335,2.235294117647059,2.66412213740458,0.3333333333333333,0.35121951219512193,0.5647058823529412,1.2099236641221376,-0.6452177817691964,-18,0.4667285210614213,0,7,3,7,13,27,3,6,9,21,20,4,A
2024-12-22,Betis,Vallecano,7,1.5725190839694656,0.22137404580152673,1.7384615384615385,1.3435114503816794,1.1221374045801527,14,1.1450381679389312,-0.29770992366412213,0.9090909090909091,1.0076335877862594,1.3053435114503817,4.427480916030534,3.9923664122137406,3.877862595419847,4.122137404580153,4.778625954198473,4.877862595419847,2.4122137404580153,2.6946564885496183,0.30344827586206896,0.25239005736137665,1.1213740458015267,0.6847328244274808,0.4366412213740458,7,1.63768115942029,0,5,8,11,21,15,5,6,7,14,27,0,D
2025-01-03,Valencia,Real Madrid,13,1.1526717557251909,-0.17557251908396945,1.4461538461538461,1.1145038167938932,1.2900763358778626,1,2.265151515151515,1.303030303030303,2.0606060606060606,2.143939393939394,0.8409090909090909,3.633587786259542,6.409090909090909,4.099236641221374,3.356060606060606,4.770992366412214,5.674242424242424,2.648854961832061,1.9166666666666667,0.3067226890756303,0.33451536643026003,0.7465648854961833,1.9522727272727272,-1.2057078417765439,-12,0.38240809035892975,0,2,4,7,16,11,10,13,7,30,20,-8,A
2025-01-10,Vallecano,Celta,14,1.143939393939394,-0.29545454545454547,1.3846153846153846,1.0075757575757576,1.303030303030303,12,1.1666666666666667,-0.16666666666666666,0.8923076923076924,1.2045454545454546,1.371212121212121,3.992424242424242,4.106060606060606,4.128787878787879,3.871212121212121,4.878787878787879,4.515151515151516,2.7045454545454546,2.257575757575758,0.2523719165085389,0.2933579335793358,0.6848484848484849,0.7742424242424243,-0.08939393939393936,-2,0.8845401174168298,1,6,7,7,17,29,7,7,6,24,17,-1,H
2025-01-11,Alaves,Girona,18,1.0,-0.5638297872340425,1.4782608695652173,0.9361702127659575,1.5,11,1.648936170212766,0.4574468085106383,1.2553191489361701,1.797872340425532,1.3404255319148937,3.5106382978723403,4.595744680851064,4.24468085106383,4.212765957446808,4.340425531914893,4.202127659574468,2.4468085106382977,2.2872340425531914,0.26666666666666666,0.3912037037037037,0.5180851063829788,1.3212765957446808,-0.803191489361702,-7,0.39210950080515306,0,4,7,8,17,24,7,10,8,23,15,-3,A
2025-01-11,Valladolid,Betis,23,0.9285714285714286,-0.9821428571428571,1.3214285714285714,0.8035714285714286,1.7857142857142858,6,1.5681818181818181,0.2196969696969697,1.4090909090909092,1.3409090909090908,1.121212121212121,3.3392857142857144,4.431818181818182,5.25,3.878787878787879,4.178571428571429,4.78030303030303,2.75,2.393939393939394,0.24064171122994651,0.30256410256410254,0.3303571428571429,1.1181818181818182,-0.7878246753246753,-17,0.2954413472706156,0,3,2,12,8,28,5,7,10,20,17,-2,H
2025-01-11,Espanol,Leganes,17,1.0,-0.46808510638297873,1.4042553191489362,1.148936170212766,1.6170212765957446,25,1.0,-0.6111111111111112,0.8888888888888888,0.9444444444444444,1.5555555555555556,3.5638297872340425,2.6666666666666665,4.829787234042553,5.0,4.51063829787234,2.7777777777777777,2.7872340425531914,2.2777777777777777,0.32238805970149254,0.3541666666666667,0.5893617021276596,0.5055555555555555,0.08380614657210406,8,1.1657703998129532,1,5,4,4,14,16,4,4,12,12,34,1,D
2025-01-11,Sevilla,Valencia,8,1.378787878787879,0.022727272727272728,1.621212121212121,1.2727272727272727,1.25,14,1.143939393939394,-0.18181818181818182,0.8636363636363636,1.1136363636363635,1.2954545454545454,4.0,3.643939393939394,4.136363636363637,4.106060606060606,4.734848484848484,4.75,3.007575757575758,2.643939393939394,0.3181818181818182,0.30561330561330563,0.9507575757575759,0.7401515151515152,0.21060606060606069,6,1.2845445240532243,1,7,8,9,19,23,2,4,7,20,13,5,D
2025-01-12,Las Palmas,Getafe,20,1.1071428571428572,-0.32142857142857145,1.2857142857142858,1.0,1.3214285714285714,15,1.0606060606060606,-0.26515151515151514,0.6461538461538462,0.9090909090909091,1.1742424242424243,3.5,3.5,4.285714285714286,3.977272727272727,4.125,3.5833333333333335,2.4285714285714284,3.462121212121212,0.2857142857142857,0.2597402597402597,0.6571428571428573,0.6325757575757576,0.02456709956709968,-5,1.0388366124893074,1,10,7,5,18,19,6,3,4,20,13,4,A
2025-01-12,Ath Madrid,Osasuna,3,2.007575757575758,0.8106060606060606,2.3484848484848486,1.803030303030303,0.9924242424242424,9,1.2878787878787878,-0.25757575757575757,1.123076923076923,1.0757575757575757,1.3333333333333333,4.9393939393939394,3.409090909090909,3.2954545454545454,4.121212121212121,4.931818181818182,4.416666666666667,2.6136363636363638,2.340909090909091,0.36503067484662577,0.31555555555555553,1.6075757575757577,0.7818181818181817,0.8257575757575759,6,2.056201550387597,0,15,14,5,33,13,4,6,7,17,26,11,H
2025-01-13,Sociedad,Villarreal,4,1.6515151515151516,0.25757575757575757,1.7272727272727273,1.196969696969697,0.9393939393939394,7,1.5606060606060606,0.3712121212121212,1.393939393939394,1.6742424242424243,1.303030303030303,4.242424242424242,4.7272727272727275,3.4696969696969697,4.454545454545454,5.007575757575758,5.068181818181818,2.393939393939394,2.659090909090909,0.28214285714285714,0.3541666666666667,1.1424242424242426,1.2265151515151516,-0.084090909090909,3,0.9314391599752935,1,7,5,3,12,18,5,9,9,23,20,2,H
2025-01-17,Espanol,Valladolid,17,1.0,-0.4631578947368421,1.3958333333333333,1.1473684210526316,1.6105263157894736,23,0.9649122807017544,-0.9473684210526315,0.5357142857142857,0.8070175438596491,1.7543859649122806,3.5789473684210527,3.2982456140350878,4.842105263157895,5.2105263157894735,4.5473684210526315,4.12280701754386,2.778947368421053,2.736842105263158,0.3205882352941177,0.24468085106382978,0.5905263157894738,0.35964912280701755,0.23087719298245624,6,1.6419512195121955,1,3,2,4,14,20,6,3,10,6,26,-3,H
2025-01-18,Girona,Sevilla,11,1.6631578947368422,0.4631578947368421,2.0425531914893615,1.7894736842105263,1.3263157894736841,8,1.3759398496240602,0.022556390977443608,1.1363636363636365,1.2706766917293233,1.2481203007518797,4.557894736842106,4.007518796992481,4.189473684210526,4.112781954887218,4.189473684210526,4.774436090225564,2.305263157894737,2.992481203007519,0.39260969976905313,0.3170731707317073,1.328421052631579,0.9488721804511279,0.3795488721804511,-3,1.4,0,7,7,7,19,16,5,8,10,21,23,2,A
2025-01-18,Leganes,Ath Madrid,25,1.0,-0.5789473684210527,1.1111111111111112,0.9473684210526315,1.5263157894736843,3,2.0150375939849625,0.8120300751879699,1.6666666666666667,1.7969924812030076,0.9849624060150376,2.8421052631578947,4.93984962406015,5.0,3.2781954887218046,2.8421052631578947,4.924812030075188,2.3157894736842106,2.6090225563909772,0.3333333333333333,0.3637747336377473,0.5157894736842106,1.6105263157894738,-1.0947368421052632,-22,0.32026143790849676,0,5,5,10,18,30,15,13,4,30,13,-10,H
2025-01-18,Betis,Alaves,6,1.556390977443609,0.21052631578947367,1.7272727272727273,1.330827067669173,1.1203007518796992,18,0.9894736842105263,-0.5684210526315789,0.5416666666666666,0.9263157894736842,1.4947368421052631,4.421052631578948,3.4947368421052634,3.857142857142857,4.2105263157894735,4.804511278195489,4.3578947368421055,2.406015037593985,2.431578947368421,0.3010204081632653,0.26506024096385544,1.1075187969924811,0.5094736842105263,0.5980451127819548,12,2.173848878394333,0,5,5,7,20,13,4,6,7,18,17,1,A
2025-01-18,Getafe,Barcelona,15,1.0751879699248121,-0.2556390977443609,1.462686567164179,0.9172932330827067,1.1729323308270676,2,2.1353383458646618,1.0827067669172932,2.014705882352941,2.0150375939849625,0.9323308270676691,3.4962406015037595,5.571428571428571,4.0,3.338345864661654,3.593984962406015,6.12781954887218,3.4586466165413534,2.3533834586466167,0.2623655913978495,0.3616734143049933,0.6443609022556391,1.7954887218045115,-1.1511278195488723,-13,0.35887772194304857,0,6,3,5,18,17,4,9,8,31,18,2,D
2025-01-19,Real Madrid,Las Palmas,1,2.2706766917293235,1.300751879699248,2.4696969696969697,2.142857142857143,0.8421052631578947,20,1.087719298245614,-0.3333333333333333,0.9285714285714286,1.0,1.3333333333333333,6.398496240601504,3.56140350877193,3.3684210526315788,4.2631578947368425,5.669172932330827,4.12280701754386,1.9323308270676691,2.4210526315789473,0.33490011750881316,0.28078817733990147,1.9541353383458648,0.643859649122807,1.3102756892230578,19,3.035033086804204,0,10,13,8,31,22,10,6,4,22,19,0,H
2025-01-19,Celta,Ath Bilbao,12,1.1578947368421053,-0.17293233082706766,1.4328358208955223,1.2030075187969924,1.3759398496240602,5,1.5789473684210527,0.3533834586466165,1.303030303030303,1.3533834586466165,1.0,4.12781954887218,4.37593984962406,3.8796992481203008,3.406015037593985,4.503759398496241,5.887218045112782,2.2706766917293235,2.300751879699248,0.29143897996357016,0.30927835051546393,0.7676691729323308,1.1661654135338346,-0.3984962406015038,-7,0.6582849774339136,0,6,6,6,23,18,13,9,4,24,16,-7,A
2025-01-19,Valencia,Sociedad,14,1.1428571428571428,-0.18045112781954886,1.4242424242424243,1.112781954887218,1.2932330827067668,4,1.6616541353383458,0.2631578947368421,1.5757575757575757,1.1954887218045114,0.9323308270676691,3.6240601503759398,4.2330827067669174,4.112781954887218,3.481203007518797,4.7218045112781954,4.992481203007519,2.6390977443609023,2.406015037593985,0.3070539419087137,0.2824156305506217,0.7398496240601503,1.148872180451128,-0.4090225563909776,-10,0.6439790575916229,0,3,5,7,15,17,10,6,2,14,19,-7,H
2025-01-19,Osasuna,Vallecano,9,1.2781954887218046,-0.2631578947368421,1.4477611940298507,1.0676691729323309,1.330827067669173,14,1.1578947368421053,-0.2857142857142857,0.9104477611940298,1.0150375939849625,1.300751879699248,3.3909774436090228,4.0,4.12781954887218,4.150375939849624,4.383458646616542,4.864661654135339,2.3233082706766917,2.699248120300752,0.3148558758314856,0.25375939849624063,0.7736842105263158,0.6962406015037594,0.07744360902255631,5,1.111231101511879,1,3,4,6,15,24,9,8,6,18,29,-6,D
2025-01-20,Villarreal,Mallorca,7,1.5488721804511278,0.3609022556390977,1.7272727272727273,1.6616541353383458,1.300751879699248,10,1.1954887218045114,-0.3458646616541353,0.8484848484848485,0.9398496240601504,1.2857142857142858,4.7293233082706765,3.43609022556391,4.443609022556391,3.962406015037594,5.082706766917293,4.142857142857143,2.654135338345865,2.969924812030075,0.35135135135135137,0.2735229759299781,1.2150375939849625,0.6819548872180452,0.5330827067669173,3,1.7816979051819182,0,4,7,8,24,17,9,6,9,12,21,-5,H
2025-01-24,Las Palmas,Osasuna,20,1.0689655172413792,-0.3793103448275862,1.2413793103448276,1.0,1.3793103448275863,9,1.2761194029850746,-0.26119402985074625,1.106060606060606,1.0671641791044777,1.328358208955224,3.5344827586206895,3.388059701492537,4.413793103448276,4.119402985074627,4.086206896551724,4.395522388059701,2.413793103448276,2.328358208955224,0.28292682926829266,0.31497797356828194,0.6206896551724137,0.773134328358209,-0.15244467318579535,-11,0.8028225269604577,1,7,5,7,21,24,3,4,6,15,22,4,D
2025-01-25,Mallorca,Betis,10,1.1865671641791045,-0.373134328358209,1.537313432835821,0.9328358208955224,1.3059701492537314,7,1.544776119402985,0.19402985074626866,1.3880597014925373,1.328358208955224,1.1343283582089552,3.425373134328358,4.402985074626866,3.985074626865672,3.8656716417910446,4.149253731343284,4.7835820895522385,2.970149253731343,2.425373134328358,0.27233115468409586,0.3016949152542373,0.667910447761194,1.096268656716418,-0.4283582089552239,-3,0.6092579986385296,0,6,4,12,11,27,5,6,8,20,17,1,A
2025-01-25,Ath Madrid,Villarreal,3,2.0,0.7985074626865671,2.3582089552238807,1.7835820895522387,0.9850746268656716,7,1.5597014925373134,0.3880597014925373,1.373134328358209,1.6791044776119404,1.291044776119403,4.932835820895522,4.746268656716418,3.2761194029850746,4.425373134328358,4.955223880597015,5.08955223880597,2.611940298507463,2.6417910447761193,0.3615733736762481,0.35377358490566035,1.596268656716418,1.232089552238806,0.3641791044776119,4,1.2955784373107209,0,12,8,5,25,15,7,11,6,30,15,5,D
2025-01-25,Sevilla,Espanol,8,1.3880597014925373,0.029850746268656716,1.6119402985074627,1.2761194029850746,1.2462686567164178,17,1.0208333333333333,-0.4479166666666667,0.5957446808510638,1.15625,1.6041666666666667,4.022388059701493,3.5833333333333335,4.111940298507463,4.833333333333333,4.768656716417911,4.510416666666667,3.0,2.7708333333333335,0.3172541743970315,0.3226744186046512,0.9582089552238806,0.6072916666666666,0.35091728855721405,9,1.5778397890478997,0,7,9,10,22,24,6,4,4,17,18,1,D
2025-01-25,Valladolid,Real Madrid,23,0.9482758620689655,-0.9482758620689655,1.3793103448275863,0.8103448275862069,1.7586206896551724,1,2.2761194029850746,1.3134328358208955,2.074626865671642,2.156716417910448,0.8432835820895522,3.310344827586207,6.447761194029851,5.189655172413793,3.3582089552238807,4.172413793103448,5.686567164179104,2.7241379310344827,1.9179104477611941,0.24479166666666666,0.33449074074074076,0.35172413793103446,1.9634328358208957,-1.6117086978898612,-22,0.17913734124955763,0,6,4,7,9,21,13,16,7,39,21,-7,A
2025-01-26,Vallecano,Girona,13,1.1567164179104477,-0.2835820895522388,1.4090909090909092,1.0149253731343284,1.2985074626865671,11,1.6458333333333333,0.4479166666666667,1.2916666666666667,1.78125,1.3333333333333333,3.9925373134328357,4.552083333333333,4.141791044776119,4.208333333333333,4.850746268656716,4.21875,2.6940298507462686,2.28125,0.2542056074766355,0.391304347826087,0.6962686567164179,1.3135416666666666,-0.6172730099502487,-2,0.5300697148673761,0,7,8,7,20,26,6,6,7,17,18,1,H
2025-01-26,Sociedad,Getafe,4,1.6492537313432836,0.2537313432835821,1.7462686567164178,1.1865671641791045,0.9328358208955224,15,1.0746268656716418,-0.2537313432835821,0.6818181818181818,0.917910447761194,1.171641791044776,4.223880597014926,3.5,3.470149253731343,4.007462686567164,5.007462686567164,3.582089552238806,2.417910447761194,3.455223880597015,0.28091872791519434,0.2622601279317697,1.1380597014925373,0.6447761194029851,0.49328358208955225,11,1.7650462962962963,0,7,4,3,16,19,7,4,4,19,18,0,A
2025-01-26,Ath Bilbao,Leganes,5,1.5895522388059702,0.3582089552238806,1.8507462686567164,1.3582089552238805,1.0,25,1.1,-0.5,0.9,0.95,1.45,4.388059701492537,2.85,3.388059701492537,4.95,5.873134328358209,2.8,2.283582089552239,2.25,0.30952380952380953,0.3333333333333333,1.1738805970149253,0.5900000000000001,0.5838805970149252,20,1.9896281305337715,0,13,9,4,23,13,7,5,9,18,27,6,D
2025-01-26,Barcelona,Valencia,2,2.126865671641791,1.0746268656716418,2.2615384615384615,2.0074626865671643,0.9328358208955224,13,1.1567164179104477,-0.17164179104477612,0.8656716417910447,1.1119402985074627,1.2835820895522387,5.567164179104478,3.611940298507463,3.343283582089552,4.104477611940299,6.156716417910448,4.7164179104477615,2.3507462686567164,2.6417910447761193,0.3605898123324397,0.30785123966942146,1.787313432835821,0.7492537313432835,1.0380597014925375,11,2.3854581673306776,0,5,9,7,28,19,6,6,6,15,19,-1,H
2025-01-27,Alaves,Celta,18,1.0104166666666667,-0.5416666666666666,1.446808510638298,0.9479166666666666,1.4895833333333333,14,1.1492537313432836,-0.1791044776119403,0.8787878787878788,1.2014925373134329,1.3805970149253732,3.5104166666666665,4.104477611940299,4.1875,3.8955223880597014,4.34375,4.492537313432836,2.4583333333333335,2.253731343283582,0.27002967359050445,0.2927272727272727,0.5322916666666667,0.7611940298507462,-0.22890236318407953,-4,0.6992851307189544,1,6,8,7,16,16,6,6,5,22,19,0,D
2025-01-31,Leganes,Vallecano,25,1.0952380952380953,-0.47619047619047616,1.3,0.9047619047619048,1.380952380952381,12,1.1703703703703703,-0.2740740740740741,0.9117647058823529,1.0222222222222221,1.2962962962962963,2.8095238095238093,4.014814814814815,4.857142857142857,4.148148148148148,2.7142857142857144,4.844444444444444,2.1904761904761907,2.696296296296296,0.3220338983050847,0.25461254612546125,0.5857142857142859,0.7074074074074074,-0.12169312169312152,-13,0.8279730740463727,1,8,5,6,18,25,9,7,5,22,25,-1,A
2025-02-01,Getafe,Sevilla,15,1.0888888888888888,-0.22962962962962963,1.4558823529411764,0.9333333333333333,1.162962962962963,8,1.385185185185185,0.02962962962962963,1.164179104477612,1.2740740740740741,1.2444444444444445,3.5037037037037035,4.022222222222222,4.007407407407407,4.088888888888889,3.5703703703703704,4.770370370370371,3.474074074074074,2.9851851851851854,0.266384778012685,0.31675874769797424,0.6622222222222222,0.9562962962962962,-0.29407407407407404,-7,0.6924864446165763,0,7,6,4,17,21,8,7,7,23,16,-1,D
2025-02-01,Villarreal,Valladolid,6,1.5555555555555556,0.3851851851851852,1.7462686567164178,1.674074074074074,1.288888888888889,23,0.9322033898305084,-0.9830508474576272,0.5172413793103449,0.7966101694915254,1.7796610169491525,4.718518518518518,3.288135593220339,4.451851851851852,5.169491525423729,5.0962962962962965,4.11864406779661,2.637037037037037,2.7457627118644066,0.35478806907378335,0.2422680412371134,1.2281481481481482,0.3305084745762712,0.897639673571877,17,3.7159354226020893,0,8,11,5,27,19,6,3,8,9,20,2,H
2025-02-01,Ath Madrid,Mallorca,3,1.9925925925925927,0.7925925925925926,2.338235294117647,1.7777777777777777,0.9851851851851852,11,1.1777777777777778,-0.37777777777777777,0.835820895522388,0.9259259259259259,1.3037037037037038,4.955555555555556,3.422222222222222,3.259259259259259,3.977777777777778,4.955555555555556,4.148148148148148,2.6222222222222222,2.9703703703703703,0.35874439461883406,0.27056277056277056,1.5896296296296297,0.6607407407407407,0.928888888888889,8,2.405829596412556,0,10,5,3,24,13,6,3,8,13,21,4,H
2025-02-01,Espanol,Real Madrid,17,1.0206185567010309,-0.44329896907216493,1.4285714285714286,1.1546391752577319,1.597938144329897,1,2.2814814814814817,1.325925925925926,2.088235294117647,2.162962962962963,0.837037037037037,3.556701030927835,6.42962962962963,4.824742268041237,3.348148148148148,4.474226804123711,5.696296296296296,2.783505154639175,1.9259259259259258,0.32463768115942027,0.33640552995391704,0.6082474226804123,1.9711111111111113,-1.362863688430699,-16,0.30858099234068265,0,6,5,5,15,22,13,16,7,36,19,-7,H
2025-02-02,Barcelona,Alaves,2,2.1333333333333333,1.1111111111111112,2.272727272727273,2.0444444444444443,0.9333333333333333,18,1.0103092783505154,-0.5360824742268041,0.5918367346938775,0.9484536082474226,1.4845360824742269,5.607407407407408,3.484536082474227,3.3333333333333335,4.164948453608248,6.214814814814815,4.329896907216495,2.3333333333333335,2.4536082474226806,0.36459709379128136,0.27218934911242604,1.8088888888888888,0.534020618556701,1.2748682703321879,16,3.3873015873015873,0,5,11,7,30,20,6,7,6,14,10,-1,H
2025-02-02,Valencia,Celta,14,1.1481481481481481,-0.21481481481481482,1.4477611940298507,1.1111111111111112,1.325925925925926,13,1.1481481481481481,-0.17777777777777778,0.8805970149253731,1.2,1.3777777777777778,3.6,4.088888888888889,4.155555555555556,3.8740740740740742,4.711111111111111,4.488888888888889,2.6296296296296298,2.259259259259259,0.30864197530864196,0.29347826086956524,0.7318518518518519,0.7607407407407407,-0.028888888888888853,-1,0.9620253164556962,1,5,6,12,13,27,4,5,6,19,16,1,H
2025-02-02,Osasuna,Sociedad,9,1.2740740740740741,-0.25925925925925924,1.4411764705882353,1.0666666666666667,1.325925925925926,4,1.637037037037037,0.22962962962962963,1.5522388059701493,1.1777777777777778,0.9481481481481482,3.3925925925925924,4.222222222222222,4.140740740740741,3.474074074074074,4.377777777777778,5.007407407407407,2.3703703703703702,2.422222222222222,0.314410480349345,0.2789473684210526,0.7725925925925927,1.122962962962963,-0.3503703703703702,-5,0.6879947229551453,0,3,3,5,11,26,4,1,6,15,21,-1,H
2025-02-02,Betis,Ath Bilbao,7,1.5555555555555556,0.2,1.7014925373134329,1.325925925925926,1.125925925925926,5,1.5851851851851853,0.35555555555555557,1.328358208955224,1.348148148148148,0.9925925925925926,4.392592592592592,4.377777777777778,3.859259259259259,3.3777777777777778,4.777777777777778,5.948148148148148,2.422222222222222,2.274074074074074,0.30185497470489037,0.3079526226734349,1.102962962962963,1.1688888888888889,-0.06592592592592594,-2,0.9435994930291508,1,7,5,6,17,17,11,7,3,23,10,-4,D
2025-02-03,Girona,Las Palmas,12,1.6288659793814433,0.4329896907216495,2.0,1.7731958762886597,1.3402061855670102,20,1.0677966101694916,-0.3728813559322034,0.896551724137931,1.0,1.3728813559322033,4.556701030927835,3.593220338983051,4.237113402061856,4.406779661016949,4.185567010309279,4.084745762711864,2.268041237113402,2.5084745762711864,0.3891402714932127,0.2783018867924528,1.2989690721649485,0.6220338983050848,0.6769351738598637,8,2.0882609062052304,0,6,7,6,18,18,5,4,7,23,26,1,H
2025-02-07,Vallecano,Valladolid,11,1.1838235294117647,-0.2647058823529412,1.4328358208955223,1.0220588235294117,1.286764705882353,23,0.9166666666666666,-1.0333333333333334,0.5,0.8,1.8333333333333333,4.007352941176471,3.2666666666666666,4.125,5.216666666666667,4.875,4.15,2.7058823529411766,2.7333333333333334,0.25504587155963304,0.24489795918367346,0.7169117647058822,0.30833333333333335,0.4085784313725489,12,2.325119236883942,0,11,7,4,22,21,3,3,13,10,26,8,H
2025-02-08,Celta,Betis,14,1.1397058823529411,-0.18382352941176472,1.411764705882353,1.1985294117647058,1.3823529411764706,7,1.5514705882352942,0.19852941176470587,1.411764705882353,1.3308823529411764,1.1323529411764706,4.073529411764706,4.404411764705882,3.8823529411764706,3.860294117647059,4.470588235294118,4.764705882352941,2.2573529411764706,2.426470588235294,0.29422382671480146,0.3021702838063439,0.7544117647058823,1.1014705882352942,-0.34705882352941186,-7,0.6849132176234979,0,4,6,7,19,18,5,5,7,19,17,-1,H
2025-02-08,Ath Bilbao,Girona,5,1.5808823529411764,0.35294117647058826,1.838235294117647,1.3529411764705883,1.0,11,1.6428571428571428,0.4387755102040816,1.2653061224489797,1.7755102040816326,1.336734693877551,4.375,4.551020408163265,3.3970588235294117,4.214285714285714,5.955882352941177,4.255102040816326,2.264705882352941,2.2653061224489797,0.3092436974789916,0.3901345291479821,1.1669117647058824,1.3081632653061224,-0.14125150060023994,6,0.8920230338625311,1,9,7,5,23,15,9,8,5,21,18,0,H
2025-02-08,Las Palmas,Villarreal,20,1.05,-0.38333333333333336,1.2333333333333334,1.0,1.3833333333333333,6,1.5661764705882353,0.4117647058823529,1.3676470588235294,1.6985294117647058,1.286764705882353,3.566666666666667,4.742647058823529,4.4,4.4338235294117645,4.066666666666666,5.080882352941177,2.5,2.625,0.2803738317757009,0.3581395348837209,0.6100000000000001,1.2463235294117647,-0.6363235294117646,-14,0.4894395280235989,0,4,5,9,22,26,10,15,5,30,18,-6,A
2025-02-08,Real Madrid,Ath Madrid,1,2.264705882352941,1.3088235294117647,2.4776119402985075,2.1470588235294117,0.8382352941176471,3,2.0,0.8014705882352942,1.6417910447761195,1.7794117647058822,0.9779411764705882,6.4338235294117645,4.955882352941177,3.338235294117647,3.2426470588235294,5.713235294117647,4.992647058823529,1.911764705882353,2.6176470588235294,0.33371428571428574,0.3590504451038576,1.9544117647058823,1.5963235294117648,0.3580882352941175,2,1.2243205895900506,0,12,13,5,37,16,10,6,3,26,13,2,D
2025-02-09,Valencia,Leganes,14,1.161764705882353,-0.20588235294117646,1.4705882352941178,1.1176470588235294,1.3235294117647058,25,1.0454545454545454,-0.5,0.9090909090909091,0.8636363636363636,1.3636363636363635,3.610294117647059,2.727272727272727,4.139705882352941,4.7727272727272725,4.713235294117647,2.6818181818181817,2.6176470588235294,2.227272727272727,0.3095723014256619,0.31666666666666665,0.7426470588235294,0.5454545454545454,0.19719251336898402,11,1.3615196078431373,1,7,6,11,15,26,5,4,7,15,24,2,H
2025-02-09,Alaves,Getafe,18,1.0,-0.5408163265306123,1.4375,0.9387755102040817,1.4795918367346939,15,1.088235294117647,-0.22794117647058823,0.7164179104477612,0.9264705882352942,1.1544117647058822,3.4489795918367347,3.485294117647059,4.163265306122449,3.985294117647059,4.3061224489795915,3.588235294117647,2.4489795918367347,3.4779411764705883,0.27218934911242604,0.26582278481012656,0.5255102040816326,0.6610294117647059,-0.13551920768307324,-3,0.7949876279766634,1,5,6,6,11,12,8,6,3,17,19,-3,A
2025-02-09,Sevilla,Barcelona,8,1.3823529411764706,0.029411764705882353,1.6029411764705883,1.2647058823529411,1.2352941176470589,2,2.139705882352941,1.1102941176470589,2.0,2.036764705882353,0.9264705882352942,4.0,5.595588235294118,4.0661764705882355,3.3088235294117645,4.772058823529412,6.205882352941177,3.0073529411764706,2.3529411764705883,0.3161764705882353,0.3639947437582129,0.9529411764705882,1.8102941176470586,-0.8573529411764704,-6,0.5264012997562957,0,6,6,7,21,15,7,10,5,31,14,-1,A
2025-02-09,Sociedad,Espanol,4,1.625,0.22058823529411764,1.7205882352941178,1.1764705882352942,0.9558823529411765,17,1.0408163265306123,-0.42857142857142855,0.6041666666666666,1.153061224489796,1.5816326530612246,4.213235294117647,3.5408163265306123,3.4779411764705883,4.846938775510204,5.007352941176471,4.438775510204081,2.426470588235294,2.7755102040816326,0.2792321116928447,0.3256484149855908,1.1139705882352942,0.6224489795918368,0.4915216086434574,13,1.7896576663452266,0,3,2,8,14,22,8,5,4,14,25,-5,H
2025-02-10,Mallorca,Osasuna,13,1.1691176470588236,-0.3897058823529412,1.5147058823529411,0.9191176470588235,1.3088235294117647,9,1.286764705882353,-0.25,1.1044776119402986,1.0735294117647058,1.3235294117647058,3.4044117647058822,3.3970588235294117,3.985294117647059,4.132352941176471,4.147058823529412,4.367647058823529,2.9705882352941178,2.375,0.26997840172786175,0.31601731601731603,0.6514705882352941,0.7830882352941178,-0.13161764705882362,-4,0.8319248826291079,1,6,3,8,10,21,5,5,6,15,26,1,D
2025-02-14,Girona,Getafe,11,1.6262626262626263,0.40404040404040403,2.020408163265306,1.7575757575757576,1.3535353535353536,15,1.102189781021898,-0.21897810218978103,0.75,0.927007299270073,1.145985401459854,4.515151515151516,3.4817518248175183,4.252525252525253,3.9854014598540144,4.232323232323233,3.5839416058394162,2.282828282828283,3.4963503649635035,0.38926174496644295,0.2662473794549266,1.2858585858585858,0.6708029197080292,0.6150556661505566,4,1.9168947362636155,0,6,5,8,15,25,11,7,2,15,21,-5,A
2025-02-15,Leganes,Alaves,25,1.0,-0.5652173913043478,1.1818181818181819,0.8260869565217391,1.391304347826087,18,0.98989898989899,-0.5454545454545454,0.58,0.9292929292929293,1.4747474747474747,2.782608695652174,3.4545454545454546,4.739130434782608,4.151515151515151,2.6956521739130435,4.343434343434343,2.1739130434782608,2.4444444444444446,0.296875,0.26900584795321636,0.4956521739130435,0.5171717171717172,-0.021519543258673668,-7,0.958389945652174,1,5,2,4,16,19,4,4,5,12,12,1,D
2025-02-15,Osasuna,Real Madrid,9,1.2846715328467153,-0.24817518248175183,1.463768115942029,1.072992700729927,1.3211678832116789,1,2.2554744525547443,1.2992700729927007,2.0579710144927534,2.1386861313868613,0.8394160583941606,3.4014598540145986,6.452554744525547,4.116788321167883,3.321167883211679,4.416058394160584,5.7153284671532845,2.386861313868613,1.905109489051095,0.315450643776824,0.33144796380090497,0.7824817518248175,1.9452554744525545,-1.162773722627737,-8,0.40225140712945595,0,6,5,5,16,20,10,10,4,38,12,-4,D
2025-02-15,Ath Madrid,Celta,3,1.9927007299270072,0.7956204379562044,2.347826086956522,1.7737226277372262,0.9781021897810219,14,1.1532846715328466,-0.17518248175182483,0.8676470588235294,1.2116788321167884,1.3868613138686132,4.927007299270073,4.087591240875913,3.2846715328467155,3.8905109489051095,4.963503649635037,4.467153284671533,2.6204379562043796,2.2627737226277373,0.36,0.29642857142857143,1.5897810218978101,0.7664233576642336,0.8233576642335765,11,2.074285714285714,0,8,5,3,23,15,4,7,9,18,22,4,D
2025-02-15,Villarreal,Valencia,6,1.5766423357664234,0.41605839416058393,1.7647058823529411,1.7007299270072993,1.2846715328467153,12,1.1751824817518248,-0.1897810218978102,0.8529411764705882,1.1240875912408759,1.313868613138686,4.737226277372263,3.613138686131387,4.430656934306569,4.138686131386861,5.08029197080292,4.744525547445256,2.627737226277372,2.605839416058394,0.35901386748844377,0.3111111111111111,1.253284671532847,0.7554744525547445,0.4978102189781024,6,1.658937198067633,0,10,12,4,25,19,10,7,9,14,25,0,D
2025-02-16,Espanol,Ath Bilbao,17,1.0303030303030303,-0.43434343434343436,1.46,1.1515151515151516,1.5858585858585859,5,1.5912408759124088,0.3722627737226277,1.3235294117647058,1.364963503649635,0.9927007299270073,3.515151515151515,4.401459854014599,4.828282828282828,3.3795620437956204,4.393939393939394,5.992700729927007,2.7676767676767677,2.2481751824817517,0.3275862068965517,0.3101160862354892,0.6151515151515152,1.1802919708029198,-0.5651404556514046,-12,0.5211858848222485,0,8,6,5,13,24,11,9,4,29,13,-3,D
2025-02-16,Valladolid,Sevilla,23,0.9016393442622951,-1.0327868852459017,1.3333333333333333,0.7868852459016393,1.819672131147541,8,1.3722627737226278,0.0072992700729927005,1.161764705882353,1.2627737226277371,1.2554744525547445,3.262295081967213,4.0,5.229508196721311,4.08029197080292,4.114754098360656,4.773722627737226,2.721311475409836,3.021897810218978,0.24120603015075376,0.3156934306569343,0.298360655737705,0.9408759124087591,-0.6425152566710541,-15,0.3171094634295235,0,3,3,11,12,25,6,5,7,20,13,-3,A
2025-02-16,Mallorca,Las Palmas,13,1.167883211678832,-0.38686131386861317,1.5072463768115942,0.9197080291970803,1.3065693430656935,20,1.0327868852459017,-0.39344262295081966,0.8666666666666667,1.0,1.3934426229508197,3.394160583941606,3.5737704918032787,3.9854014598540144,4.39344262295082,4.1678832116788325,4.098360655737705,2.9562043795620436,2.557377049180328,0.2709677419354839,0.2798165137614679,0.6518248175182482,0.598360655737705,0.05346416178054314,7,1.0893510648935105,1,4,2,8,10,24,1,5,11,22,28,3,H
2025-02-16,Betis,Sociedad,7,1.5401459854014599,0.1897810218978102,1.6911764705882353,1.3357664233576643,1.145985401459854,4,1.635036496350365,0.22627737226277372,1.5294117647058822,1.1824817518248176,0.9562043795620438,4.408759124087592,4.204379562043796,3.875912408759124,3.45985401459854,4.781021897810219,5.014598540145985,2.4452554744525545,2.4160583941605838,0.3029801324503311,0.28125,1.0941605839416058,1.1218978102189783,-0.027737226277372518,-3,0.9752765126870525,1,4,6,9,19,19,6,4,7,16,16,-2,H
2025-02-17,Barcelona,Vallecano,2,2.145985401459854,1.1240875912408759,2.283582089552239,2.051094890510949,0.927007299270073,10,1.197080291970803,-0.25547445255474455,0.9420289855072463,1.0218978102189782,1.2773722627737227,5.598540145985401,4.021897810218978,3.3138686131386863,4.116788321167883,6.204379562043796,4.868613138686132,2.3576642335766422,2.7007299270072993,0.3663624511082138,0.2540834845735027,1.8204379562043795,0.7262773722627738,1.0941605839416058,8,2.5065326633165825,0,10,14,5,33,14,13,7,3,24,19,-3,H
2025-02-21,Celta,Osasuna,14,1.1521739130434783,-0.17391304347826086,1.434782608695652,1.210144927536232,1.3840579710144927,9,1.2826086956521738,-0.2463768115942029,1.1029411764705883,1.0724637681159421,1.318840579710145,4.086956521739131,3.4057971014492754,3.8840579710144927,4.130434782608695,4.4855072463768115,4.427536231884058,2.282608695652174,2.391304347826087,0.29609929078014185,0.3148936170212766,0.7659420289855072,0.7818840579710145,-0.01594202898550723,-5,0.9796107506950881,1,5,7,8,15,20,7,6,5,19,21,-2,H
2025-02-22,Alaves,Espanol,18,0.99,-0.54,1.4081632653061225,0.95,1.49,17,1.03,-0.43,0.5918367346938775,1.15,1.58,3.49,3.52,4.14,4.82,4.32,4.37,2.47,2.75,0.2722063037249284,0.32670454545454547,0.5229999999999999,0.616,-0.09300000000000008,-1,0.8490259740259739,1,5,7,7,17,14,8,6,5,12,22,-3,A
2025-02-22,Vallecano,Villarreal,10,1.1884057971014492,-0.2608695652173913,1.4558823529411764,1.0144927536231885,1.2753623188405796,6,1.5724637681159421,0.41304347826086957,1.391304347826087,1.6956521739130435,1.2826086956521738,4.021739130434782,4.731884057971015,4.1231884057971016,4.420289855072464,4.869565217391305,5.072463768115942,2.7028985507246377,2.608695652173913,0.25225225225225223,0.35834609494640124,0.7188405797101449,1.2492753623188406,-0.5304347826086957,-4,0.5754060324825986,0,10,5,3,23,17,11,13,4,24,19,-1,A
2025-02-22,Valencia,Ath Madrid,13,1.173913043478261,-0.18840579710144928,1.4927536231884058,1.1231884057971016,1.3115942028985508,3,1.9855072463768115,0.7898550724637681,1.6323529411764706,1.7681159420289856,0.9782608695652174,3.608695652173913,4.913043478260869,4.13768115942029,3.289855072463768,4.746376811594203,4.942028985507246,2.6231884057971016,2.630434782608696,0.3112449799196787,0.35988200589970504,0.755072463768116,1.5833333333333333,-0.8282608695652173,-10,0.476887871853547,0,10,7,9,16,24,6,5,4,21,18,4,A
2025-02-22,Las Palmas,Barcelona,20,1.0161290322580645,-0.41935483870967744,1.1935483870967742,1.0,1.4193548387096775,2,2.152173913043478,1.1231884057971016,2.0142857142857142,2.0434782608695654,0.9202898550724637,3.5806451612903225,5.594202898550725,4.403225806451613,3.318840579710145,4.112903225806452,6.188405797101449,2.5806451612903225,2.3550724637681157,0.27927927927927926,0.36528497409326427,0.582258064516129,1.8217391304347825,-1.2394810659186535,-18,0.319616598660405,0,1,5,12,19,30,13,14,3,31,14,-12,A
2025-02-23,Ath Bilbao,Valladolid,6,1.5869565217391304,0.3695652173913043,1.855072463768116,1.3623188405797102,0.9927536231884058,23,0.8870967741935484,-1.0806451612903225,0.4838709677419355,0.7741935483870968,1.8548387096774193,4.398550724637682,3.2419354838709675,3.3840579710144927,5.241935483870968,6.0,4.096774193548387,2.239130434782609,2.7419354838709675,0.30971993410214166,0.23880597014925373,1.1768115942028985,0.2741935483870968,0.9026180458158017,17,4.291901108269394,0,9,8,4,25,14,0,2,15,13,28,9,H
2025-02-23,Real Madrid,Girona,1,2.246376811594203,1.289855072463768,2.4558823529411766,2.130434782608696,0.8405797101449275,14,1.61,0.39,1.24,1.75,1.36,6.449275362318841,4.51,3.3260869565217392,4.27,5.688405797101449,4.22,1.9057971014492754,2.29,0.3303370786516854,0.38802660753880264,1.936231884057971,1.272,0.6642318840579711,13,1.5221948774040652,0,8,9,4,39,11,3,5,10,18,29,5,H
2025-02-23,Getafe,Betis,15,1.1159420289855073,-0.21014492753623187,1.4492753623188406,0.9347826086956522,1.144927536231884,7,1.5507246376811594,0.21014492753623187,1.391304347826087,1.3478260869565217,1.1376811594202898,3.5,4.434782608695652,3.9855072463768115,3.8550724637681157,3.579710144927536,4.782608695652174,3.4927536231884058,2.427536231884058,0.2670807453416149,0.30392156862745096,0.6818840579710146,1.1079710144927537,-0.4260869565217391,-8,0.6154349247874428,0,11,7,2,18,18,7,9,8,24,19,4,A
2025-02-23,Sociedad,Leganes,4,1.6231884057971016,0.2028985507246377,1.7391304347826086,1.173913043478261,0.9710144927536232,25,1.0,-0.5416666666666666,0.8333333333333334,0.9166666666666666,1.4583333333333333,4.181159420289855,2.7916666666666665,3.4927536231884058,4.833333333333333,5.0144927536231885,2.7083333333333335,2.427536231884058,2.2916666666666665,0.2807625649913345,0.3283582089552239,1.1072463768115943,0.5208333333333334,0.586413043478261,21,2.125913043478261,0,3,3,10,14,19,5,4,6,13,21,-2,H
2025-02-24,Sevilla,Mallorca,8,1.3840579710144927,0.036231884057971016,1.5797101449275361,1.2826086956521738,1.2463768115942029,11,1.181159420289855,-0.3695652173913043,0.8235294117647058,0.9347826086956522,1.3043478260869565,4.0144927536231885,3.4057971014492754,4.065217391304348,3.9855072463768115,4.753623188405797,4.159420289855072,3.0144927536231885,2.9420289855072466,0.3194945848375451,0.274468085106383,0.9594202898550726,0.6666666666666667,0.2927536231884058,3,1.4391304347826086,0,8,8,6,21,14,4,4,9,13,23,4,D
2025-02-28,Valladolid,Las Palmas,23,0.873015873015873,-1.1587301587301588,1.2903225806451613,0.7777777777777778,1.9365079365079365,20,1.0,-0.4444444444444444,0.8387096774193549,0.9841269841269841,1.4285714285714286,3.238095238095238,3.5555555555555554,5.412698412698413,4.412698412698413,4.095238095238095,4.126984126984127,2.761904761904762,2.5555555555555554,0.24019607843137256,0.2767857142857143,0.2444444444444444,0.5634920634920635,-0.3190476190476191,-3,0.4338028169014084,0,0,2,20,12,40,1,4,10,19,22,-1,D
2025-03-01,Vallecano,Sevilla,10,1.1798561151079137,-0.26618705035971224,1.434782608695652,1.0071942446043165,1.2733812949640289,8,1.381294964028777,0.03597122302158273,1.1884057971014492,1.2805755395683454,1.2446043165467626,4.028776978417266,4.014388489208633,4.129496402877698,4.0503597122302155,4.856115107913669,4.748201438848921,2.697841726618705,3.0,0.25,0.31899641577060933,0.7115107913669064,0.9575539568345325,-0.24604316546762606,-2,0.7430503380916603,1,9,4,3,25,19,6,7,6,19,12,3,D
2025-03-01,Girona,Celta,14,1.5940594059405941,0.36633663366336633,1.98,1.7326732673267327,1.3663366336633664,12,1.1654676258992807,-0.16546762589928057,0.8695652173913043,1.20863309352518,1.3741007194244603,4.485148514851486,4.093525179856115,4.2772277227722775,3.8633093525179856,4.227722772277228,4.489208633093525,2.287128712871287,2.273381294964029,0.38631346578366443,0.29525483304042177,1.2534653465346535,0.7748201438848922,0.4786452026497613,-2,1.6177500758432388,0,3,4,10,16,28,8,7,6,19,15,-5,D
2025-03-01,Ath Madrid,Ath Bilbao,3,1.9928057553956835,0.8057553956834532,2.3285714285714287,1.776978417266187,0.9712230215827338,5,1.5971223021582734,0.41007194244604317,1.318840579710145,1.4028776978417266,0.9928057553956835,4.899280575539568,4.482014388489208,3.2805755395683454,3.381294964028777,4.906474820143885,5.985611510791367,2.633093525179856,2.237410071942446,0.36270190895741555,0.3130016051364366,1.5935251798561152,1.202158273381295,0.3913669064748202,2,1.3255535607420708,0,9,8,3,20,17,9,13,4,35,16,0,H
2025-03-01,Betis,Real Madrid,7,1.5611510791366907,0.2158273381294964,1.710144927536232,1.3525179856115108,1.1366906474820144,1,2.2517985611510793,1.2949640287769784,2.0428571428571427,2.129496402877698,0.8345323741007195,4.446043165467626,6.438848920863309,3.856115107913669,3.316546762589928,4.784172661870503,5.726618705035971,2.41726618705036,1.8920863309352518,0.3042071197411003,0.3307262569832402,1.1158273381294965,1.940287769784173,-0.8244604316546764,-6,0.575083426028921,0,10,10,6,28,18,8,7,3,31,11,2,H
2025-03-02,Leganes,Getafe,25,0.96,-0.64,1.1666666666666667,0.88,1.52,15,1.1079136690647482,-0.2158273381294964,0.782608695652174,0.935251798561151,1.1510791366906474,2.76,3.5035971223021583,4.84,4.0,2.72,3.568345323741007,2.32,3.4964028776978417,0.3188405797101449,0.2669404517453799,0.46399999999999997,0.6762589928057554,-0.21225899280575544,-10,0.686127659574468,1,2,3,9,12,22,10,7,3,18,19,-8,H
2025-03-02,Barcelona,Sociedad,2,2.158273381294964,1.129496402877698,2.2941176470588234,2.0431654676258995,0.9136690647482014,4,1.6330935251798562,0.22302158273381295,1.5072463768115942,1.1870503597122302,0.9640287769784173,5.589928057553957,4.18705035971223,3.3093525179856114,3.4820143884892087,6.16546762589928,5.0,2.3453237410071943,2.431654676258993,0.3655083655083655,0.28350515463917525,1.8266187050359712,1.120863309352518,0.7057553956834532,2,1.6296534017971758,0,15,15,2,31,12,6,6,9,16,19,9,H
2025-03-02,Mallorca,Alaves,11,1.1798561151079137,-0.3669064748201439,1.5285714285714285,0.935251798561151,1.3021582733812949,18,0.9801980198019802,-0.5445544554455446,0.5882352941176471,0.9405940594059405,1.4851485148514851,3.3956834532374103,3.504950495049505,3.985611510791367,4.118811881188119,4.158273381294964,4.346534653465347,2.9424460431654675,2.4653465346534653,0.2754237288135593,0.268361581920904,0.6669064748201439,0.5148514851485149,0.152054989671629,7,1.2953375760929717,1,5,5,6,13,20,2,4,7,17,14,3,D
2025-03-02,Osasuna,Valencia,9,1.2733812949640289,-0.2517985611510791,1.457142857142857,1.064748201438849,1.316546762589928,14,1.1654676258992807,-0.20863309352517986,0.855072463768116,1.1151079136690647,1.3237410071942446,3.3884892086330933,3.597122302158273,4.136690647482014,4.129496402877698,4.424460431654676,4.762589928057554,2.3741007194244603,2.6115107913669067,0.31422505307855625,0.31,0.7741007194244605,0.7431654676258994,0.030935251798561048,5,1.04162633107454,1,6,5,5,17,23,7,6,12,16,24,-1,D
2025-03-08,Celta,Leganes,12,1.1642857142857144,-0.16428571428571428,1.457142857142857,1.2142857142857142,1.3785714285714286,25,1.0384615384615385,-0.5769230769230769,0.7692307692307693,0.8846153846153846,1.4615384615384615,4.107142857142857,2.6923076923076925,3.8785714285714286,4.653846153846154,4.4714285714285715,2.6923076923076925,2.257142857142857,2.269230769230769,0.2956521739130435,0.32857142857142857,0.7757142857142858,0.5230769230769232,0.2526373626373626,13,1.4829831932773108,0,8,8,7,23,20,4,4,9,11,19,4,H
2025-03-08,Alaves,Villarreal,18,0.9803921568627451,-0.5392156862745098,1.38,0.9411764705882353,1.4803921568627452,6,1.5827338129496402,0.4172661870503597,1.4142857142857144,1.6906474820143884,1.2733812949640289,3.5392156862745097,4.733812949640288,4.117647058823529,4.424460431654676,4.392156862745098,5.071942446043166,2.4607843137254903,2.618705035971223,0.2659279778393352,0.35714285714285715,0.5166666666666666,1.2546762589928058,-0.7380095923261392,-12,0.41179281345565744,0,2,4,7,23,16,11,10,4,22,22,-9,H
2025-03-08,Valencia,Valladolid,13,1.1642857142857144,-0.20714285714285716,1.4714285714285715,1.1285714285714286,1.3357142857142856,23,0.875,-1.140625,0.46875,0.78125,1.921875,3.607142857142857,3.296875,4.135714285714286,5.375,4.75,4.234375,2.6,2.75,0.31287128712871287,0.23696682464454977,0.7457142857142858,0.2515625,0.49415178571428575,10,2.9643300798580303,0,8,8,8,19,18,1,3,18,17,39,7,H
2025-03-09,Real Madrid,Vallecano,1,2.2357142857142858,1.2785714285714285,2.463768115942029,2.1214285714285714,0.8428571428571429,12,1.1785714285714286,-0.2642857142857143,0.9285714285714286,1.0071428571428571,1.2714285714285714,6.4071428571428575,4.057142857142857,3.3142857142857145,4.135714285714286,5.7,4.864285714285714,1.9071428571428573,2.6857142857142855,0.3311036789297659,0.2482394366197183,1.9257142857142857,0.7114285714285714,1.2142857142857144,11,2.7068273092369477,0,5,5,5,29,12,7,3,3,26,19,-2,H
2025-03-09,Ath Bilbao,Mallorca,5,1.5857142857142856,0.4,1.8714285714285714,1.3928571428571428,0.9928571428571429,13,1.1785714285714286,-0.36428571428571427,0.8260869565217391,0.9357142857142857,1.3,4.4714285714285715,3.4,3.3857142857142857,4.007142857142857,5.957142857142857,4.15,2.242857142857143,2.9214285714285713,0.31150159744408945,0.27521008403361347,1.1914285714285713,0.6671428571428573,0.524285714285714,8,1.7858672376873657,0,8,13,5,35,18,6,6,6,14,24,2,D
2025-03-09,Getafe,Ath Madrid,15,1.1,-0.22142857142857142,1.4285714285714286,0.9285714285714286,1.15,3,2.0,0.8071428571428572,1.6521739130434783,1.7714285714285714,0.9642857142857143,3.4785714285714286,4.892857142857143,3.9785714285714286,3.2785714285714285,3.585714285714286,4.914285714285715,3.4785714285714286,2.6285714285714286,0.2669404517453799,0.362043795620438,0.6692857142857144,1.5964285714285715,-0.9271428571428572,-12,0.41923937360178976,0,7,4,4,14,16,11,8,2,16,19,-4,H
2025-03-09,Betis,Las Palmas,7,1.5714285714285714,0.22142857142857142,1.7285714285714286,1.3571428571428572,1.1357142857142857,20,1.0,-0.4375,0.84375,0.984375,1.421875,4.435714285714286,3.546875,3.842857142857143,4.453125,4.814285714285714,4.125,2.4214285714285713,2.546875,0.3059581320450886,0.2775330396475771,1.1235714285714287,0.565625,0.5579464285714286,13,1.9864246250986584,0,10,11,7,28,17,1,4,10,15,25,9,H
2025-03-09,Sociedad,Sevilla,4,1.6214285714285714,0.19285714285714287,1.7571428571428571,1.1785714285714286,0.9857142857142858,8,1.3785714285714286,0.03571428571428571,1.1857142857142857,1.2785714285714285,1.2428571428571429,4.1571428571428575,4.021428571428571,3.5285714285714285,4.078571428571428,4.964285714285714,4.757142857142857,2.4214285714285713,2.9785714285714286,0.28350515463917525,0.31793960923623443,1.1042857142857143,0.9557142857142857,0.14857142857142858,4,1.155455904334828,1,6,6,10,12,25,6,7,6,20,19,0,A
2025-03-10,Espanol,Girona,17,1.0495049504950495,-0.4158415841584158,1.4509803921568627,1.1485148514851484,1.5643564356435644,14,1.588235294117647,0.3627450980392157,1.2156862745098038,1.7352941176470589,1.3725490196078431,3.504950495049505,4.5,4.821782178217822,4.294117647058823,4.326732673267327,4.2254901960784315,2.742574257425743,2.264705882352941,0.327683615819209,0.38562091503267976,0.6297029702970297,1.25,-0.6202970297029703,-3,0.5037623762376238,0,8,5,4,10,23,4,5,10,17,27,4,D
2025-03-14,Las Palmas,Alaves,20,0.9846153846153847,-0.4461538461538462,1.15625,0.9692307692307692,1.4153846153846155,18,1.0,-0.5242718446601942,0.5961538461538461,0.941747572815534,1.4660194174757282,3.5076923076923077,3.533980582524272,4.476923076923077,4.097087378640777,4.076923076923077,4.359223300970874,2.646153846153846,2.4854368932038833,0.27631578947368424,0.2664835164835165,0.5523076923076924,0.5310679611650485,0.02123973114264388,-2,1.0399943749121083,1,1,3,9,14,27,5,5,6,26,14,-4,D
2025-03-15,Valladolid,Celta,23,0.8615384615384616,-1.1384615384615384,1.28125,0.7846153846153846,1.9230769230769231,10,1.177304964539007,-0.15602836879432624,0.8714285714285714,1.2198581560283688,1.375886524822695,3.3076923076923075,4.1063829787234045,5.3538461538461535,3.893617021276596,4.230769230769231,4.453900709219858,2.753846153846154,2.2624113475177303,0.2372093023255814,0.2970639032815199,0.24615384615384622,0.7858156028368795,-0.5396617566830333,-13,0.31324632046653716,0,1,3,15,19,35,11,9,6,25,21,-10,A
2025-03-15,Mallorca,Espanol,12,1.177304964539007,-0.3617021276595745,1.5211267605633803,0.9361702127659575,1.297872340425532,17,1.0490196078431373,-0.4117647058823529,0.64,1.1470588235294117,1.5588235294117647,3.3900709219858154,3.5098039215686274,3.99290780141844,4.813725490196078,4.141843971631205,4.323529411764706,2.921985815602837,2.7450980392156863,0.27615062761506276,0.3268156424581006,0.6673758865248227,0.6303921568627451,0.036983729662077636,5,1.0586678137718806,1,7,7,5,15,21,8,5,4,13,23,-1,H
2025-03-15,Villarreal,Real Madrid,7,1.5714285714285714,0.40714285714285714,1.7536231884057971,1.6785714285714286,1.2714285714285714,1,2.2411347517730498,1.2765957446808511,2.0140845070422535,2.120567375886525,0.8439716312056738,4.714285714285714,6.397163120567376,4.414285714285715,3.3333333333333335,5.078571428571428,5.6879432624113475,2.607142857142857,1.9148936170212767,0.3560606060606061,0.33148558758314856,1.2435714285714285,1.9276595744680851,-0.6840881458966566,-6,0.6451198360138757,0,10,9,4,23,17,8,7,5,27,16,2,A
2025-03-15,Girona,Valencia,14,1.5825242718446602,0.3592233009708738,1.9607843137254901,1.7281553398058251,1.3689320388349515,12,1.177304964539007,-0.19858156028368795,0.8571428571428571,1.1347517730496455,1.3333333333333333,4.495145631067961,3.6099290780141846,4.29126213592233,4.134751773049645,4.271844660194175,4.75177304964539,2.2718446601941746,2.5886524822695036,0.38444924406047515,0.3143418467583497,1.2446601941747573,0.7560283687943262,0.48863182538043104,-2,1.6463141405125776,0,2,4,10,17,29,8,8,8,18,20,-6,D
2025-03-16,Leganes,Betis,25,1.0,-0.5925925925925926,1.3076923076923077,0.8888888888888888,1.4814814814814814,6,1.5815602836879432,0.22695035460992907,1.4142857142857144,1.3546099290780143,1.127659574468085,2.814814814814815,4.446808510638298,4.62962962962963,3.8226950354609928,2.7777777777777777,4.858156028368795,2.259259259259259,2.4184397163120566,0.3157894736842105,0.30462519936204147,0.5,1.1297872340425532,-0.6297872340425532,-19,0.4425612052730697,0,4,5,10,16,20,12,10,5,28,14,-8,A
2025-03-16,Ath Madrid,Barcelona,3,1.9858156028368794,0.7943262411347518,2.3380281690140845,1.7659574468085106,0.9716312056737588,2,2.164285714285714,1.15,2.028169014084507,2.057142857142857,0.9071428571428571,4.872340425531915,5.621428571428571,3.276595744680851,3.2857142857142856,4.907801418439717,6.207142857142857,2.631205673758865,2.3285714285714287,0.3624454148471616,0.36594663278271916,1.5843971631205673,1.8385714285714285,-0.2541742654508612,-1,0.8617544787757554,0,8,7,4,13,21,15,12,1,30,10,-7,A
2025-03-16,Sevilla,Ath Bilbao,8,1.3900709219858156,0.0425531914893617,1.5714285714285714,1.2765957446808511,1.2340425531914894,6,1.5815602836879432,0.3971631205673759,1.3,1.3900709219858156,0.9929078014184397,4.0212765957446805,4.453900709219858,4.0638297872340425,3.375886524822695,4.74468085106383,5.9361702127659575,2.9645390070921986,2.234042553191489,0.31746031746031744,0.31210191082802546,0.9631205673758866,1.1879432624113475,-0.22482269503546093,-2,0.8107462686567165,1,8,8,6,23,20,8,12,4,33,14,0,A
2025-03-16,Vallecano,Sociedad,13,1.1702127659574468,-0.2695035460992908,1.4285714285714286,1.0070921985815602,1.2765957446808511,4,1.6099290780141844,0.18439716312056736,1.4857142857142858,1.1702127659574468,0.9858156028368794,4.070921985815603,4.141843971631205,4.141843971631205,3.5319148936170213,4.872340425531915,4.971631205673759,2.673758865248227,2.4184397163120566,0.24738675958188153,0.2825342465753425,0.7056737588652482,1.0943262411347519,-0.38865248226950366,-9,0.644847699287103,0,4,3,5,29,23,6,5,9,11,25,-2,D
2025-03-16,Osasuna,Getafe,9,1.2714285714285714,-0.25,1.4507042253521127,1.0785714285714285,1.3285714285714285,15,1.1134751773049645,-0.2127659574468085,0.7714285714285715,0.9361702127659575,1.148936170212766,3.4,3.475177304964539,4.142857142857143,3.9645390070921986,4.414285714285715,3.5886524822695036,2.3714285714285714,3.49645390070922,0.3172268907563025,0.2693877551020408,0.7764285714285715,0.6801418439716312,0.09628672745694022,6,1.1415685982422166,1,6,7,7,18,21,9,6,5,16,17,-3,A
2025-03-27,Barcelona,Osasuna,2,2.1702127659574466,1.1560283687943262,2.3043478260869565,2.0709219858156027,0.9148936170212766,9,1.2624113475177305,-0.2553191489361702,1.0869565217391304,1.0780141843971631,1.3333333333333333,5.624113475177305,3.404255319148936,3.276595744680851,4.141843971631205,6.205673758865248,4.404255319148936,2.3333333333333335,2.368794326241135,0.3682219419924338,0.31666666666666665,1.8460992907801417,0.7702127659574468,1.0758865248226948,7,2.396869244935543,0,15,15,3,32,12,3,6,8,18,22,12,H
2025-03-29,Espanol,Ath Madrid,17,1.0388349514563107,-0.4174757281553398,1.4423076923076923,1.145631067961165,1.5631067961165048,3,1.971830985915493,0.7746478873239436,1.6285714285714286,1.767605633802817,0.9929577464788732,3.4757281553398056,4.852112676056338,4.834951456310679,3.295774647887324,4.300970873786408,4.915492957746479,2.737864077669903,2.619718309859155,0.329608938547486,0.36429608127721336,0.6233009708737864,1.5718309859154929,-0.9485300150417064,-14,0.39654452448063476,0,5,5,6,11,23,7,8,7,14,18,-2,D
2025-03-29,Sociedad,Valladolid,4,1.6056338028169015,0.18309859154929578,1.732394366197183,1.176056338028169,0.9929577464788732,23,0.8484848484848485,-1.1363636363636365,0.45454545454545453,0.7727272727272727,1.9090909090909092,4.140845070422535,3.287878787878788,3.5422535211267605,5.287878787878788,4.964788732394366,4.212121212121212,2.415492957746479,2.757575757575758,0.28401360544217685,0.2350230414746544,1.0929577464788733,0.23787878787878786,0.8550789586000855,19,4.594599443796538,0,4,5,10,12,29,1,3,15,18,30,3,H
2025-03-29,Real Madrid,Leganes,1,2.2464788732394365,1.2746478873239437,2.4714285714285715,2.119718309859155,0.8450704225352113,25,0.9642857142857143,-0.6071428571428571,0.7142857142857143,0.9285714285714286,1.5357142857142858,6.387323943661972,2.857142857142857,3.380281690140845,4.678571428571429,5.676056338028169,2.7857142857142856,1.908450704225352,2.25,0.3318632855567806,0.325,1.9295774647887325,0.48571428571428577,1.4438631790744467,24,3.972659486329743,0,10,8,5,23,25,4,7,11,16,22,6,H
2025-03-29,Alaves,Vallecano,18,1.0,-0.5192307692307693,1.411764705882353,0.9519230769230769,1.4711538461538463,13,1.1690140845070423,-0.2676056338028169,0.9154929577464789,1.0140845070422535,1.2816901408450705,3.5288461538461537,4.077464788732394,4.125,4.140845070422535,4.365384615384615,4.866197183098592,2.5096153846153846,2.676056338028169,0.26975476839237056,0.24870466321243523,0.5346153846153846,0.7070422535211267,-0.1724268689057421,-5,0.7561293288384923,1,6,7,7,25,18,2,4,7,28,24,4,A
2025-03-30,Getafe,Villarreal,15,1.1267605633802817,-0.20422535211267606,1.4507042253521127,0.9436619718309859,1.147887323943662,7,1.5602836879432624,0.3971631205673759,1.3943661971830985,1.673758865248227,1.2765957446808511,3.4788732394366195,4.75177304964539,3.964788732394366,4.418439716312057,3.5774647887323945,5.120567375886525,3.5,2.602836879432624,0.27125506072874495,0.3522388059701492,0.6908450704225352,1.2340425531914894,-0.5431974827689542,-8,0.5598227294803302,0,9,7,6,17,17,7,5,5,25,20,2,A
2025-03-30,Barcelona,Girona,2,2.176056338028169,1.1690140845070423,2.3142857142857145,2.0774647887323945,0.9084507042253521,14,1.5769230769230769,0.3557692307692308,1.2115384615384615,1.7211538461538463,1.3653846153846154,5.619718309859155,4.490384615384615,3.2535211267605635,4.269230769230769,6.21830985915493,4.3173076923076925,2.323943661971831,2.269230769230769,0.36967418546365916,0.38329764453961457,1.8542253521126761,1.239423076923077,0.6148022751895992,12,1.4960390738535168,0,15,14,2,31,8,3,5,8,20,23,12,H
2025-03-30,Ath Bilbao,Osasuna,5,1.591549295774648,0.4014084507042254,1.8591549295774648,1.3873239436619718,0.9859154929577465,9,1.2535211267605635,-0.2746478873239437,1.0714285714285714,1.0704225352112675,1.3450704225352113,4.450704225352113,3.380281690140845,3.380281690140845,4.147887323943662,5.936619718309859,4.401408450704225,2.232394366197183,2.3732394366197185,0.31170886075949367,0.31666666666666665,1.193661971830986,0.7584507042253521,0.4352112676056339,4,1.5738161559888582,0,8,10,4,29,17,2,5,10,14,25,6,D
2025-03-30,Valencia,Mallorca,13,1.176056338028169,-0.19718309859154928,1.4929577464788732,1.1338028169014085,1.3309859154929577,12,1.1901408450704225,-0.352112676056338,0.8285714285714286,0.9436619718309859,1.295774647887324,3.5985915492957745,3.415492957746479,4.133802816901408,3.964788732394366,4.746478873239437,4.154929577464789,2.5774647887323945,2.9014084507042255,0.3150684931506849,0.27628865979381445,0.7556338028169014,0.678169014084507,0.07746478873239437,-1,1.1142263759086188,1,6,7,9,16,20,9,8,5,20,17,-3,H
2025-03-30,Betis,Sevilla,6,1.591549295774648,0.2323943661971831,1.7464788732394365,1.3661971830985915,1.1338028169014085,8,1.380281690140845,0.035211267605633804,1.2112676056338028,1.267605633802817,1.232394366197183,4.457746478873239,4.02112676056338,3.823943661971831,4.063380281690141,4.873239436619718,4.73943661971831,2.408450704225352,2.971830985915493,0.30647709320695105,0.31523642732049034,1.1387323943661973,0.954225352112676,0.18450704225352133,2,1.193357933579336,1,15,11,4,29,12,8,7,3,23,18,7,H
2025-03-31,Celta,Las Palmas,11,1.1901408450704225,-0.14788732394366197,1.4788732394366197,1.2183098591549295,1.3661971830985915,20,0.9848484848484849,-0.4393939393939394,0.8181818181818182,0.9848484848484849,1.4242424242424243,4.084507042253521,3.5606060606060606,3.880281690140845,4.454545454545454,4.450704225352113,4.075757575757576,2.267605633802817,2.6818181818181817,0.2982758620689655,0.2765957446808511,0.7943661971830985,0.5575757575757576,0.23679043960734092,9,1.4246785058175135,1,11,7,4,20,18,2,4,9,17,26,9,D
2025-04-04,Vallecano,Espanol,12,1.1818181818181819,-0.2517482517482518,1.4225352112676057,1.020979020979021,1.2727272727272727,17,1.0384615384615385,-0.41346153846153844,0.6274509803921569,1.1442307692307692,1.5576923076923077,4.083916083916084,3.451923076923077,4.13986013986014,4.8076923076923075,4.8671328671328675,4.298076923076923,2.6923076923076925,2.730769230769231,0.25,0.33147632311977715,0.7195804195804196,0.6240384615384615,0.09554195804195809,5,1.1531026754447402,1,5,6,6,29,23,6,5,5,11,22,-1,A
